R_bohr,gen1_iterations,gen2_iterations,gen1_objective_evaluations,gen2_objective_evaluations,gen1_wall_ns,gen2_wall_ns,gen1_variance,gen2_variance,gen1_energy,gen2_energy
0.8,121,120,1321,121,12999677042,2013108750,0.05100072048896994,0.03388445293478248,-1.011814784282255,-1.015597468283322
1.0,121,120,1321,121,15160272167,1870005334,0.1262303253824847,0.03054311737626747,-1.106532268020690,-1.119814494932964
1.2,121,120,1321,121,13383581000,1257550750,0.1141997095278766,0.02616898634847020,-1.149208144870668,-1.160154768516396
1.4,20,120,221,121,1969755125,1272024000,0.07193203570222247,0.02193293162153276,-1.161949721967364,-1.169686070107188
1.6,23,120,254,121,4597255000,1997123542,0.04631798570317419,0.01853471301844978,-1.158841692242479,-1.163763989814331
2.0,25,88,276,89,3024613958,891514250,0.02275027499243784,0.01379151508057175,-1.130517893330046,-1.132583334422156
3.0,36,120,397,121,4353769750,1194563458,0.009425065356602588,0.006581676674501824,-1.049682953353673,-1.051479451366379
4.0,35,120,386,121,3727205917,1833446333,0.004329636723554304,0.002296706368870138,-1.011925906444771,-1.013657205088644
6.0,19,120,210,121,2499247375,1229496959,0.002665717625929002,0.0005616646837862671,-0.9987629241507570,-1.000302745209590
