candidate,axis,angle_degrees,qm_relative_kcal_mol,c1_mm_relative_kcal_mol,c3_mm_relative_kcal_mol,direct_new_term_on_c1_geometry,c3_relaxed_geometry_persisted,delta_bond,delta_angle,delta_dihedral,delta_vdw,delta_elec,delta_vdw_14,delta_elec_14,relative_profile_response,direct_fixed_geometry_effect,relaxation_mediated_effect
C3B_PHI_N3,CHI,-180,1.8361875979134048,0.9600038671345033,0.8669791607445632,9.091854581300177,False,NOT_AVAILABLE_C3_AUTHORITATIVE_COORDINATES_NOT_PERSISTED,NOT_AVAILABLE_C3_AUTHORITATIVE_COORDINATES_NOT_PERSISTED,NOT_AVAILABLE_C3_AUTHORITATIVE_COORDINATES_NOT_PERSISTED,NOT_AVAILABLE_C3_AUTHORITATIVE_COORDINATES_NOT_PERSISTED,NOT_AVAILABLE_C3_AUTHORITATIVE_COORDINATES_NOT_PERSISTED,NOT_AVAILABLE_C3_AUTHORITATIVE_COORDINATES_NOT_PERSISTED,NOT_AVAILABLE_C3_AUTHORITATIVE_COORDINATES_NOT_PERSISTED,-0.09302470638994009,-0.1840851334397744,0.0910604270498343
C3B_PHI_N3,CHI,-165,1.4130028718141248,1.1985021055187417,1.0272194021373906,9.004831100541637,False,NOT_AVAILABLE_C3_AUTHORITATIVE_COORDINATES_NOT_PERSISTED,NOT_AVAILABLE_C3_AUTHORITATIVE_COORDINATES_NOT_PERSISTED,NOT_AVAILABLE_C3_AUTHORITATIVE_COORDINATES_NOT_PERSISTED,NOT_AVAILABLE_C3_AUTHORITATIVE_COORDINATES_NOT_PERSISTED,NOT_AVAILABLE_C3_AUTHORITATIVE_COORDINATES_NOT_PERSISTED,NOT_AVAILABLE_C3_AUTHORITATIVE_COORDINATES_NOT_PERSISTED,NOT_AVAILABLE_C3_AUTHORITATIVE_COORDINATES_NOT_PERSISTED,-0.1712827033813511,-0.2711086141983152,0.09982591081696413
C3B_PHI_N3,CHI,-150,1.3982414847839755,1.9597226764204123,1.7410393811616274,8.96558366784248,False,NOT_AVAILABLE_C3_AUTHORITATIVE_COORDINATES_NOT_PERSISTED,NOT_AVAILABLE_C3_AUTHORITATIVE_COORDINATES_NOT_PERSISTED,NOT_AVAILABLE_C3_AUTHORITATIVE_COORDINATES_NOT_PERSISTED,NOT_AVAILABLE_C3_AUTHORITATIVE_COORDINATES_NOT_PERSISTED,NOT_AVAILABLE_C3_AUTHORITATIVE_COORDINATES_NOT_PERSISTED,NOT_AVAILABLE_C3_AUTHORITATIVE_COORDINATES_NOT_PERSISTED,NOT_AVAILABLE_C3_AUTHORITATIVE_COORDINATES_NOT_PERSISTED,-0.21868329525878494,-0.3103560468974713,0.09167275163868638
C3B_PHI_N3,CHI,-135,1.7201805587324959,2.791029821077842,2.597156330090286,9.02015764902296,False,NOT_AVAILABLE_C3_AUTHORITATIVE_COORDINATES_NOT_PERSISTED,NOT_AVAILABLE_C3_AUTHORITATIVE_COORDINATES_NOT_PERSISTED,NOT_AVAILABLE_C3_AUTHORITATIVE_COORDINATES_NOT_PERSISTED,NOT_AVAILABLE_C3_AUTHORITATIVE_COORDINATES_NOT_PERSISTED,NOT_AVAILABLE_C3_AUTHORITATIVE_COORDINATES_NOT_PERSISTED,NOT_AVAILABLE_C3_AUTHORITATIVE_COORDINATES_NOT_PERSISTED,NOT_AVAILABLE_C3_AUTHORITATIVE_COORDINATES_NOT_PERSISTED,-0.19387349098755635,-0.2557820657169927,0.06190857472943634
C3B_PHI_N3,CHI,-120,2.1004462123625456,3.147769976801605,3.062034938905967,9.173066481805167,False,NOT_AVAILABLE_C3_AUTHORITATIVE_COORDINATES_NOT_PERSISTED,NOT_AVAILABLE_C3_AUTHORITATIVE_COORDINATES_NOT_PERSISTED,NOT_AVAILABLE_C3_AUTHORITATIVE_COORDINATES_NOT_PERSISTED,NOT_AVAILABLE_C3_AUTHORITATIVE_COORDINATES_NOT_PERSISTED,NOT_AVAILABLE_C3_AUTHORITATIVE_COORDINATES_NOT_PERSISTED,NOT_AVAILABLE_C3_AUTHORITATIVE_COORDINATES_NOT_PERSISTED,NOT_AVAILABLE_C3_AUTHORITATIVE_COORDINATES_NOT_PERSISTED,-0.0857350378956383,-0.10287323293478501,0.01713819503914671
C3B_PHI_N3,CHI,-105,2.282405294363951,2.6993826727300387,2.755725902180174,9.331274148260709,False,NOT_AVAILABLE_C3_AUTHORITATIVE_COORDINATES_NOT_PERSISTED,NOT_AVAILABLE_C3_AUTHORITATIVE_COORDINATES_NOT_PERSISTED,NOT_AVAILABLE_C3_AUTHORITATIVE_COORDINATES_NOT_PERSISTED,NOT_AVAILABLE_C3_AUTHORITATIVE_COORDINATES_NOT_PERSISTED,NOT_AVAILABLE_C3_AUTHORITATIVE_COORDINATES_NOT_PERSISTED,NOT_AVAILABLE_C3_AUTHORITATIVE_COORDINATES_NOT_PERSISTED,NOT_AVAILABLE_C3_AUTHORITATIVE_COORDINATES_NOT_PERSISTED,0.05634322945013537,0.05533443352075729,0.0010087959293780813
C3B_PHI_N3,CHI,-90,2.191846518770847,1.7150916271229733,1.860946084805562,9.429628216492999,False,NOT_AVAILABLE_C3_AUTHORITATIVE_COORDINATES_NOT_PERSISTED,NOT_AVAILABLE_C3_AUTHORITATIVE_COORDINATES_NOT_PERSISTED,NOT_AVAILABLE_C3_AUTHORITATIVE_COORDINATES_NOT_PERSISTED,NOT_AVAILABLE_C3_AUTHORITATIVE_COORDINATES_NOT_PERSISTED,NOT_AVAILABLE_C3_AUTHORITATIVE_COORDINATES_NOT_PERSISTED,NOT_AVAILABLE_C3_AUTHORITATIVE_COORDINATES_NOT_PERSISTED,NOT_AVAILABLE_C3_AUTHORITATIVE_COORDINATES_NOT_PERSISTED,0.14585445768258865,0.15368850175304694,-0.00783404407045829
C3B_PHI_N3,CHI,-75,1.9493375527533943,0.7280487456448412,0.8925231437568044,9.451652200243334,False,NOT_AVAILABLE_C3_AUTHORITATIVE_COORDINATES_NOT_PERSISTED,NOT_AVAILABLE_C3_AUTHORITATIVE_COORDINATES_NOT_PERSISTED,NOT_AVAILABLE_C3_AUTHORITATIVE_COORDINATES_NOT_PERSISTED,NOT_AVAILABLE_C3_AUTHORITATIVE_COORDINATES_NOT_PERSISTED,NOT_AVAILABLE_C3_AUTHORITATIVE_COORDINATES_NOT_PERSISTED,NOT_AVAILABLE_C3_AUTHORITATIVE_COORDINATES_NOT_PERSISTED,NOT_AVAILABLE_C3_AUTHORITATIVE_COORDINATES_NOT_PERSISTED,0.16447439811196318,0.17571248550338225,-0.011238087391419072
C3B_PHI_N3,CHI,-60,1.7582771045303314,0.22136551506014257,0.36346436642188706,9.430137386952413,False,NOT_AVAILABLE_C3_AUTHORITATIVE_COORDINATES_NOT_PERSISTED,NOT_AVAILABLE_C3_AUTHORITATIVE_COORDINATES_NOT_PERSISTED,NOT_AVAILABLE_C3_AUTHORITATIVE_COORDINATES_NOT_PERSISTED,NOT_AVAILABLE_C3_AUTHORITATIVE_COORDINATES_NOT_PERSISTED,NOT_AVAILABLE_C3_AUTHORITATIVE_COORDINATES_NOT_PERSISTED,NOT_AVAILABLE_C3_AUTHORITATIVE_COORDINATES_NOT_PERSISTED,NOT_AVAILABLE_C3_AUTHORITATIVE_COORDINATES_NOT_PERSISTED,0.1420988513617445,0.1541976722124616,-0.012098820850717118
C3B_PHI_N3,CHI,-45,1.7517423921353694,0.35089777339362627,0.48446943056538316,9.41812176232755,False,NOT_AVAILABLE_C3_AUTHORITATIVE_COORDINATES_NOT_PERSISTED,NOT_AVAILABLE_C3_AUTHORITATIVE_COORDINATES_NOT_PERSISTED,NOT_AVAILABLE_C3_AUTHORITATIVE_COORDINATES_NOT_PERSISTED,NOT_AVAILABLE_C3_AUTHORITATIVE_COORDINATES_NOT_PERSISTED,NOT_AVAILABLE_C3_AUTHORITATIVE_COORDINATES_NOT_PERSISTED,NOT_AVAILABLE_C3_AUTHORITATIVE_COORDINATES_NOT_PERSISTED,NOT_AVAILABLE_C3_AUTHORITATIVE_COORDINATES_NOT_PERSISTED,0.1335716571717569,0.1421820475875979,-0.008610390415840996
C3B_PHI_N3,CHI,-30,1.8731815879809242,0.9701925301257859,1.1571202910664056,9.45661088420824,False,NOT_AVAILABLE_C3_AUTHORITATIVE_COORDINATES_NOT_PERSISTED,NOT_AVAILABLE_C3_AUTHORITATIVE_COORDINATES_NOT_PERSISTED,NOT_AVAILABLE_C3_AUTHORITATIVE_COORDINATES_NOT_PERSISTED,NOT_AVAILABLE_C3_AUTHORITATIVE_COORDINATES_NOT_PERSISTED,NOT_AVAILABLE_C3_AUTHORITATIVE_COORDINATES_NOT_PERSISTED,NOT_AVAILABLE_C3_AUTHORITATIVE_COORDINATES_NOT_PERSISTED,NOT_AVAILABLE_C3_AUTHORITATIVE_COORDINATES_NOT_PERSISTED,0.1869277609406197,0.18067116946828854,0.006256591472331152
C3B_PHI_N3,CHI,-15,1.8830474967830666,1.6361622554444182,1.9498309959777913,9.555173037351588,False,NOT_AVAILABLE_C3_AUTHORITATIVE_COORDINATES_NOT_PERSISTED,NOT_AVAILABLE_C3_AUTHORITATIVE_COORDINATES_NOT_PERSISTED,NOT_AVAILABLE_C3_AUTHORITATIVE_COORDINATES_NOT_PERSISTED,NOT_AVAILABLE_C3_AUTHORITATIVE_COORDINATES_NOT_PERSISTED,NOT_AVAILABLE_C3_AUTHORITATIVE_COORDINATES_NOT_PERSISTED,NOT_AVAILABLE_C3_AUTHORITATIVE_COORDINATES_NOT_PERSISTED,NOT_AVAILABLE_C3_AUTHORITATIVE_COORDINATES_NOT_PERSISTED,0.3136687405333731,0.2792333226116366,0.034435417921736544
C3B_PHI_N3,CHI,0,1.53761834092137,1.8478576779244804,2.30850194566915,9.664208785908068,False,NOT_AVAILABLE_C3_AUTHORITATIVE_COORDINATES_NOT_PERSISTED,NOT_AVAILABLE_C3_AUTHORITATIVE_COORDINATES_NOT_PERSISTED,NOT_AVAILABLE_C3_AUTHORITATIVE_COORDINATES_NOT_PERSISTED,NOT_AVAILABLE_C3_AUTHORITATIVE_COORDINATES_NOT_PERSISTED,NOT_AVAILABLE_C3_AUTHORITATIVE_COORDINATES_NOT_PERSISTED,NOT_AVAILABLE_C3_AUTHORITATIVE_COORDINATES_NOT_PERSISTED,NOT_AVAILABLE_C3_AUTHORITATIVE_COORDINATES_NOT_PERSISTED,0.4606442677446694,0.38826907116811604,0.07237519657655334
C3B_PHI_N3,CHI,15,0.8500053424677801,1.4154931394706267,1.9238854988519307,9.65860193724583,False,NOT_AVAILABLE_C3_AUTHORITATIVE_COORDINATES_NOT_PERSISTED,NOT_AVAILABLE_C3_AUTHORITATIVE_COORDINATES_NOT_PERSISTED,NOT_AVAILABLE_C3_AUTHORITATIVE_COORDINATES_NOT_PERSISTED,NOT_AVAILABLE_C3_AUTHORITATIVE_COORDINATES_NOT_PERSISTED,NOT_AVAILABLE_C3_AUTHORITATIVE_COORDINATES_NOT_PERSISTED,NOT_AVAILABLE_C3_AUTHORITATIVE_COORDINATES_NOT_PERSISTED,NOT_AVAILABLE_C3_AUTHORITATIVE_COORDINATES_NOT_PERSISTED,0.508392359381304,0.38266222250587845,0.12573013687542556
C3B_PHI_N3,CHI,30,0.1979165005694423,0.6669545439352547,1.0814485714646906,9.50859314682876,False,NOT_AVAILABLE_C3_AUTHORITATIVE_COORDINATES_NOT_PERSISTED,NOT_AVAILABLE_C3_AUTHORITATIVE_COORDINATES_NOT_PERSISTED,NOT_AVAILABLE_C3_AUTHORITATIVE_COORDINATES_NOT_PERSISTED,NOT_AVAILABLE_C3_AUTHORITATIVE_COORDINATES_NOT_PERSISTED,NOT_AVAILABLE_C3_AUTHORITATIVE_COORDINATES_NOT_PERSISTED,NOT_AVAILABLE_C3_AUTHORITATIVE_COORDINATES_NOT_PERSISTED,NOT_AVAILABLE_C3_AUTHORITATIVE_COORDINATES_NOT_PERSISTED,0.414494027529436,0.2326534320888083,0.1818405954406277
C3B_PHI_N3,CHI,45,0.0,0.07355587384662954,0.2897275426800121,9.275939714739952,False,NOT_AVAILABLE_C3_AUTHORITATIVE_COORDINATES_NOT_PERSISTED,NOT_AVAILABLE_C3_AUTHORITATIVE_COORDINATES_NOT_PERSISTED,NOT_AVAILABLE_C3_AUTHORITATIVE_COORDINATES_NOT_PERSISTED,NOT_AVAILABLE_C3_AUTHORITATIVE_COORDINATES_NOT_PERSISTED,NOT_AVAILABLE_C3_AUTHORITATIVE_COORDINATES_NOT_PERSISTED,NOT_AVAILABLE_C3_AUTHORITATIVE_COORDINATES_NOT_PERSISTED,NOT_AVAILABLE_C3_AUTHORITATIVE_COORDINATES_NOT_PERSISTED,0.21617166883338257,0.0,0.21617166883338257
C3B_PHI_N3,CHI,60,0.32618472333560894,0.0,0.0,9.039087364934845,False,NOT_AVAILABLE_C3_AUTHORITATIVE_COORDINATES_NOT_PERSISTED,NOT_AVAILABLE_C3_AUTHORITATIVE_COORDINATES_NOT_PERSISTED,NOT_AVAILABLE_C3_AUTHORITATIVE_COORDINATES_NOT_PERSISTED,NOT_AVAILABLE_C3_AUTHORITATIVE_COORDINATES_NOT_PERSISTED,NOT_AVAILABLE_C3_AUTHORITATIVE_COORDINATES_NOT_PERSISTED,NOT_AVAILABLE_C3_AUTHORITATIVE_COORDINATES_NOT_PERSISTED,NOT_AVAILABLE_C3_AUTHORITATIVE_COORDINATES_NOT_PERSISTED,0.0,-0.2368523498051065,0.2368523498051065
C3B_PHI_N3,CHI,75,1.0408015037026501,0.5731401091874204,0.3612939417901089,8.800493063655507,False,NOT_AVAILABLE_C3_AUTHORITATIVE_COORDINATES_NOT_PERSISTED,NOT_AVAILABLE_C3_AUTHORITATIVE_COORDINATES_NOT_PERSISTED,NOT_AVAILABLE_C3_AUTHORITATIVE_COORDINATES_NOT_PERSISTED,NOT_AVAILABLE_C3_AUTHORITATIVE_COORDINATES_NOT_PERSISTED,NOT_AVAILABLE_C3_AUTHORITATIVE_COORDINATES_NOT_PERSISTED,NOT_AVAILABLE_C3_AUTHORITATIVE_COORDINATES_NOT_PERSISTED,NOT_AVAILABLE_C3_AUTHORITATIVE_COORDINATES_NOT_PERSISTED,-0.21184616739731155,-0.47544665108444484,0.2636004836871333
C3B_PHI_N3,CHI,90,2.0223598887749024,1.698455552272378,1.2889723717968735,8.642418527319323,False,NOT_AVAILABLE_C3_AUTHORITATIVE_COORDINATES_NOT_PERSISTED,NOT_AVAILABLE_C3_AUTHORITATIVE_COORDINATES_NOT_PERSISTED,NOT_AVAILABLE_C3_AUTHORITATIVE_COORDINATES_NOT_PERSISTED,NOT_AVAILABLE_C3_AUTHORITATIVE_COORDINATES_NOT_PERSISTED,NOT_AVAILABLE_C3_AUTHORITATIVE_COORDINATES_NOT_PERSISTED,NOT_AVAILABLE_C3_AUTHORITATIVE_COORDINATES_NOT_PERSISTED,NOT_AVAILABLE_C3_AUTHORITATIVE_COORDINATES_NOT_PERSISTED,-0.4094831804755046,-0.6335211874206284,0.22403800694512377
C3B_PHI_N3,CHI,105,3.0480034924252344,2.717053022660977,2.3613350819321255,8.688881170554746,False,NOT_AVAILABLE_C3_AUTHORITATIVE_COORDINATES_NOT_PERSISTED,NOT_AVAILABLE_C3_AUTHORITATIVE_COORDINATES_NOT_PERSISTED,NOT_AVAILABLE_C3_AUTHORITATIVE_COORDINATES_NOT_PERSISTED,NOT_AVAILABLE_C3_AUTHORITATIVE_COORDINATES_NOT_PERSISTED,NOT_AVAILABLE_C3_AUTHORITATIVE_COORDINATES_NOT_PERSISTED,NOT_AVAILABLE_C3_AUTHORITATIVE_COORDINATES_NOT_PERSISTED,NOT_AVAILABLE_C3_AUTHORITATIVE_COORDINATES_NOT_PERSISTED,-0.35571794072885154,-0.5870585441852061,0.23134060345635454
C3B_PHI_N3,CHI,120,3.7373350122694022,3.2875621782041122,3.067319859016834,8.895176035390115,False,NOT_AVAILABLE_C3_AUTHORITATIVE_COORDINATES_NOT_PERSISTED,NOT_AVAILABLE_C3_AUTHORITATIVE_COORDINATES_NOT_PERSISTED,NOT_AVAILABLE_C3_AUTHORITATIVE_COORDINATES_NOT_PERSISTED,NOT_AVAILABLE_C3_AUTHORITATIVE_COORDINATES_NOT_PERSISTED,NOT_AVAILABLE_C3_AUTHORITATIVE_COORDINATES_NOT_PERSISTED,NOT_AVAILABLE_C3_AUTHORITATIVE_COORDINATES_NOT_PERSISTED,NOT_AVAILABLE_C3_AUTHORITATIVE_COORDINATES_NOT_PERSISTED,-0.2202423191872782,-0.3807636793498368,0.16052136016255858
C3B_PHI_N3,CHI,135,3.8030037733710786,3.0811260438902153,3.0867505845151726,9.140171500241834,False,NOT_AVAILABLE_C3_AUTHORITATIVE_COORDINATES_NOT_PERSISTED,NOT_AVAILABLE_C3_AUTHORITATIVE_COORDINATES_NOT_PERSISTED,NOT_AVAILABLE_C3_AUTHORITATIVE_COORDINATES_NOT_PERSISTED,NOT_AVAILABLE_C3_AUTHORITATIVE_COORDINATES_NOT_PERSISTED,NOT_AVAILABLE_C3_AUTHORITATIVE_COORDINATES_NOT_PERSISTED,NOT_AVAILABLE_C3_AUTHORITATIVE_COORDINATES_NOT_PERSISTED,NOT_AVAILABLE_C3_AUTHORITATIVE_COORDINATES_NOT_PERSISTED,0.005624540624957319,-0.1357682144981176,0.14139275512307492
C3B_PHI_N3,CHI,150,3.292878201783699,2.281691567403115,2.369310463496433,9.25211588821459,False,NOT_AVAILABLE_C3_AUTHORITATIVE_COORDINATES_NOT_PERSISTED,NOT_AVAILABLE_C3_AUTHORITATIVE_COORDINATES_NOT_PERSISTED,NOT_AVAILABLE_C3_AUTHORITATIVE_COORDINATES_NOT_PERSISTED,NOT_AVAILABLE_C3_AUTHORITATIVE_COORDINATES_NOT_PERSISTED,NOT_AVAILABLE_C3_AUTHORITATIVE_COORDINATES_NOT_PERSISTED,NOT_AVAILABLE_C3_AUTHORITATIVE_COORDINATES_NOT_PERSISTED,NOT_AVAILABLE_C3_AUTHORITATIVE_COORDINATES_NOT_PERSISTED,0.08761889609331774,-0.02382382652536208,0.11144272261867982
C3B_PHI_N3,CHI,165,2.5316328285396272,1.3811964576913525,1.3881622713405761,9.199499461071529,False,NOT_AVAILABLE_C3_AUTHORITATIVE_COORDINATES_NOT_PERSISTED,NOT_AVAILABLE_C3_AUTHORITATIVE_COORDINATES_NOT_PERSISTED,NOT_AVAILABLE_C3_AUTHORITATIVE_COORDINATES_NOT_PERSISTED,NOT_AVAILABLE_C3_AUTHORITATIVE_COORDINATES_NOT_PERSISTED,NOT_AVAILABLE_C3_AUTHORITATIVE_COORDINATES_NOT_PERSISTED,NOT_AVAILABLE_C3_AUTHORITATIVE_COORDINATES_NOT_PERSISTED,NOT_AVAILABLE_C3_AUTHORITATIVE_COORDINATES_NOT_PERSISTED,0.006965813649223662,-0.076440253668423,0.08340606731764666
C3B_PHI_N3,PHI,-180,12.297421019351964,14.113844660547272,21.90767581465623,13.22912498539099,False,NOT_AVAILABLE_C3_AUTHORITATIVE_COORDINATES_NOT_PERSISTED,NOT_AVAILABLE_C3_AUTHORITATIVE_COORDINATES_NOT_PERSISTED,NOT_AVAILABLE_C3_AUTHORITATIVE_COORDINATES_NOT_PERSISTED,NOT_AVAILABLE_C3_AUTHORITATIVE_COORDINATES_NOT_PERSISTED,NOT_AVAILABLE_C3_AUTHORITATIVE_COORDINATES_NOT_PERSISTED,NOT_AVAILABLE_C3_AUTHORITATIVE_COORDINATES_NOT_PERSISTED,NOT_AVAILABLE_C3_AUTHORITATIVE_COORDINATES_NOT_PERSISTED,7.7938311541089575,5.958962557138869,1.8348685969700886
C3B_PHI_N3,PHI,-165,12.017065696114134,13.576862767954907,23.31188632449482,14.40719497519772,False,NOT_AVAILABLE_C3_AUTHORITATIVE_COORDINATES_NOT_PERSISTED,NOT_AVAILABLE_C3_AUTHORITATIVE_COORDINATES_NOT_PERSISTED,NOT_AVAILABLE_C3_AUTHORITATIVE_COORDINATES_NOT_PERSISTED,NOT_AVAILABLE_C3_AUTHORITATIVE_COORDINATES_NOT_PERSISTED,NOT_AVAILABLE_C3_AUTHORITATIVE_COORDINATES_NOT_PERSISTED,NOT_AVAILABLE_C3_AUTHORITATIVE_COORDINATES_NOT_PERSISTED,NOT_AVAILABLE_C3_AUTHORITATIVE_COORDINATES_NOT_PERSISTED,9.735023556539915,7.137032546945599,2.597991009594316
C3B_PHI_N3,PHI,-150,12.14534987811232,13.21439256251152,18.615052263811094,11.686340676453536,False,NOT_AVAILABLE_C3_AUTHORITATIVE_COORDINATES_NOT_PERSISTED,NOT_AVAILABLE_C3_AUTHORITATIVE_COORDINATES_NOT_PERSISTED,NOT_AVAILABLE_C3_AUTHORITATIVE_COORDINATES_NOT_PERSISTED,NOT_AVAILABLE_C3_AUTHORITATIVE_COORDINATES_NOT_PERSISTED,NOT_AVAILABLE_C3_AUTHORITATIVE_COORDINATES_NOT_PERSISTED,NOT_AVAILABLE_C3_AUTHORITATIVE_COORDINATES_NOT_PERSISTED,NOT_AVAILABLE_C3_AUTHORITATIVE_COORDINATES_NOT_PERSISTED,5.400659701299574,4.4161782482014145,0.9844814530981596
C3B_PHI_N3,PHI,-135,12.088672339648122,12.210367877382026,12.104441428086886,6.121894736059495,False,NOT_AVAILABLE_C3_AUTHORITATIVE_COORDINATES_NOT_PERSISTED,NOT_AVAILABLE_C3_AUTHORITATIVE_COORDINATES_NOT_PERSISTED,NOT_AVAILABLE_C3_AUTHORITATIVE_COORDINATES_NOT_PERSISTED,NOT_AVAILABLE_C3_AUTHORITATIVE_COORDINATES_NOT_PERSISTED,NOT_AVAILABLE_C3_AUTHORITATIVE_COORDINATES_NOT_PERSISTED,NOT_AVAILABLE_C3_AUTHORITATIVE_COORDINATES_NOT_PERSISTED,NOT_AVAILABLE_C3_AUTHORITATIVE_COORDINATES_NOT_PERSISTED,-0.10592644929513995,-1.1482676921926265,1.0423412428974865
C3B_PHI_N3,PHI,-120,9.406090467076242,9.653342055627007,6.073274679560171,1.2927188782418029,False,NOT_AVAILABLE_C3_AUTHORITATIVE_COORDINATES_NOT_PERSISTED,NOT_AVAILABLE_C3_AUTHORITATIVE_COORDINATES_NOT_PERSISTED,NOT_AVAILABLE_C3_AUTHORITATIVE_COORDINATES_NOT_PERSISTED,NOT_AVAILABLE_C3_AUTHORITATIVE_COORDINATES_NOT_PERSISTED,NOT_AVAILABLE_C3_AUTHORITATIVE_COORDINATES_NOT_PERSISTED,NOT_AVAILABLE_C3_AUTHORITATIVE_COORDINATES_NOT_PERSISTED,NOT_AVAILABLE_C3_AUTHORITATIVE_COORDINATES_NOT_PERSISTED,-3.580067376066836,-5.977443550010319,2.397376173943483
C3B_PHI_N3,PHI,-105,5.389702277432289,5.933403152837386,1.7609047404391163,0.6087400808121299,False,NOT_AVAILABLE_C3_AUTHORITATIVE_COORDINATES_NOT_PERSISTED,NOT_AVAILABLE_C3_AUTHORITATIVE_COORDINATES_NOT_PERSISTED,NOT_AVAILABLE_C3_AUTHORITATIVE_COORDINATES_NOT_PERSISTED,NOT_AVAILABLE_C3_AUTHORITATIVE_COORDINATES_NOT_PERSISTED,NOT_AVAILABLE_C3_AUTHORITATIVE_COORDINATES_NOT_PERSISTED,NOT_AVAILABLE_C3_AUTHORITATIVE_COORDINATES_NOT_PERSISTED,NOT_AVAILABLE_C3_AUTHORITATIVE_COORDINATES_NOT_PERSISTED,-4.172498412398269,-6.661422347439991,2.488923935041722
C3B_PHI_N3,PHI,-90,1.8840517384563273,2.3271151905087777,0.0,3.1674916662490062,False,NOT_AVAILABLE_C3_AUTHORITATIVE_COORDINATES_NOT_PERSISTED,NOT_AVAILABLE_C3_AUTHORITATIVE_COORDINATES_NOT_PERSISTED,NOT_AVAILABLE_C3_AUTHORITATIVE_COORDINATES_NOT_PERSISTED,NOT_AVAILABLE_C3_AUTHORITATIVE_COORDINATES_NOT_PERSISTED,NOT_AVAILABLE_C3_AUTHORITATIVE_COORDINATES_NOT_PERSISTED,NOT_AVAILABLE_C3_AUTHORITATIVE_COORDINATES_NOT_PERSISTED,NOT_AVAILABLE_C3_AUTHORITATIVE_COORDINATES_NOT_PERSISTED,-2.3271151905087777,-4.1026707620031155,1.7755555714943378
C3B_PHI_N3,PHI,-75,0.0,0.0,1.1930724531142403,7.270162428252122,False,NOT_AVAILABLE_C3_AUTHORITATIVE_COORDINATES_NOT_PERSISTED,NOT_AVAILABLE_C3_AUTHORITATIVE_COORDINATES_NOT_PERSISTED,NOT_AVAILABLE_C3_AUTHORITATIVE_COORDINATES_NOT_PERSISTED,NOT_AVAILABLE_C3_AUTHORITATIVE_COORDINATES_NOT_PERSISTED,NOT_AVAILABLE_C3_AUTHORITATIVE_COORDINATES_NOT_PERSISTED,NOT_AVAILABLE_C3_AUTHORITATIVE_COORDINATES_NOT_PERSISTED,NOT_AVAILABLE_C3_AUTHORITATIVE_COORDINATES_NOT_PERSISTED,1.1930724531142403,0.0,1.1930724531142403
C3B_PHI_N3,PHI,-60,1.1679589391511374,0.26870086608946764,5.517087648145008,11.23697194037442,False,NOT_AVAILABLE_C3_AUTHORITATIVE_COORDINATES_NOT_PERSISTED,NOT_AVAILABLE_C3_AUTHORITATIVE_COORDINATES_NOT_PERSISTED,NOT_AVAILABLE_C3_AUTHORITATIVE_COORDINATES_NOT_PERSISTED,NOT_AVAILABLE_C3_AUTHORITATIVE_COORDINATES_NOT_PERSISTED,NOT_AVAILABLE_C3_AUTHORITATIVE_COORDINATES_NOT_PERSISTED,NOT_AVAILABLE_C3_AUTHORITATIVE_COORDINATES_NOT_PERSISTED,NOT_AVAILABLE_C3_AUTHORITATIVE_COORDINATES_NOT_PERSISTED,5.24838678205554,3.966809512122299,1.2815772699332415
C3B_PHI_N3,PHI,-45,5.348395421266241,4.3162240784408965,12.830961564090615,13.752319934378182,False,NOT_AVAILABLE_C3_AUTHORITATIVE_COORDINATES_NOT_PERSISTED,NOT_AVAILABLE_C3_AUTHORITATIVE_COORDINATES_NOT_PERSISTED,NOT_AVAILABLE_C3_AUTHORITATIVE_COORDINATES_NOT_PERSISTED,NOT_AVAILABLE_C3_AUTHORITATIVE_COORDINATES_NOT_PERSISTED,NOT_AVAILABLE_C3_AUTHORITATIVE_COORDINATES_NOT_PERSISTED,NOT_AVAILABLE_C3_AUTHORITATIVE_COORDINATES_NOT_PERSISTED,NOT_AVAILABLE_C3_AUTHORITATIVE_COORDINATES_NOT_PERSISTED,8.514737485649718,6.48215750612606,2.032579979523658
C3B_PHI_N3,PHI,-30,12.61886348886727,13.199569011046464,22.80652554130201,14.215696351106253,False,NOT_AVAILABLE_C3_AUTHORITATIVE_COORDINATES_NOT_PERSISTED,NOT_AVAILABLE_C3_AUTHORITATIVE_COORDINATES_NOT_PERSISTED,NOT_AVAILABLE_C3_AUTHORITATIVE_COORDINATES_NOT_PERSISTED,NOT_AVAILABLE_C3_AUTHORITATIVE_COORDINATES_NOT_PERSISTED,NOT_AVAILABLE_C3_AUTHORITATIVE_COORDINATES_NOT_PERSISTED,NOT_AVAILABLE_C3_AUTHORITATIVE_COORDINATES_NOT_PERSISTED,NOT_AVAILABLE_C3_AUTHORITATIVE_COORDINATES_NOT_PERSISTED,9.606956530255545,6.945533922854131,2.6614226074014136
C3B_PHI_N3,PHI,-15,24.120153734931876,27.162284406442268,35.58482630842599,13.079188413262953,False,NOT_AVAILABLE_C3_AUTHORITATIVE_COORDINATES_NOT_PERSISTED,NOT_AVAILABLE_C3_AUTHORITATIVE_COORDINATES_NOT_PERSISTED,NOT_AVAILABLE_C3_AUTHORITATIVE_COORDINATES_NOT_PERSISTED,NOT_AVAILABLE_C3_AUTHORITATIVE_COORDINATES_NOT_PERSISTED,NOT_AVAILABLE_C3_AUTHORITATIVE_COORDINATES_NOT_PERSISTED,NOT_AVAILABLE_C3_AUTHORITATIVE_COORDINATES_NOT_PERSISTED,NOT_AVAILABLE_C3_AUTHORITATIVE_COORDINATES_NOT_PERSISTED,8.42254190198372,5.809025985010831,2.613515916972889
C3B_PHI_N3,PHI,0,39.62646469177788,45.83518571396594,52.055714331552025,11.21885555024154,False,NOT_AVAILABLE_C3_AUTHORITATIVE_COORDINATES_NOT_PERSISTED,NOT_AVAILABLE_C3_AUTHORITATIVE_COORDINATES_NOT_PERSISTED,NOT_AVAILABLE_C3_AUTHORITATIVE_COORDINATES_NOT_PERSISTED,NOT_AVAILABLE_C3_AUTHORITATIVE_COORDINATES_NOT_PERSISTED,NOT_AVAILABLE_C3_AUTHORITATIVE_COORDINATES_NOT_PERSISTED,NOT_AVAILABLE_C3_AUTHORITATIVE_COORDINATES_NOT_PERSISTED,NOT_AVAILABLE_C3_AUTHORITATIVE_COORDINATES_NOT_PERSISTED,6.220528617586083,3.948693121989419,2.2718354955966644
C3B_PHI_N3,PHI,105,36.46525443667219,41.15139950012829,42.5776287516444,6.594396116995279,False,NOT_AVAILABLE_C3_AUTHORITATIVE_COORDINATES_NOT_PERSISTED,NOT_AVAILABLE_C3_AUTHORITATIVE_COORDINATES_NOT_PERSISTED,NOT_AVAILABLE_C3_AUTHORITATIVE_COORDINATES_NOT_PERSISTED,NOT_AVAILABLE_C3_AUTHORITATIVE_COORDINATES_NOT_PERSISTED,NOT_AVAILABLE_C3_AUTHORITATIVE_COORDINATES_NOT_PERSISTED,NOT_AVAILABLE_C3_AUTHORITATIVE_COORDINATES_NOT_PERSISTED,NOT_AVAILABLE_C3_AUTHORITATIVE_COORDINATES_NOT_PERSISTED,1.426229251516105,-0.6757663112568428,2.101995562772948
C3B_PHI_N3,PHI,120,25.91194918747669,31.997204318719483,31.508212438101367,4.737951094679814,False,NOT_AVAILABLE_C3_AUTHORITATIVE_COORDINATES_NOT_PERSISTED,NOT_AVAILABLE_C3_AUTHORITATIVE_COORDINATES_NOT_PERSISTED,NOT_AVAILABLE_C3_AUTHORITATIVE_COORDINATES_NOT_PERSISTED,NOT_AVAILABLE_C3_AUTHORITATIVE_COORDINATES_NOT_PERSISTED,NOT_AVAILABLE_C3_AUTHORITATIVE_COORDINATES_NOT_PERSISTED,NOT_AVAILABLE_C3_AUTHORITATIVE_COORDINATES_NOT_PERSISTED,NOT_AVAILABLE_C3_AUTHORITATIVE_COORDINATES_NOT_PERSISTED,-0.4889918806181157,-2.5322113335723078,2.043219452954192
C3B_PHI_N3,PHI,135,18.085910819557824,23.431920257918193,22.144081500011623,4.120487222166314,False,NOT_AVAILABLE_C3_AUTHORITATIVE_COORDINATES_NOT_PERSISTED,NOT_AVAILABLE_C3_AUTHORITATIVE_COORDINATES_NOT_PERSISTED,NOT_AVAILABLE_C3_AUTHORITATIVE_COORDINATES_NOT_PERSISTED,NOT_AVAILABLE_C3_AUTHORITATIVE_COORDINATES_NOT_PERSISTED,NOT_AVAILABLE_C3_AUTHORITATIVE_COORDINATES_NOT_PERSISTED,NOT_AVAILABLE_C3_AUTHORITATIVE_COORDINATES_NOT_PERSISTED,NOT_AVAILABLE_C3_AUTHORITATIVE_COORDINATES_NOT_PERSISTED,-1.2878387579065702,-3.149675206085808,1.861836448179238
C3B_PHI_N3,PHI,150,13.569233322541978,17.13255021345053,17.12779524978737,5.723452228080693,False,NOT_AVAILABLE_C3_AUTHORITATIVE_COORDINATES_NOT_PERSISTED,NOT_AVAILABLE_C3_AUTHORITATIVE_COORDINATES_NOT_PERSISTED,NOT_AVAILABLE_C3_AUTHORITATIVE_COORDINATES_NOT_PERSISTED,NOT_AVAILABLE_C3_AUTHORITATIVE_COORDINATES_NOT_PERSISTED,NOT_AVAILABLE_C3_AUTHORITATIVE_COORDINATES_NOT_PERSISTED,NOT_AVAILABLE_C3_AUTHORITATIVE_COORDINATES_NOT_PERSISTED,NOT_AVAILABLE_C3_AUTHORITATIVE_COORDINATES_NOT_PERSISTED,-0.004754963663160083,-1.5467102001714288,1.5419552365082687
C3B_PHI_N3,PHI,165,12.21349737743903,14.536079936683919,17.89040012047849,9.511581973748815,False,NOT_AVAILABLE_C3_AUTHORITATIVE_COORDINATES_NOT_PERSISTED,NOT_AVAILABLE_C3_AUTHORITATIVE_COORDINATES_NOT_PERSISTED,NOT_AVAILABLE_C3_AUTHORITATIVE_COORDINATES_NOT_PERSISTED,NOT_AVAILABLE_C3_AUTHORITATIVE_COORDINATES_NOT_PERSISTED,NOT_AVAILABLE_C3_AUTHORITATIVE_COORDINATES_NOT_PERSISTED,NOT_AVAILABLE_C3_AUTHORITATIVE_COORDINATES_NOT_PERSISTED,NOT_AVAILABLE_C3_AUTHORITATIVE_COORDINATES_NOT_PERSISTED,3.35432018379457,2.2414195454966928,1.1129006382978774
C3B_PHI_N3,PSI,-105,32.011747071349355,38.48079897715198,44.25334502349965,12.335721787955368,False,NOT_AVAILABLE_C3_AUTHORITATIVE_COORDINATES_NOT_PERSISTED,NOT_AVAILABLE_C3_AUTHORITATIVE_COORDINATES_NOT_PERSISTED,NOT_AVAILABLE_C3_AUTHORITATIVE_COORDINATES_NOT_PERSISTED,NOT_AVAILABLE_C3_AUTHORITATIVE_COORDINATES_NOT_PERSISTED,NOT_AVAILABLE_C3_AUTHORITATIVE_COORDINATES_NOT_PERSISTED,NOT_AVAILABLE_C3_AUTHORITATIVE_COORDINATES_NOT_PERSISTED,NOT_AVAILABLE_C3_AUTHORITATIVE_COORDINATES_NOT_PERSISTED,5.772546046347671,2.108797579741662,3.663748466606009
C3B_PHI_N3,PSI,-90,14.696882575166297,17.160477408206447,22.883873812553915,12.395788664029617,False,NOT_AVAILABLE_C3_AUTHORITATIVE_COORDINATES_NOT_PERSISTED,NOT_AVAILABLE_C3_AUTHORITATIVE_COORDINATES_NOT_PERSISTED,NOT_AVAILABLE_C3_AUTHORITATIVE_COORDINATES_NOT_PERSISTED,NOT_AVAILABLE_C3_AUTHORITATIVE_COORDINATES_NOT_PERSISTED,NOT_AVAILABLE_C3_AUTHORITATIVE_COORDINATES_NOT_PERSISTED,NOT_AVAILABLE_C3_AUTHORITATIVE_COORDINATES_NOT_PERSISTED,NOT_AVAILABLE_C3_AUTHORITATIVE_COORDINATES_NOT_PERSISTED,5.7233964043474685,2.1688644558159105,3.554531948531558
C3B_PHI_N3,PSI,-75,4.330868332829533,4.8679751355402345,9.681438518989935,11.881405061202717,False,NOT_AVAILABLE_C3_AUTHORITATIVE_COORDINATES_NOT_PERSISTED,NOT_AVAILABLE_C3_AUTHORITATIVE_COORDINATES_NOT_PERSISTED,NOT_AVAILABLE_C3_AUTHORITATIVE_COORDINATES_NOT_PERSISTED,NOT_AVAILABLE_C3_AUTHORITATIVE_COORDINATES_NOT_PERSISTED,NOT_AVAILABLE_C3_AUTHORITATIVE_COORDINATES_NOT_PERSISTED,NOT_AVAILABLE_C3_AUTHORITATIVE_COORDINATES_NOT_PERSISTED,NOT_AVAILABLE_C3_AUTHORITATIVE_COORDINATES_NOT_PERSISTED,4.813463383449701,1.6544808529890105,3.1589825304606904
C3B_PHI_N3,PSI,-60,0.0,0.0,2.6389618045531478,10.226924208213706,False,NOT_AVAILABLE_C3_AUTHORITATIVE_COORDINATES_NOT_PERSISTED,NOT_AVAILABLE_C3_AUTHORITATIVE_COORDINATES_NOT_PERSISTED,NOT_AVAILABLE_C3_AUTHORITATIVE_COORDINATES_NOT_PERSISTED,NOT_AVAILABLE_C3_AUTHORITATIVE_COORDINATES_NOT_PERSISTED,NOT_AVAILABLE_C3_AUTHORITATIVE_COORDINATES_NOT_PERSISTED,NOT_AVAILABLE_C3_AUTHORITATIVE_COORDINATES_NOT_PERSISTED,NOT_AVAILABLE_C3_AUTHORITATIVE_COORDINATES_NOT_PERSISTED,2.6389618045531478,0.0,2.6389618045531478
C3B_PHI_N3,PSI,-45,0.19638589416353,0.21180103998668187,0.0,7.287161188623957,False,NOT_AVAILABLE_C3_AUTHORITATIVE_COORDINATES_NOT_PERSISTED,NOT_AVAILABLE_C3_AUTHORITATIVE_COORDINATES_NOT_PERSISTED,NOT_AVAILABLE_C3_AUTHORITATIVE_COORDINATES_NOT_PERSISTED,NOT_AVAILABLE_C3_AUTHORITATIVE_COORDINATES_NOT_PERSISTED,NOT_AVAILABLE_C3_AUTHORITATIVE_COORDINATES_NOT_PERSISTED,NOT_AVAILABLE_C3_AUTHORITATIVE_COORDINATES_NOT_PERSISTED,NOT_AVAILABLE_C3_AUTHORITATIVE_COORDINATES_NOT_PERSISTED,-0.21180103998668187,-2.9397630195897495,2.7279619796030676
C3B_PHI_N3,PSI,-30,3.0779934750218234,2.9812882543343946,0.3826297201067135,3.8438248954303575,False,NOT_AVAILABLE_C3_AUTHORITATIVE_COORDINATES_NOT_PERSISTED,NOT_AVAILABLE_C3_AUTHORITATIVE_COORDINATES_NOT_PERSISTED,NOT_AVAILABLE_C3_AUTHORITATIVE_COORDINATES_NOT_PERSISTED,NOT_AVAILABLE_C3_AUTHORITATIVE_COORDINATES_NOT_PERSISTED,NOT_AVAILABLE_C3_AUTHORITATIVE_COORDINATES_NOT_PERSISTED,NOT_AVAILABLE_C3_AUTHORITATIVE_COORDINATES_NOT_PERSISTED,NOT_AVAILABLE_C3_AUTHORITATIVE_COORDINATES_NOT_PERSISTED,-2.598658534227681,-6.383099312783349,3.784440778555668
C3B_PHI_N3,PSI,-15,6.97513939178259,6.526904524008728,2.4020585540875317,1.005818867083714,False,NOT_AVAILABLE_C3_AUTHORITATIVE_COORDINATES_NOT_PERSISTED,NOT_AVAILABLE_C3_AUTHORITATIVE_COORDINATES_NOT_PERSISTED,NOT_AVAILABLE_C3_AUTHORITATIVE_COORDINATES_NOT_PERSISTED,NOT_AVAILABLE_C3_AUTHORITATIVE_COORDINATES_NOT_PERSISTED,NOT_AVAILABLE_C3_AUTHORITATIVE_COORDINATES_NOT_PERSISTED,NOT_AVAILABLE_C3_AUTHORITATIVE_COORDINATES_NOT_PERSISTED,NOT_AVAILABLE_C3_AUTHORITATIVE_COORDINATES_NOT_PERSISTED,-4.124845969921196,-9.221105341129991,5.096259371208795
C3B_PHI_N3,PSI,0,10.412722960962697,9.986151900193335,5.539292535105162,0.29909754432333036,False,NOT_AVAILABLE_C3_AUTHORITATIVE_COORDINATES_NOT_PERSISTED,NOT_AVAILABLE_C3_AUTHORITATIVE_COORDINATES_NOT_PERSISTED,NOT_AVAILABLE_C3_AUTHORITATIVE_COORDINATES_NOT_PERSISTED,NOT_AVAILABLE_C3_AUTHORITATIVE_COORDINATES_NOT_PERSISTED,NOT_AVAILABLE_C3_AUTHORITATIVE_COORDINATES_NOT_PERSISTED,NOT_AVAILABLE_C3_AUTHORITATIVE_COORDINATES_NOT_PERSISTED,NOT_AVAILABLE_C3_AUTHORITATIVE_COORDINATES_NOT_PERSISTED,-4.446859365088173,-9.927826663890375,5.480967298802202
C3B_PHI_N3,PSI,15,11.945479233545104,12.600607804231771,9.973607514961515,6.167299912533417,False,NOT_AVAILABLE_C3_AUTHORITATIVE_COORDINATES_NOT_PERSISTED,NOT_AVAILABLE_C3_AUTHORITATIVE_COORDINATES_NOT_PERSISTED,NOT_AVAILABLE_C3_AUTHORITATIVE_COORDINATES_NOT_PERSISTED,NOT_AVAILABLE_C3_AUTHORITATIVE_COORDINATES_NOT_PERSISTED,NOT_AVAILABLE_C3_AUTHORITATIVE_COORDINATES_NOT_PERSISTED,NOT_AVAILABLE_C3_AUTHORITATIVE_COORDINATES_NOT_PERSISTED,NOT_AVAILABLE_C3_AUTHORITATIVE_COORDINATES_NOT_PERSISTED,-2.6270002892702564,-4.0596242956802895,1.432624006410033
C3B_PHI_N3,PSI,30,11.696853683615846,13.39492703247528,15.9819139672597,13.853654564278372,False,NOT_AVAILABLE_C3_AUTHORITATIVE_COORDINATES_NOT_PERSISTED,NOT_AVAILABLE_C3_AUTHORITATIVE_COORDINATES_NOT_PERSISTED,NOT_AVAILABLE_C3_AUTHORITATIVE_COORDINATES_NOT_PERSISTED,NOT_AVAILABLE_C3_AUTHORITATIVE_COORDINATES_NOT_PERSISTED,NOT_AVAILABLE_C3_AUTHORITATIVE_COORDINATES_NOT_PERSISTED,NOT_AVAILABLE_C3_AUTHORITATIVE_COORDINATES_NOT_PERSISTED,NOT_AVAILABLE_C3_AUTHORITATIVE_COORDINATES_NOT_PERSISTED,2.58698693478442,3.626730356064666,-1.0397434212802459
C3B_PHI_N3,PSI,45,12.409782605194598,14.578512632716368,16.658470701544744,13.771759483743576,False,NOT_AVAILABLE_C3_AUTHORITATIVE_COORDINATES_NOT_PERSISTED,NOT_AVAILABLE_C3_AUTHORITATIVE_COORDINATES_NOT_PERSISTED,NOT_AVAILABLE_C3_AUTHORITATIVE_COORDINATES_NOT_PERSISTED,NOT_AVAILABLE_C3_AUTHORITATIVE_COORDINATES_NOT_PERSISTED,NOT_AVAILABLE_C3_AUTHORITATIVE_COORDINATES_NOT_PERSISTED,NOT_AVAILABLE_C3_AUTHORITATIVE_COORDINATES_NOT_PERSISTED,NOT_AVAILABLE_C3_AUTHORITATIVE_COORDINATES_NOT_PERSISTED,2.0799580688283754,3.54483527552987,-1.4648772067014946
C3B_PHI_N3,PSI,60,15.683428081132595,18.995318032301356,20.0333188455228,12.051624751581848,False,NOT_AVAILABLE_C3_AUTHORITATIVE_COORDINATES_NOT_PERSISTED,NOT_AVAILABLE_C3_AUTHORITATIVE_COORDINATES_NOT_PERSISTED,NOT_AVAILABLE_C3_AUTHORITATIVE_COORDINATES_NOT_PERSISTED,NOT_AVAILABLE_C3_AUTHORITATIVE_COORDINATES_NOT_PERSISTED,NOT_AVAILABLE_C3_AUTHORITATIVE_COORDINATES_NOT_PERSISTED,NOT_AVAILABLE_C3_AUTHORITATIVE_COORDINATES_NOT_PERSISTED,NOT_AVAILABLE_C3_AUTHORITATIVE_COORDINATES_NOT_PERSISTED,1.0380008132214442,1.8247005433681416,-0.7866997301466974
C3B_PHI_N3,PSI,75,23.207234060776265,28.697664989363133,30.647878452349218,11.655671902076628,False,NOT_AVAILABLE_C3_AUTHORITATIVE_COORDINATES_NOT_PERSISTED,NOT_AVAILABLE_C3_AUTHORITATIVE_COORDINATES_NOT_PERSISTED,NOT_AVAILABLE_C3_AUTHORITATIVE_COORDINATES_NOT_PERSISTED,NOT_AVAILABLE_C3_AUTHORITATIVE_COORDINATES_NOT_PERSISTED,NOT_AVAILABLE_C3_AUTHORITATIVE_COORDINATES_NOT_PERSISTED,NOT_AVAILABLE_C3_AUTHORITATIVE_COORDINATES_NOT_PERSISTED,NOT_AVAILABLE_C3_AUTHORITATIVE_COORDINATES_NOT_PERSISTED,1.9502134629860848,1.4287476938629222,0.5214657691231626
C3B_PHI_N3,PSI,90,36.77978373595889,45.082752412096326,48.83449879114703,11.525055496382555,False,NOT_AVAILABLE_C3_AUTHORITATIVE_COORDINATES_NOT_PERSISTED,NOT_AVAILABLE_C3_AUTHORITATIVE_COORDINATES_NOT_PERSISTED,NOT_AVAILABLE_C3_AUTHORITATIVE_COORDINATES_NOT_PERSISTED,NOT_AVAILABLE_C3_AUTHORITATIVE_COORDINATES_NOT_PERSISTED,NOT_AVAILABLE_C3_AUTHORITATIVE_COORDINATES_NOT_PERSISTED,NOT_AVAILABLE_C3_AUTHORITATIVE_COORDINATES_NOT_PERSISTED,NOT_AVAILABLE_C3_AUTHORITATIVE_COORDINATES_NOT_PERSISTED,3.751746379050701,1.2981312881688485,2.4536150908818524
C3C_CHI_N2_PHI_N3,CHI,-180,1.8361875979134048,0.9600038671345033,0.7192261886102074,11.643332387546527,False,NOT_AVAILABLE_C3_AUTHORITATIVE_COORDINATES_NOT_PERSISTED,NOT_AVAILABLE_C3_AUTHORITATIVE_COORDINATES_NOT_PERSISTED,NOT_AVAILABLE_C3_AUTHORITATIVE_COORDINATES_NOT_PERSISTED,NOT_AVAILABLE_C3_AUTHORITATIVE_COORDINATES_NOT_PERSISTED,NOT_AVAILABLE_C3_AUTHORITATIVE_COORDINATES_NOT_PERSISTED,NOT_AVAILABLE_C3_AUTHORITATIVE_COORDINATES_NOT_PERSISTED,NOT_AVAILABLE_C3_AUTHORITATIVE_COORDINATES_NOT_PERSISTED,-0.24077767852429588,-0.2644095028467728,0.023631824322476902
C3C_CHI_N2_PHI_N3,CHI,-165,1.4130028718141248,1.1985021055187417,0.848289642242591,11.55840864752096,False,NOT_AVAILABLE_C3_AUTHORITATIVE_COORDINATES_NOT_PERSISTED,NOT_AVAILABLE_C3_AUTHORITATIVE_COORDINATES_NOT_PERSISTED,NOT_AVAILABLE_C3_AUTHORITATIVE_COORDINATES_NOT_PERSISTED,NOT_AVAILABLE_C3_AUTHORITATIVE_COORDINATES_NOT_PERSISTED,NOT_AVAILABLE_C3_AUTHORITATIVE_COORDINATES_NOT_PERSISTED,NOT_AVAILABLE_C3_AUTHORITATIVE_COORDINATES_NOT_PERSISTED,NOT_AVAILABLE_C3_AUTHORITATIVE_COORDINATES_NOT_PERSISTED,-0.35021246327615074,-0.3493332428723406,-0.0008792204038101659
C3C_CHI_N2_PHI_N3,CHI,-150,1.3982414847839755,1.9597226764204123,1.5800531866521084,11.550025253053116,False,NOT_AVAILABLE_C3_AUTHORITATIVE_COORDINATES_NOT_PERSISTED,NOT_AVAILABLE_C3_AUTHORITATIVE_COORDINATES_NOT_PERSISTED,NOT_AVAILABLE_C3_AUTHORITATIVE_COORDINATES_NOT_PERSISTED,NOT_AVAILABLE_C3_AUTHORITATIVE_COORDINATES_NOT_PERSISTED,NOT_AVAILABLE_C3_AUTHORITATIVE_COORDINATES_NOT_PERSISTED,NOT_AVAILABLE_C3_AUTHORITATIVE_COORDINATES_NOT_PERSISTED,NOT_AVAILABLE_C3_AUTHORITATIVE_COORDINATES_NOT_PERSISTED,-0.37966948976830395,-0.3577166373401841,-0.02195285242811984
C3C_CHI_N2_PHI_N3,CHI,-135,1.7201805587324959,2.791029821077842,2.5066188025151916,11.65314873359127,False,NOT_AVAILABLE_C3_AUTHORITATIVE_COORDINATES_NOT_PERSISTED,NOT_AVAILABLE_C3_AUTHORITATIVE_COORDINATES_NOT_PERSISTED,NOT_AVAILABLE_C3_AUTHORITATIVE_COORDINATES_NOT_PERSISTED,NOT_AVAILABLE_C3_AUTHORITATIVE_COORDINATES_NOT_PERSISTED,NOT_AVAILABLE_C3_AUTHORITATIVE_COORDINATES_NOT_PERSISTED,NOT_AVAILABLE_C3_AUTHORITATIVE_COORDINATES_NOT_PERSISTED,NOT_AVAILABLE_C3_AUTHORITATIVE_COORDINATES_NOT_PERSISTED,-0.2844110185626505,-0.25459315680203076,-0.029817861760619735
C3C_CHI_N2_PHI_N3,CHI,-120,2.1004462123625456,3.147769976801605,3.065408748378019,11.840420112094968,False,NOT_AVAILABLE_C3_AUTHORITATIVE_COORDINATES_NOT_PERSISTED,NOT_AVAILABLE_C3_AUTHORITATIVE_COORDINATES_NOT_PERSISTED,NOT_AVAILABLE_C3_AUTHORITATIVE_COORDINATES_NOT_PERSISTED,NOT_AVAILABLE_C3_AUTHORITATIVE_COORDINATES_NOT_PERSISTED,NOT_AVAILABLE_C3_AUTHORITATIVE_COORDINATES_NOT_PERSISTED,NOT_AVAILABLE_C3_AUTHORITATIVE_COORDINATES_NOT_PERSISTED,NOT_AVAILABLE_C3_AUTHORITATIVE_COORDINATES_NOT_PERSISTED,-0.0823612284235864,-0.06732177829833219,-0.015039450125254206
C3C_CHI_N2_PHI_N3,CHI,-105,2.282405294363951,2.6993826727300387,2.845345997273327,11.999696971594307,False,NOT_AVAILABLE_C3_AUTHORITATIVE_COORDINATES_NOT_PERSISTED,NOT_AVAILABLE_C3_AUTHORITATIVE_COORDINATES_NOT_PERSISTED,NOT_AVAILABLE_C3_AUTHORITATIVE_COORDINATES_NOT_PERSISTED,NOT_AVAILABLE_C3_AUTHORITATIVE_COORDINATES_NOT_PERSISTED,NOT_AVAILABLE_C3_AUTHORITATIVE_COORDINATES_NOT_PERSISTED,NOT_AVAILABLE_C3_AUTHORITATIVE_COORDINATES_NOT_PERSISTED,NOT_AVAILABLE_C3_AUTHORITATIVE_COORDINATES_NOT_PERSISTED,0.1459633245432883,0.09195508120100726,0.05400824334228105
C3C_CHI_N2_PHI_N3,CHI,-90,2.191846518770847,1.7150916271229733,2.0059769198475124,12.089336945440984,False,NOT_AVAILABLE_C3_AUTHORITATIVE_COORDINATES_NOT_PERSISTED,NOT_AVAILABLE_C3_AUTHORITATIVE_COORDINATES_NOT_PERSISTED,NOT_AVAILABLE_C3_AUTHORITATIVE_COORDINATES_NOT_PERSISTED,NOT_AVAILABLE_C3_AUTHORITATIVE_COORDINATES_NOT_PERSISTED,NOT_AVAILABLE_C3_AUTHORITATIVE_COORDINATES_NOT_PERSISTED,NOT_AVAILABLE_C3_AUTHORITATIVE_COORDINATES_NOT_PERSISTED,NOT_AVAILABLE_C3_AUTHORITATIVE_COORDINATES_NOT_PERSISTED,0.2908852927245391,0.18159505504768347,0.10929023767685564
C3C_CHI_N2_PHI_N3,CHI,-75,1.9493375527533943,0.7280487456448412,1.0649793733195878,12.106977877608545,False,NOT_AVAILABLE_C3_AUTHORITATIVE_COORDINATES_NOT_PERSISTED,NOT_AVAILABLE_C3_AUTHORITATIVE_COORDINATES_NOT_PERSISTED,NOT_AVAILABLE_C3_AUTHORITATIVE_COORDINATES_NOT_PERSISTED,NOT_AVAILABLE_C3_AUTHORITATIVE_COORDINATES_NOT_PERSISTED,NOT_AVAILABLE_C3_AUTHORITATIVE_COORDINATES_NOT_PERSISTED,NOT_AVAILABLE_C3_AUTHORITATIVE_COORDINATES_NOT_PERSISTED,NOT_AVAILABLE_C3_AUTHORITATIVE_COORDINATES_NOT_PERSISTED,0.3369306276747466,0.1992359872152445,0.13769464045950208
C3C_CHI_N2_PHI_N3,CHI,-60,1.7582771045303314,0.22136551506014257,0.5238211996287987,12.075176667373324,False,NOT_AVAILABLE_C3_AUTHORITATIVE_COORDINATES_NOT_PERSISTED,NOT_AVAILABLE_C3_AUTHORITATIVE_COORDINATES_NOT_PERSISTED,NOT_AVAILABLE_C3_AUTHORITATIVE_COORDINATES_NOT_PERSISTED,NOT_AVAILABLE_C3_AUTHORITATIVE_COORDINATES_NOT_PERSISTED,NOT_AVAILABLE_C3_AUTHORITATIVE_COORDINATES_NOT_PERSISTED,NOT_AVAILABLE_C3_AUTHORITATIVE_COORDINATES_NOT_PERSISTED,NOT_AVAILABLE_C3_AUTHORITATIVE_COORDINATES_NOT_PERSISTED,0.3024556845686561,0.16743477698002351,0.1350209075886326
C3C_CHI_N2_PHI_N3,CHI,-45,1.7517423921353694,0.35089777339362627,0.5906085723045322,12.036691507986275,False,NOT_AVAILABLE_C3_AUTHORITATIVE_COORDINATES_NOT_PERSISTED,NOT_AVAILABLE_C3_AUTHORITATIVE_COORDINATES_NOT_PERSISTED,NOT_AVAILABLE_C3_AUTHORITATIVE_COORDINATES_NOT_PERSISTED,NOT_AVAILABLE_C3_AUTHORITATIVE_COORDINATES_NOT_PERSISTED,NOT_AVAILABLE_C3_AUTHORITATIVE_COORDINATES_NOT_PERSISTED,NOT_AVAILABLE_C3_AUTHORITATIVE_COORDINATES_NOT_PERSISTED,NOT_AVAILABLE_C3_AUTHORITATIVE_COORDINATES_NOT_PERSISTED,0.23971079891090596,0.12894961759297452,0.11076118131793145
C3C_CHI_N2_PHI_N3,CHI,-30,1.8731815879809242,0.9701925301257859,1.169495776572802,12.035269924690779,False,NOT_AVAILABLE_C3_AUTHORITATIVE_COORDINATES_NOT_PERSISTED,NOT_AVAILABLE_C3_AUTHORITATIVE_COORDINATES_NOT_PERSISTED,NOT_AVAILABLE_C3_AUTHORITATIVE_COORDINATES_NOT_PERSISTED,NOT_AVAILABLE_C3_AUTHORITATIVE_COORDINATES_NOT_PERSISTED,NOT_AVAILABLE_C3_AUTHORITATIVE_COORDINATES_NOT_PERSISTED,NOT_AVAILABLE_C3_AUTHORITATIVE_COORDINATES_NOT_PERSISTED,NOT_AVAILABLE_C3_AUTHORITATIVE_COORDINATES_NOT_PERSISTED,0.19930324644701614,0.1275280342974785,0.07177521214953764
C3C_CHI_N2_PHI_N3,CHI,-15,1.8830474967830666,1.6361622554444182,1.864921700720103,12.108740748582841,False,NOT_AVAILABLE_C3_AUTHORITATIVE_COORDINATES_NOT_PERSISTED,NOT_AVAILABLE_C3_AUTHORITATIVE_COORDINATES_NOT_PERSISTED,NOT_AVAILABLE_C3_AUTHORITATIVE_COORDINATES_NOT_PERSISTED,NOT_AVAILABLE_C3_AUTHORITATIVE_COORDINATES_NOT_PERSISTED,NOT_AVAILABLE_C3_AUTHORITATIVE_COORDINATES_NOT_PERSISTED,NOT_AVAILABLE_C3_AUTHORITATIVE_COORDINATES_NOT_PERSISTED,NOT_AVAILABLE_C3_AUTHORITATIVE_COORDINATES_NOT_PERSISTED,0.22875944527568493,0.200998858189541,0.02776058708614393
C3C_CHI_N2_PHI_N3,CHI,0,1.53761834092137,1.8478576779244804,2.1604182555996516,12.227716647842396,False,NOT_AVAILABLE_C3_AUTHORITATIVE_COORDINATES_NOT_PERSISTED,NOT_AVAILABLE_C3_AUTHORITATIVE_COORDINATES_NOT_PERSISTED,NOT_AVAILABLE_C3_AUTHORITATIVE_COORDINATES_NOT_PERSISTED,NOT_AVAILABLE_C3_AUTHORITATIVE_COORDINATES_NOT_PERSISTED,NOT_AVAILABLE_C3_AUTHORITATIVE_COORDINATES_NOT_PERSISTED,NOT_AVAILABLE_C3_AUTHORITATIVE_COORDINATES_NOT_PERSISTED,NOT_AVAILABLE_C3_AUTHORITATIVE_COORDINATES_NOT_PERSISTED,0.3125605776751712,0.31997475744909565,-0.007414179773924445
C3C_CHI_N2_PHI_N3,CHI,15,0.8500053424677801,1.4154931394706267,1.7654063119950365,12.247515239693147,False,NOT_AVAILABLE_C3_AUTHORITATIVE_COORDINATES_NOT_PERSISTED,NOT_AVAILABLE_C3_AUTHORITATIVE_COORDINATES_NOT_PERSISTED,NOT_AVAILABLE_C3_AUTHORITATIVE_COORDINATES_NOT_PERSISTED,NOT_AVAILABLE_C3_AUTHORITATIVE_COORDINATES_NOT_PERSISTED,NOT_AVAILABLE_C3_AUTHORITATIVE_COORDINATES_NOT_PERSISTED,NOT_AVAILABLE_C3_AUTHORITATIVE_COORDINATES_NOT_PERSISTED,NOT_AVAILABLE_C3_AUTHORITATIVE_COORDINATES_NOT_PERSISTED,0.3499131725244098,0.3397733492998469,0.01013982322456286
C3C_CHI_N2_PHI_N3,CHI,30,0.1979165005694423,0.6669545439352547,0.9459354775252962,12.117829091422372,False,NOT_AVAILABLE_C3_AUTHORITATIVE_COORDINATES_NOT_PERSISTED,NOT_AVAILABLE_C3_AUTHORITATIVE_COORDINATES_NOT_PERSISTED,NOT_AVAILABLE_C3_AUTHORITATIVE_COORDINATES_NOT_PERSISTED,NOT_AVAILABLE_C3_AUTHORITATIVE_COORDINATES_NOT_PERSISTED,NOT_AVAILABLE_C3_AUTHORITATIVE_COORDINATES_NOT_PERSISTED,NOT_AVAILABLE_C3_AUTHORITATIVE_COORDINATES_NOT_PERSISTED,NOT_AVAILABLE_C3_AUTHORITATIVE_COORDINATES_NOT_PERSISTED,0.2789809335900415,0.2100872010290722,0.06889373256096931
C3C_CHI_N2_PHI_N3,CHI,45,0.0,0.07355587384662954,0.20850870597401183,11.9077418903933,False,NOT_AVAILABLE_C3_AUTHORITATIVE_COORDINATES_NOT_PERSISTED,NOT_AVAILABLE_C3_AUTHORITATIVE_COORDINATES_NOT_PERSISTED,NOT_AVAILABLE_C3_AUTHORITATIVE_COORDINATES_NOT_PERSISTED,NOT_AVAILABLE_C3_AUTHORITATIVE_COORDINATES_NOT_PERSISTED,NOT_AVAILABLE_C3_AUTHORITATIVE_COORDINATES_NOT_PERSISTED,NOT_AVAILABLE_C3_AUTHORITATIVE_COORDINATES_NOT_PERSISTED,NOT_AVAILABLE_C3_AUTHORITATIVE_COORDINATES_NOT_PERSISTED,0.1349528321273823,0.0,0.1349528321273823
C3C_CHI_N2_PHI_N3,CHI,60,0.32618472333560894,0.0,0.0,11.704517391287183,False,NOT_AVAILABLE_C3_AUTHORITATIVE_COORDINATES_NOT_PERSISTED,NOT_AVAILABLE_C3_AUTHORITATIVE_COORDINATES_NOT_PERSISTED,NOT_AVAILABLE_C3_AUTHORITATIVE_COORDINATES_NOT_PERSISTED,NOT_AVAILABLE_C3_AUTHORITATIVE_COORDINATES_NOT_PERSISTED,NOT_AVAILABLE_C3_AUTHORITATIVE_COORDINATES_NOT_PERSISTED,NOT_AVAILABLE_C3_AUTHORITATIVE_COORDINATES_NOT_PERSISTED,NOT_AVAILABLE_C3_AUTHORITATIVE_COORDINATES_NOT_PERSISTED,0.0,-0.20322449910611695,0.20322449910611695
C3C_CHI_N2_PHI_N3,CHI,75,1.0408015037026501,0.5731401091874204,0.4662670756020191,11.509799465896936,False,NOT_AVAILABLE_C3_AUTHORITATIVE_COORDINATES_NOT_PERSISTED,NOT_AVAILABLE_C3_AUTHORITATIVE_COORDINATES_NOT_PERSISTED,NOT_AVAILABLE_C3_AUTHORITATIVE_COORDINATES_NOT_PERSISTED,NOT_AVAILABLE_C3_AUTHORITATIVE_COORDINATES_NOT_PERSISTED,NOT_AVAILABLE_C3_AUTHORITATIVE_COORDINATES_NOT_PERSISTED,NOT_AVAILABLE_C3_AUTHORITATIVE_COORDINATES_NOT_PERSISTED,NOT_AVAILABLE_C3_AUTHORITATIVE_COORDINATES_NOT_PERSISTED,-0.10687303358540134,-0.39794242449636386,0.2910693909109625
C3C_CHI_N2_PHI_N3,CHI,90,2.0223598887749024,1.698455552272378,1.538846023913237,11.37781166249018,False,NOT_AVAILABLE_C3_AUTHORITATIVE_COORDINATES_NOT_PERSISTED,NOT_AVAILABLE_C3_AUTHORITATIVE_COORDINATES_NOT_PERSISTED,NOT_AVAILABLE_C3_AUTHORITATIVE_COORDINATES_NOT_PERSISTED,NOT_AVAILABLE_C3_AUTHORITATIVE_COORDINATES_NOT_PERSISTED,NOT_AVAILABLE_C3_AUTHORITATIVE_COORDINATES_NOT_PERSISTED,NOT_AVAILABLE_C3_AUTHORITATIVE_COORDINATES_NOT_PERSISTED,NOT_AVAILABLE_C3_AUTHORITATIVE_COORDINATES_NOT_PERSISTED,-0.159609528359141,-0.5299302279031206,0.3703206995439796
C3C_CHI_N2_PHI_N3,CHI,105,3.0480034924252344,2.717053022660977,2.58144804628121,11.403646144084384,False,NOT_AVAILABLE_C3_AUTHORITATIVE_COORDINATES_NOT_PERSISTED,NOT_AVAILABLE_C3_AUTHORITATIVE_COORDINATES_NOT_PERSISTED,NOT_AVAILABLE_C3_AUTHORITATIVE_COORDINATES_NOT_PERSISTED,NOT_AVAILABLE_C3_AUTHORITATIVE_COORDINATES_NOT_PERSISTED,NOT_AVAILABLE_C3_AUTHORITATIVE_COORDINATES_NOT_PERSISTED,NOT_AVAILABLE_C3_AUTHORITATIVE_COORDINATES_NOT_PERSISTED,NOT_AVAILABLE_C3_AUTHORITATIVE_COORDINATES_NOT_PERSISTED,-0.1356049763797671,-0.5040957463089164,0.3684907699291493
C3C_CHI_N2_PHI_N3,CHI,120,3.7373350122694022,3.2875621782041122,3.2450137778019155,11.554742184754442,False,NOT_AVAILABLE_C3_AUTHORITATIVE_COORDINATES_NOT_PERSISTED,NOT_AVAILABLE_C3_AUTHORITATIVE_COORDINATES_NOT_PERSISTED,NOT_AVAILABLE_C3_AUTHORITATIVE_COORDINATES_NOT_PERSISTED,NOT_AVAILABLE_C3_AUTHORITATIVE_COORDINATES_NOT_PERSISTED,NOT_AVAILABLE_C3_AUTHORITATIVE_COORDINATES_NOT_PERSISTED,NOT_AVAILABLE_C3_AUTHORITATIVE_COORDINATES_NOT_PERSISTED,NOT_AVAILABLE_C3_AUTHORITATIVE_COORDINATES_NOT_PERSISTED,-0.04254840040219676,-0.3529997056388581,0.3104513052366613
C3C_CHI_N2_PHI_N3,CHI,135,3.8030037733710786,3.0811260438902153,3.1715383951781178,11.745861246045203,False,NOT_AVAILABLE_C3_AUTHORITATIVE_COORDINATES_NOT_PERSISTED,NOT_AVAILABLE_C3_AUTHORITATIVE_COORDINATES_NOT_PERSISTED,NOT_AVAILABLE_C3_AUTHORITATIVE_COORDINATES_NOT_PERSISTED,NOT_AVAILABLE_C3_AUTHORITATIVE_COORDINATES_NOT_PERSISTED,NOT_AVAILABLE_C3_AUTHORITATIVE_COORDINATES_NOT_PERSISTED,NOT_AVAILABLE_C3_AUTHORITATIVE_COORDINATES_NOT_PERSISTED,NOT_AVAILABLE_C3_AUTHORITATIVE_COORDINATES_NOT_PERSISTED,0.09041235128790248,-0.16188064434809668,0.25229299563599916
C3C_CHI_N2_PHI_N3,CHI,150,3.292878201783699,2.281691567403115,2.3639985628204983,11.831380430253583,False,NOT_AVAILABLE_C3_AUTHORITATIVE_COORDINATES_NOT_PERSISTED,NOT_AVAILABLE_C3_AUTHORITATIVE_COORDINATES_NOT_PERSISTED,NOT_AVAILABLE_C3_AUTHORITATIVE_COORDINATES_NOT_PERSISTED,NOT_AVAILABLE_C3_AUTHORITATIVE_COORDINATES_NOT_PERSISTED,NOT_AVAILABLE_C3_AUTHORITATIVE_COORDINATES_NOT_PERSISTED,NOT_AVAILABLE_C3_AUTHORITATIVE_COORDINATES_NOT_PERSISTED,NOT_AVAILABLE_C3_AUTHORITATIVE_COORDINATES_NOT_PERSISTED,0.08230699541738318,-0.0763614601397169,0.15866845555710007
C3C_CHI_N2_PHI_N3,CHI,165,2.5316328285396272,1.3811964576913525,1.3055779305713884,11.764568739417339,False,NOT_AVAILABLE_C3_AUTHORITATIVE_COORDINATES_NOT_PERSISTED,NOT_AVAILABLE_C3_AUTHORITATIVE_COORDINATES_NOT_PERSISTED,NOT_AVAILABLE_C3_AUTHORITATIVE_COORDINATES_NOT_PERSISTED,NOT_AVAILABLE_C3_AUTHORITATIVE_COORDINATES_NOT_PERSISTED,NOT_AVAILABLE_C3_AUTHORITATIVE_COORDINATES_NOT_PERSISTED,NOT_AVAILABLE_C3_AUTHORITATIVE_COORDINATES_NOT_PERSISTED,NOT_AVAILABLE_C3_AUTHORITATIVE_COORDINATES_NOT_PERSISTED,-0.07561852711996409,-0.1431731509759615,0.06755462385599742
C3C_CHI_N2_PHI_N3,PHI,-180,12.297421019351964,14.113844660547272,21.99013988800249,15.956400710818304,False,NOT_AVAILABLE_C3_AUTHORITATIVE_COORDINATES_NOT_PERSISTED,NOT_AVAILABLE_C3_AUTHORITATIVE_COORDINATES_NOT_PERSISTED,NOT_AVAILABLE_C3_AUTHORITATIVE_COORDINATES_NOT_PERSISTED,NOT_AVAILABLE_C3_AUTHORITATIVE_COORDINATES_NOT_PERSISTED,NOT_AVAILABLE_C3_AUTHORITATIVE_COORDINATES_NOT_PERSISTED,NOT_AVAILABLE_C3_AUTHORITATIVE_COORDINATES_NOT_PERSISTED,NOT_AVAILABLE_C3_AUTHORITATIVE_COORDINATES_NOT_PERSISTED,7.876295227455216,6.036048133226853,1.8402470942283635
C3C_CHI_N2_PHI_N3,PHI,-165,12.017065696114134,13.576862767954907,23.412911490182253,17.11612204194844,False,NOT_AVAILABLE_C3_AUTHORITATIVE_COORDINATES_NOT_PERSISTED,NOT_AVAILABLE_C3_AUTHORITATIVE_COORDINATES_NOT_PERSISTED,NOT_AVAILABLE_C3_AUTHORITATIVE_COORDINATES_NOT_PERSISTED,NOT_AVAILABLE_C3_AUTHORITATIVE_COORDINATES_NOT_PERSISTED,NOT_AVAILABLE_C3_AUTHORITATIVE_COORDINATES_NOT_PERSISTED,NOT_AVAILABLE_C3_AUTHORITATIVE_COORDINATES_NOT_PERSISTED,NOT_AVAILABLE_C3_AUTHORITATIVE_COORDINATES_NOT_PERSISTED,9.836048722227346,7.195769464356989,2.6402792578703576
C3C_CHI_N2_PHI_N3,PHI,-150,12.14534987811232,13.21439256251152,18.683816729379004,14.37453121622735,False,NOT_AVAILABLE_C3_AUTHORITATIVE_COORDINATES_NOT_PERSISTED,NOT_AVAILABLE_C3_AUTHORITATIVE_COORDINATES_NOT_PERSISTED,NOT_AVAILABLE_C3_AUTHORITATIVE_COORDINATES_NOT_PERSISTED,NOT_AVAILABLE_C3_AUTHORITATIVE_COORDINATES_NOT_PERSISTED,NOT_AVAILABLE_C3_AUTHORITATIVE_COORDINATES_NOT_PERSISTED,NOT_AVAILABLE_C3_AUTHORITATIVE_COORDINATES_NOT_PERSISTED,NOT_AVAILABLE_C3_AUTHORITATIVE_COORDINATES_NOT_PERSISTED,5.4694241668674835,4.454178638635899,1.0152455282315849
C3C_CHI_N2_PHI_N3,PHI,-135,12.088672339648122,12.210367877382026,12.148860702920416,8.792904130449188,False,NOT_AVAILABLE_C3_AUTHORITATIVE_COORDINATES_NOT_PERSISTED,NOT_AVAILABLE_C3_AUTHORITATIVE_COORDINATES_NOT_PERSISTED,NOT_AVAILABLE_C3_AUTHORITATIVE_COORDINATES_NOT_PERSISTED,NOT_AVAILABLE_C3_AUTHORITATIVE_COORDINATES_NOT_PERSISTED,NOT_AVAILABLE_C3_AUTHORITATIVE_COORDINATES_NOT_PERSISTED,NOT_AVAILABLE_C3_AUTHORITATIVE_COORDINATES_NOT_PERSISTED,NOT_AVAILABLE_C3_AUTHORITATIVE_COORDINATES_NOT_PERSISTED,-0.06150717446161025,-1.1274484471422639,1.0659412726806536
C3C_CHI_N2_PHI_N3,PHI,-120,9.406090467076242,9.653342055627007,6.100138834853979,3.9484213330037035,False,NOT_AVAILABLE_C3_AUTHORITATIVE_COORDINATES_NOT_PERSISTED,NOT_AVAILABLE_C3_AUTHORITATIVE_COORDINATES_NOT_PERSISTED,NOT_AVAILABLE_C3_AUTHORITATIVE_COORDINATES_NOT_PERSISTED,NOT_AVAILABLE_C3_AUTHORITATIVE_COORDINATES_NOT_PERSISTED,NOT_AVAILABLE_C3_AUTHORITATIVE_COORDINATES_NOT_PERSISTED,NOT_AVAILABLE_C3_AUTHORITATIVE_COORDINATES_NOT_PERSISTED,NOT_AVAILABLE_C3_AUTHORITATIVE_COORDINATES_NOT_PERSISTED,-3.553203220773028,-5.971931244587748,2.4187280238147197
C3C_CHI_N2_PHI_N3,PHI,-105,5.389702277432289,5.933403152837386,1.7739558484245208,3.2555872081773325,False,NOT_AVAILABLE_C3_AUTHORITATIVE_COORDINATES_NOT_PERSISTED,NOT_AVAILABLE_C3_AUTHORITATIVE_COORDINATES_NOT_PERSISTED,NOT_AVAILABLE_C3_AUTHORITATIVE_COORDINATES_NOT_PERSISTED,NOT_AVAILABLE_C3_AUTHORITATIVE_COORDINATES_NOT_PERSISTED,NOT_AVAILABLE_C3_AUTHORITATIVE_COORDINATES_NOT_PERSISTED,NOT_AVAILABLE_C3_AUTHORITATIVE_COORDINATES_NOT_PERSISTED,NOT_AVAILABLE_C3_AUTHORITATIVE_COORDINATES_NOT_PERSISTED,-4.159447304412865,-6.664765369414119,2.505318065001254
C3C_CHI_N2_PHI_N3,PHI,-90,1.8840517384563273,2.3271151905087777,0.0,5.814115059446781,False,NOT_AVAILABLE_C3_AUTHORITATIVE_COORDINATES_NOT_PERSISTED,NOT_AVAILABLE_C3_AUTHORITATIVE_COORDINATES_NOT_PERSISTED,NOT_AVAILABLE_C3_AUTHORITATIVE_COORDINATES_NOT_PERSISTED,NOT_AVAILABLE_C3_AUTHORITATIVE_COORDINATES_NOT_PERSISTED,NOT_AVAILABLE_C3_AUTHORITATIVE_COORDINATES_NOT_PERSISTED,NOT_AVAILABLE_C3_AUTHORITATIVE_COORDINATES_NOT_PERSISTED,NOT_AVAILABLE_C3_AUTHORITATIVE_COORDINATES_NOT_PERSISTED,-2.3271151905087777,-4.10623751814467,1.7791223276358927
C3C_CHI_N2_PHI_N3,PHI,-75,0.0,0.0,1.181121117820922,9.920352577591451,False,NOT_AVAILABLE_C3_AUTHORITATIVE_COORDINATES_NOT_PERSISTED,NOT_AVAILABLE_C3_AUTHORITATIVE_COORDINATES_NOT_PERSISTED,NOT_AVAILABLE_C3_AUTHORITATIVE_COORDINATES_NOT_PERSISTED,NOT_AVAILABLE_C3_AUTHORITATIVE_COORDINATES_NOT_PERSISTED,NOT_AVAILABLE_C3_AUTHORITATIVE_COORDINATES_NOT_PERSISTED,NOT_AVAILABLE_C3_AUTHORITATIVE_COORDINATES_NOT_PERSISTED,NOT_AVAILABLE_C3_AUTHORITATIVE_COORDINATES_NOT_PERSISTED,1.181121117820922,0.0,1.181121117820922
C3C_CHI_N2_PHI_N3,PHI,-60,1.1679589391511374,0.26870086608946764,5.49196464300492,13.889148870778529,False,NOT_AVAILABLE_C3_AUTHORITATIVE_COORDINATES_NOT_PERSISTED,NOT_AVAILABLE_C3_AUTHORITATIVE_COORDINATES_NOT_PERSISTED,NOT_AVAILABLE_C3_AUTHORITATIVE_COORDINATES_NOT_PERSISTED,NOT_AVAILABLE_C3_AUTHORITATIVE_COORDINATES_NOT_PERSISTED,NOT_AVAILABLE_C3_AUTHORITATIVE_COORDINATES_NOT_PERSISTED,NOT_AVAILABLE_C3_AUTHORITATIVE_COORDINATES_NOT_PERSISTED,NOT_AVAILABLE_C3_AUTHORITATIVE_COORDINATES_NOT_PERSISTED,5.223263776915452,3.9687962931870775,1.2544674837283747
C3C_CHI_N2_PHI_N3,PHI,-45,5.348395421266241,4.3162240784408965,12.736885695909194,16.255320506243184,False,NOT_AVAILABLE_C3_AUTHORITATIVE_COORDINATES_NOT_PERSISTED,NOT_AVAILABLE_C3_AUTHORITATIVE_COORDINATES_NOT_PERSISTED,NOT_AVAILABLE_C3_AUTHORITATIVE_COORDINATES_NOT_PERSISTED,NOT_AVAILABLE_C3_AUTHORITATIVE_COORDINATES_NOT_PERSISTED,NOT_AVAILABLE_C3_AUTHORITATIVE_COORDINATES_NOT_PERSISTED,NOT_AVAILABLE_C3_AUTHORITATIVE_COORDINATES_NOT_PERSISTED,NOT_AVAILABLE_C3_AUTHORITATIVE_COORDINATES_NOT_PERSISTED,8.420661617468298,6.334967928651732,2.0856936888165656
C3C_CHI_N2_PHI_N3,PHI,-30,12.61886348886727,13.199569011046464,22.626131361940224,16.657141240617765,False,NOT_AVAILABLE_C3_AUTHORITATIVE_COORDINATES_NOT_PERSISTED,NOT_AVAILABLE_C3_AUTHORITATIVE_COORDINATES_NOT_PERSISTED,NOT_AVAILABLE_C3_AUTHORITATIVE_COORDINATES_NOT_PERSISTED,NOT_AVAILABLE_C3_AUTHORITATIVE_COORDINATES_NOT_PERSISTED,NOT_AVAILABLE_C3_AUTHORITATIVE_COORDINATES_NOT_PERSISTED,NOT_AVAILABLE_C3_AUTHORITATIVE_COORDINATES_NOT_PERSISTED,NOT_AVAILABLE_C3_AUTHORITATIVE_COORDINATES_NOT_PERSISTED,9.42656235089376,6.736788663026314,2.689773687867447
C3C_CHI_N2_PHI_N3,PHI,-15,24.120153734931876,27.162284406442268,35.31202442277592,15.481501804081566,False,NOT_AVAILABLE_C3_AUTHORITATIVE_COORDINATES_NOT_PERSISTED,NOT_AVAILABLE_C3_AUTHORITATIVE_COORDINATES_NOT_PERSISTED,NOT_AVAILABLE_C3_AUTHORITATIVE_COORDINATES_NOT_PERSISTED,NOT_AVAILABLE_C3_AUTHORITATIVE_COORDINATES_NOT_PERSISTED,NOT_AVAILABLE_C3_AUTHORITATIVE_COORDINATES_NOT_PERSISTED,NOT_AVAILABLE_C3_AUTHORITATIVE_COORDINATES_NOT_PERSISTED,NOT_AVAILABLE_C3_AUTHORITATIVE_COORDINATES_NOT_PERSISTED,8.149740016333652,5.561149226490114,2.588590789843538
C3C_CHI_N2_PHI_N3,PHI,0,39.62646469177788,45.83518571396594,51.674613497756155,13.587617284002672,False,NOT_AVAILABLE_C3_AUTHORITATIVE_COORDINATES_NOT_PERSISTED,NOT_AVAILABLE_C3_AUTHORITATIVE_COORDINATES_NOT_PERSISTED,NOT_AVAILABLE_C3_AUTHORITATIVE_COORDINATES_NOT_PERSISTED,NOT_AVAILABLE_C3_AUTHORITATIVE_COORDINATES_NOT_PERSISTED,NOT_AVAILABLE_C3_AUTHORITATIVE_COORDINATES_NOT_PERSISTED,NOT_AVAILABLE_C3_AUTHORITATIVE_COORDINATES_NOT_PERSISTED,NOT_AVAILABLE_C3_AUTHORITATIVE_COORDINATES_NOT_PERSISTED,5.839427783790214,3.6672647064112205,2.1721630773789933
C3C_CHI_N2_PHI_N3,PHI,105,36.46525443667219,41.15139950012829,41.86485177178379,8.468124684247792,False,NOT_AVAILABLE_C3_AUTHORITATIVE_COORDINATES_NOT_PERSISTED,NOT_AVAILABLE_C3_AUTHORITATIVE_COORDINATES_NOT_PERSISTED,NOT_AVAILABLE_C3_AUTHORITATIVE_COORDINATES_NOT_PERSISTED,NOT_AVAILABLE_C3_AUTHORITATIVE_COORDINATES_NOT_PERSISTED,NOT_AVAILABLE_C3_AUTHORITATIVE_COORDINATES_NOT_PERSISTED,NOT_AVAILABLE_C3_AUTHORITATIVE_COORDINATES_NOT_PERSISTED,NOT_AVAILABLE_C3_AUTHORITATIVE_COORDINATES_NOT_PERSISTED,0.7134522716554983,-1.4522278933436592,2.1656801649991575
C3C_CHI_N2_PHI_N3,PHI,120,25.91194918747669,31.997204318719483,31.247173851352244,7.3396665355057955,False,NOT_AVAILABLE_C3_AUTHORITATIVE_COORDINATES_NOT_PERSISTED,NOT_AVAILABLE_C3_AUTHORITATIVE_COORDINATES_NOT_PERSISTED,NOT_AVAILABLE_C3_AUTHORITATIVE_COORDINATES_NOT_PERSISTED,NOT_AVAILABLE_C3_AUTHORITATIVE_COORDINATES_NOT_PERSISTED,NOT_AVAILABLE_C3_AUTHORITATIVE_COORDINATES_NOT_PERSISTED,NOT_AVAILABLE_C3_AUTHORITATIVE_COORDINATES_NOT_PERSISTED,NOT_AVAILABLE_C3_AUTHORITATIVE_COORDINATES_NOT_PERSISTED,-0.7500304673672389,-2.580686042085656,1.830655574718417
C3C_CHI_N2_PHI_N3,PHI,135,18.085910819557824,23.431920257918193,22.082492565362003,6.780433376974891,False,NOT_AVAILABLE_C3_AUTHORITATIVE_COORDINATES_NOT_PERSISTED,NOT_AVAILABLE_C3_AUTHORITATIVE_COORDINATES_NOT_PERSISTED,NOT_AVAILABLE_C3_AUTHORITATIVE_COORDINATES_NOT_PERSISTED,NOT_AVAILABLE_C3_AUTHORITATIVE_COORDINATES_NOT_PERSISTED,NOT_AVAILABLE_C3_AUTHORITATIVE_COORDINATES_NOT_PERSISTED,NOT_AVAILABLE_C3_AUTHORITATIVE_COORDINATES_NOT_PERSISTED,NOT_AVAILABLE_C3_AUTHORITATIVE_COORDINATES_NOT_PERSISTED,-1.3494276925561906,-3.1399192006165606,1.79049150806037
C3C_CHI_N2_PHI_N3,PHI,150,13.569233322541978,17.13255021345053,17.144809889627,8.41526094515033,False,NOT_AVAILABLE_C3_AUTHORITATIVE_COORDINATES_NOT_PERSISTED,NOT_AVAILABLE_C3_AUTHORITATIVE_COORDINATES_NOT_PERSISTED,NOT_AVAILABLE_C3_AUTHORITATIVE_COORDINATES_NOT_PERSISTED,NOT_AVAILABLE_C3_AUTHORITATIVE_COORDINATES_NOT_PERSISTED,NOT_AVAILABLE_C3_AUTHORITATIVE_COORDINATES_NOT_PERSISTED,NOT_AVAILABLE_C3_AUTHORITATIVE_COORDINATES_NOT_PERSISTED,NOT_AVAILABLE_C3_AUTHORITATIVE_COORDINATES_NOT_PERSISTED,0.012259676176469725,-1.5050916324411219,1.5173513086175916
C3C_CHI_N2_PHI_N3,PHI,165,12.21349737743903,14.536079936683919,17.939562615210647,12.229663989416302,False,NOT_AVAILABLE_C3_AUTHORITATIVE_COORDINATES_NOT_PERSISTED,NOT_AVAILABLE_C3_AUTHORITATIVE_COORDINATES_NOT_PERSISTED,NOT_AVAILABLE_C3_AUTHORITATIVE_COORDINATES_NOT_PERSISTED,NOT_AVAILABLE_C3_AUTHORITATIVE_COORDINATES_NOT_PERSISTED,NOT_AVAILABLE_C3_AUTHORITATIVE_COORDINATES_NOT_PERSISTED,NOT_AVAILABLE_C3_AUTHORITATIVE_COORDINATES_NOT_PERSISTED,NOT_AVAILABLE_C3_AUTHORITATIVE_COORDINATES_NOT_PERSISTED,3.4034826785267285,2.309311411824851,1.0941712667018777
C3C_CHI_N2_PHI_N3,PSI,-105,32.011747071349355,38.48079897715198,44.1694096154727,14.923030539085454,False,NOT_AVAILABLE_C3_AUTHORITATIVE_COORDINATES_NOT_PERSISTED,NOT_AVAILABLE_C3_AUTHORITATIVE_COORDINATES_NOT_PERSISTED,NOT_AVAILABLE_C3_AUTHORITATIVE_COORDINATES_NOT_PERSISTED,NOT_AVAILABLE_C3_AUTHORITATIVE_COORDINATES_NOT_PERSISTED,NOT_AVAILABLE_C3_AUTHORITATIVE_COORDINATES_NOT_PERSISTED,NOT_AVAILABLE_C3_AUTHORITATIVE_COORDINATES_NOT_PERSISTED,NOT_AVAILABLE_C3_AUTHORITATIVE_COORDINATES_NOT_PERSISTED,5.688610638320725,2.044546484356614,3.644064153964111
C3C_CHI_N2_PHI_N3,PSI,-90,14.696882575166297,17.160477408206447,22.85225993165139,15.03300997849275,False,NOT_AVAILABLE_C3_AUTHORITATIVE_COORDINATES_NOT_PERSISTED,NOT_AVAILABLE_C3_AUTHORITATIVE_COORDINATES_NOT_PERSISTED,NOT_AVAILABLE_C3_AUTHORITATIVE_COORDINATES_NOT_PERSISTED,NOT_AVAILABLE_C3_AUTHORITATIVE_COORDINATES_NOT_PERSISTED,NOT_AVAILABLE_C3_AUTHORITATIVE_COORDINATES_NOT_PERSISTED,NOT_AVAILABLE_C3_AUTHORITATIVE_COORDINATES_NOT_PERSISTED,NOT_AVAILABLE_C3_AUTHORITATIVE_COORDINATES_NOT_PERSISTED,5.691782523444942,2.1545259237639094,3.537256599681033
C3C_CHI_N2_PHI_N3,PSI,-75,4.330868332829533,4.8679751355402345,9.666832015978144,14.532420743512601,False,NOT_AVAILABLE_C3_AUTHORITATIVE_COORDINATES_NOT_PERSISTED,NOT_AVAILABLE_C3_AUTHORITATIVE_COORDINATES_NOT_PERSISTED,NOT_AVAILABLE_C3_AUTHORITATIVE_COORDINATES_NOT_PERSISTED,NOT_AVAILABLE_C3_AUTHORITATIVE_COORDINATES_NOT_PERSISTED,NOT_AVAILABLE_C3_AUTHORITATIVE_COORDINATES_NOT_PERSISTED,NOT_AVAILABLE_C3_AUTHORITATIVE_COORDINATES_NOT_PERSISTED,NOT_AVAILABLE_C3_AUTHORITATIVE_COORDINATES_NOT_PERSISTED,4.79885688043791,1.6539366887837605,3.1449201916541494
C3C_CHI_N2_PHI_N3,PSI,-60,0.0,0.0,2.6295952106072065,12.87848405472884,False,NOT_AVAILABLE_C3_AUTHORITATIVE_COORDINATES_NOT_PERSISTED,NOT_AVAILABLE_C3_AUTHORITATIVE_COORDINATES_NOT_PERSISTED,NOT_AVAILABLE_C3_AUTHORITATIVE_COORDINATES_NOT_PERSISTED,NOT_AVAILABLE_C3_AUTHORITATIVE_COORDINATES_NOT_PERSISTED,NOT_AVAILABLE_C3_AUTHORITATIVE_COORDINATES_NOT_PERSISTED,NOT_AVAILABLE_C3_AUTHORITATIVE_COORDINATES_NOT_PERSISTED,NOT_AVAILABLE_C3_AUTHORITATIVE_COORDINATES_NOT_PERSISTED,2.6295952106072065,0.0,2.6295952106072065
C3C_CHI_N2_PHI_N3,PSI,-45,0.19638589416353,0.21180103998668187,0.0,9.939243912460313,False,NOT_AVAILABLE_C3_AUTHORITATIVE_COORDINATES_NOT_PERSISTED,NOT_AVAILABLE_C3_AUTHORITATIVE_COORDINATES_NOT_PERSISTED,NOT_AVAILABLE_C3_AUTHORITATIVE_COORDINATES_NOT_PERSISTED,NOT_AVAILABLE_C3_AUTHORITATIVE_COORDINATES_NOT_PERSISTED,NOT_AVAILABLE_C3_AUTHORITATIVE_COORDINATES_NOT_PERSISTED,NOT_AVAILABLE_C3_AUTHORITATIVE_COORDINATES_NOT_PERSISTED,NOT_AVAILABLE_C3_AUTHORITATIVE_COORDINATES_NOT_PERSISTED,-0.21180103998668187,-2.9392401422685275,2.7274391022818456
C3C_CHI_N2_PHI_N3,PSI,-30,3.0779934750218234,2.9812882543343946,0.39498708225693235,6.497175350554712,False,NOT_AVAILABLE_C3_AUTHORITATIVE_COORDINATES_NOT_PERSISTED,NOT_AVAILABLE_C3_AUTHORITATIVE_COORDINATES_NOT_PERSISTED,NOT_AVAILABLE_C3_AUTHORITATIVE_COORDINATES_NOT_PERSISTED,NOT_AVAILABLE_C3_AUTHORITATIVE_COORDINATES_NOT_PERSISTED,NOT_AVAILABLE_C3_AUTHORITATIVE_COORDINATES_NOT_PERSISTED,NOT_AVAILABLE_C3_AUTHORITATIVE_COORDINATES_NOT_PERSISTED,NOT_AVAILABLE_C3_AUTHORITATIVE_COORDINATES_NOT_PERSISTED,-2.5863011720774622,-6.3813087041741285,3.7950075320966663
C3C_CHI_N2_PHI_N3,PSI,-15,6.97513939178259,6.526904524008728,2.429221756902919,3.660088330369814,False,NOT_AVAILABLE_C3_AUTHORITATIVE_COORDINATES_NOT_PERSISTED,NOT_AVAILABLE_C3_AUTHORITATIVE_COORDINATES_NOT_PERSISTED,NOT_AVAILABLE_C3_AUTHORITATIVE_COORDINATES_NOT_PERSISTED,NOT_AVAILABLE_C3_AUTHORITATIVE_COORDINATES_NOT_PERSISTED,NOT_AVAILABLE_C3_AUTHORITATIVE_COORDINATES_NOT_PERSISTED,NOT_AVAILABLE_C3_AUTHORITATIVE_COORDINATES_NOT_PERSISTED,NOT_AVAILABLE_C3_AUTHORITATIVE_COORDINATES_NOT_PERSISTED,-4.097682767105809,-9.218395724359027,5.120712957253218
C3C_CHI_N2_PHI_N3,PSI,0,10.412722960962697,9.986151900193335,5.582022339582636,2.954703086015246,False,NOT_AVAILABLE_C3_AUTHORITATIVE_COORDINATES_NOT_PERSISTED,NOT_AVAILABLE_C3_AUTHORITATIVE_COORDINATES_NOT_PERSISTED,NOT_AVAILABLE_C3_AUTHORITATIVE_COORDINATES_NOT_PERSISTED,NOT_AVAILABLE_C3_AUTHORITATIVE_COORDINATES_NOT_PERSISTED,NOT_AVAILABLE_C3_AUTHORITATIVE_COORDINATES_NOT_PERSISTED,NOT_AVAILABLE_C3_AUTHORITATIVE_COORDINATES_NOT_PERSISTED,NOT_AVAILABLE_C3_AUTHORITATIVE_COORDINATES_NOT_PERSISTED,-4.4041295606106985,-9.923780968713594,5.519651408102895
C3C_CHI_N2_PHI_N3,PSI,15,11.945479233545104,12.600607804231771,10.032095837519947,8.834057384681234,False,NOT_AVAILABLE_C3_AUTHORITATIVE_COORDINATES_NOT_PERSISTED,NOT_AVAILABLE_C3_AUTHORITATIVE_COORDINATES_NOT_PERSISTED,NOT_AVAILABLE_C3_AUTHORITATIVE_COORDINATES_NOT_PERSISTED,NOT_AVAILABLE_C3_AUTHORITATIVE_COORDINATES_NOT_PERSISTED,NOT_AVAILABLE_C3_AUTHORITATIVE_COORDINATES_NOT_PERSISTED,NOT_AVAILABLE_C3_AUTHORITATIVE_COORDINATES_NOT_PERSISTED,NOT_AVAILABLE_C3_AUTHORITATIVE_COORDINATES_NOT_PERSISTED,-2.5685119667118244,-4.044426670047606,1.475914703335782
C3C_CHI_N2_PHI_N3,PSI,30,11.696853683615846,13.39492703247528,16.055328220635644,16.552024946968082,False,NOT_AVAILABLE_C3_AUTHORITATIVE_COORDINATES_NOT_PERSISTED,NOT_AVAILABLE_C3_AUTHORITATIVE_COORDINATES_NOT_PERSISTED,NOT_AVAILABLE_C3_AUTHORITATIVE_COORDINATES_NOT_PERSISTED,NOT_AVAILABLE_C3_AUTHORITATIVE_COORDINATES_NOT_PERSISTED,NOT_AVAILABLE_C3_AUTHORITATIVE_COORDINATES_NOT_PERSISTED,NOT_AVAILABLE_C3_AUTHORITATIVE_COORDINATES_NOT_PERSISTED,NOT_AVAILABLE_C3_AUTHORITATIVE_COORDINATES_NOT_PERSISTED,2.660401188160364,3.6735408922392416,-1.0131397040788777
C3C_CHI_N2_PHI_N3,PSI,45,12.409782605194598,14.578512632716368,16.693065093208034,16.488886123028045,False,NOT_AVAILABLE_C3_AUTHORITATIVE_COORDINATES_NOT_PERSISTED,NOT_AVAILABLE_C3_AUTHORITATIVE_COORDINATES_NOT_PERSISTED,NOT_AVAILABLE_C3_AUTHORITATIVE_COORDINATES_NOT_PERSISTED,NOT_AVAILABLE_C3_AUTHORITATIVE_COORDINATES_NOT_PERSISTED,NOT_AVAILABLE_C3_AUTHORITATIVE_COORDINATES_NOT_PERSISTED,NOT_AVAILABLE_C3_AUTHORITATIVE_COORDINATES_NOT_PERSISTED,NOT_AVAILABLE_C3_AUTHORITATIVE_COORDINATES_NOT_PERSISTED,2.114552460491666,3.610402068299205,-1.4958496078075392
C3C_CHI_N2_PHI_N3,PSI,60,15.683428081132595,18.995318032301356,20.058186514652206,14.770178031264416,False,NOT_AVAILABLE_C3_AUTHORITATIVE_COORDINATES_NOT_PERSISTED,NOT_AVAILABLE_C3_AUTHORITATIVE_COORDINATES_NOT_PERSISTED,NOT_AVAILABLE_C3_AUTHORITATIVE_COORDINATES_NOT_PERSISTED,NOT_AVAILABLE_C3_AUTHORITATIVE_COORDINATES_NOT_PERSISTED,NOT_AVAILABLE_C3_AUTHORITATIVE_COORDINATES_NOT_PERSISTED,NOT_AVAILABLE_C3_AUTHORITATIVE_COORDINATES_NOT_PERSISTED,NOT_AVAILABLE_C3_AUTHORITATIVE_COORDINATES_NOT_PERSISTED,1.0628684823508507,1.891693976535576,-0.8288254941847253
C3C_CHI_N2_PHI_N3,PSI,75,23.207234060776265,28.697664989363133,30.665274562495682,14.366168399392505,False,NOT_AVAILABLE_C3_AUTHORITATIVE_COORDINATES_NOT_PERSISTED,NOT_AVAILABLE_C3_AUTHORITATIVE_COORDINATES_NOT_PERSISTED,NOT_AVAILABLE_C3_AUTHORITATIVE_COORDINATES_NOT_PERSISTED,NOT_AVAILABLE_C3_AUTHORITATIVE_COORDINATES_NOT_PERSISTED,NOT_AVAILABLE_C3_AUTHORITATIVE_COORDINATES_NOT_PERSISTED,NOT_AVAILABLE_C3_AUTHORITATIVE_COORDINATES_NOT_PERSISTED,NOT_AVAILABLE_C3_AUTHORITATIVE_COORDINATES_NOT_PERSISTED,1.967609573132549,1.4876843446636645,0.4799252284688844
C3C_CHI_N2_PHI_N3,PSI,90,36.77978373595889,45.082752412096326,48.85457469849783,14.224090502694267,False,NOT_AVAILABLE_C3_AUTHORITATIVE_COORDINATES_NOT_PERSISTED,NOT_AVAILABLE_C3_AUTHORITATIVE_COORDINATES_NOT_PERSISTED,NOT_AVAILABLE_C3_AUTHORITATIVE_COORDINATES_NOT_PERSISTED,NOT_AVAILABLE_C3_AUTHORITATIVE_COORDINATES_NOT_PERSISTED,NOT_AVAILABLE_C3_AUTHORITATIVE_COORDINATES_NOT_PERSISTED,NOT_AVAILABLE_C3_AUTHORITATIVE_COORDINATES_NOT_PERSISTED,NOT_AVAILABLE_C3_AUTHORITATIVE_COORDINATES_NOT_PERSISTED,3.771822286401502,1.3456064479654266,2.4262158384360752
