scan_axis,energy_band,response_coordinate,n,circular_correlation,angular_excursion_degrees,linear_unwrapped_response,monotonic_fraction
CHI,QM_LE_1,CHI,4,0.9998314975245457,43.80262665823931,0.975503487240376,1.0
CHI,QM_LE_1,PHI,4,-0.9848164835584629,2.230294045592443,-0.05029732038550068,1.0
CHI,QM_LE_1,PSI,4,0.9320859712992022,0.7367867758181618,0.01674978594930102,0.6666666666666666
CHI,QM_LE_5,CHI,24,0.9998324367023177,345.14707644444246,1.0004661010907234,1.0
CHI,QM_LE_5,PHI,24,-0.5534904406610951,3.9090107419124083,-0.0023452644060160768,0.5217391304347826
CHI,QM_LE_5,PSI,24,-0.07163713282293627,1.5825200086642315,-0.0010044751389189882,0.5217391304347826
CHI,QM_LE_10,CHI,24,0.9998324367023177,345.14707644444246,1.0004661010907234,1.0
CHI,QM_LE_10,PHI,24,-0.5534904406610951,3.9090107419124083,-0.0023452644060160768,0.5217391304347826
CHI,QM_LE_10,PSI,24,-0.07163713282293627,1.5825200086642315,-0.0010044751389189882,0.5217391304347826
CHI,WHOLE,CHI,24,0.9998324367023177,345.14707644444246,1.0004661010907234,1.0
CHI,WHOLE,PHI,24,-0.5534904406610951,3.9090107419124083,-0.0023452644060160768,0.5217391304347826
CHI,WHOLE,PSI,24,-0.07163713282293627,1.5825200086642315,-0.0010044751389189882,0.5217391304347826
PHI,QM_LE_1,CHI,1,,0.0,,
PHI,QM_LE_1,PHI,1,,0.0,,
PHI,QM_LE_1,PSI,1,,0.0,,
PHI,QM_LE_5,CHI,3,-0.9983771013282884,9.279644786600299,-0.30932149288667665,1.0
PHI,QM_LE_5,PHI,3,0.9999986369683983,29.9257899095155,0.9975263303171845,1.0
PHI,QM_LE_5,PSI,3,-0.9994571436951049,16.984720464684568,-0.5661573488228199,1.0
PHI,QM_LE_10,CHI,6,-0.7687489986327939,124.48212319843996,-1.2632899957847306,1.0
PHI,QM_LE_10,PHI,6,0.9999989174776773,74.9007989126638,0.9987455343247141,1.0
PHI,QM_LE_10,PSI,6,-0.9879462145244626,50.14201200913648,-0.655196611053636,1.0
PHI,WHOLE,CHI,18,-0.7372276009640922,155.93422096033882,0.014604485499695858,0.7058823529411765
PHI,WHOLE,PHI,18,0.9999875178052813,345.033847795034,0.9995156500929167,1.0
PHI,WHOLE,PSI,18,-0.9908687402166225,129.51025228205827,0.13759712695185314,0.8823529411764706
PSI,QM_LE_1,CHI,2,1.0,2.6784887551963674,0.1785659170130913,1.0
PSI,QM_LE_1,PHI,2,-1.0000000000000002,9.82283681013433,-0.6548557873422893,1.0
PSI,QM_LE_1,PSI,2,1.0,14.908829638916664,0.9939219759277789,1.0
PSI,QM_LE_5,CHI,4,0.9969318050666066,7.616026586294699,0.17017712342720281,1.0
PSI,QM_LE_5,PHI,4,-0.997489497513602,28.2253061246841,-0.6299917012279109,1.0
PSI,QM_LE_5,PSI,4,0.9999967713256063,44.77481728834213,0.9948885433596202,1.0
PSI,QM_LE_10,CHI,5,0.9928438251806403,9.217503675349127,0.1542481668968053,1.0
PSI,QM_LE_10,PHI,5,-0.9972995603159296,39.94529139748837,-0.6694320534047947,1.0
PSI,QM_LE_10,PSI,5,0.9999969533970073,59.78914828632666,0.996704176214235,1.0
PSI,WHOLE,CHI,14,0.7653521625304142,14.604877384993898,0.059534962114000944,0.6153846153846154
PSI,WHOLE,PHI,14,-0.9928323413081982,136.46707875875435,-0.840444867194768,1.0
PSI,WHOLE,PSI,14,0.9999957640166783,193.7907130752935,0.995567113489521,1.0
