experimental_term,physical_instance,scan_axis,angle_degrees,qm_relative_kcal_mol,direct_instance_energy_kcal_mol
CHI_N2_RESIDUAL,8-9-25-55,CHI,-180,1.8361875979134048,0.6821695696568353
CHI_N2_RESIDUAL,8-9-25-55,CHI,-165,1.4130028718141248,0.33736231868582073
CHI_N2_RESIDUAL,8-9-25-55,CHI,-150,1.3982414847839755,0.0781300803235039
CHI_N2_RESIDUAL,8-9-25-55,CHI,-135,1.7201805587324959,0.0018717958890282437
CHI_N2_RESIDUAL,8-9-25-55,CHI,-120,2.1004462123625456,0.14900191323972078
CHI_N2_RESIDUAL,8-9-25-55,CHI,-105,2.282405294363951,0.46271822830659753
CHI_N2_RESIDUAL,8-9-25-55,CHI,-90,2.191846518770847,0.8570964644977476
CHI_N2_RESIDUAL,8-9-25-55,CHI,-75,1.9493375527533943,1.224398591884065
CHI_N2_RESIDUAL,8-9-25-55,CHI,-60,1.7582771045303314,1.4691265500185808
CHI_N2_RESIDUAL,8-9-25-55,CHI,-45,1.7517423921353694,1.531410601115775
CHI_N2_RESIDUAL,8-9-25-55,CHI,-30,1.8731815879809242,1.4024794276432366
CHI_N2_RESIDUAL,8-9-25-55,CHI,-15,1.8830474967830666,1.1018581721102862
CHI_N2_RESIDUAL,8-9-25-55,CHI,0,1.53761834092137,0.681750191931491
CHI_N2_RESIDUAL,8-9-25-55,CHI,15,0.8500053424677801,0.3096962060670907
CHI_N2_RESIDUAL,8-9-25-55,CHI,30,0.1979165005694423,0.06291275748957448
CHI_N2_RESIDUAL,8-9-25-55,CHI,45,0.0,0.0048716367902974485
CHI_N2_RESIDUAL,8-9-25-55,CHI,60,0.32618472333560894,0.1325278260610392
CHI_N2_RESIDUAL,8-9-25-55,CHI,75,1.0408015037026501,0.4295203170741194
CHI_N2_RESIDUAL,8-9-25-55,CHI,90,2.0223598887749024,0.8374976510205251
CHI_N2_RESIDUAL,8-9-25-55,CHI,105,3.0480034924252344,1.1944213929696144
CHI_N2_RESIDUAL,8-9-25-55,CHI,120,3.7373350122694022,1.457015280670456
CHI_N2_RESIDUAL,8-9-25-55,CHI,135,3.8030037733710786,1.528390797194661
CHI_N2_RESIDUAL,8-9-25-55,CHI,150,3.292878201783699,1.3812823696805974
CHI_N2_RESIDUAL,8-9-25-55,CHI,165,2.5316328285396272,1.0708936628400283
CHI_N2_RESIDUAL,8-9-25-55,PHI,-180,12.297421019351964,0.19913391161030972
CHI_N2_RESIDUAL,8-9-25-55,PHI,-165,12.017065696114134,0.19748548471063454
CHI_N2_RESIDUAL,8-9-25-55,PHI,-150,12.14534987811232,0.2082670376876576
CHI_N2_RESIDUAL,8-9-25-55,PHI,-135,12.088672339648122,0.22051278820971318
CHI_N2_RESIDUAL,8-9-25-55,PHI,-120,9.406090467076242,0.22609985654622108
CHI_N2_RESIDUAL,8-9-25-55,PHI,-105,5.389702277432289,0.20256489077146858
CHI_N2_RESIDUAL,8-9-25-55,PHI,-90,1.8840517384563273,0.15246911883582592
CHI_N2_RESIDUAL,8-9-25-55,PHI,-75,0.0,0.09226397145368133
CHI_N2_RESIDUAL,8-9-25-55,PHI,-60,1.1679589391511374,0.038365235974347364
CHI_N2_RESIDUAL,8-9-25-55,PHI,-45,5.348395421266241,1.4681751869084108
CHI_N2_RESIDUAL,8-9-25-55,PHI,-30,12.61886348886727,1.4276312157415727
CHI_N2_RESIDUAL,8-9-25-55,PHI,-15,24.120153734931876,1.3636053314884322
CHI_N2_RESIDUAL,8-9-25-55,PHI,0,39.62646469177788,1.2578101959635284
CHI_N2_RESIDUAL,8-9-25-55,PHI,105,36.46525443667219,0.18907026287693635
CHI_N2_RESIDUAL,8-9-25-55,PHI,120,25.91194918747669,0.6560500896213667
CHI_N2_RESIDUAL,8-9-25-55,PHI,135,18.085910819557824,0.4407772837934075
CHI_N2_RESIDUAL,8-9-25-55,PHI,150,13.569233322541978,0.28196191017844824
CHI_N2_RESIDUAL,8-9-25-55,PHI,165,12.21349737743903,0.21949403311823082
CHI_N2_RESIDUAL,8-9-25-55,PSI,-105,32.011747071349355,0.01841991170027333
CHI_N2_RESIDUAL,8-9-25-55,PSI,-90,14.696882575166297,0.018378632395911306
CHI_N2_RESIDUAL,8-9-25-55,PSI,-75,4.330868332829533,0.02907726016528419
CHI_N2_RESIDUAL,8-9-25-55,PSI,-60,0.0,0.05412492529157768
CHI_N2_RESIDUAL,8-9-25-55,PSI,-45,0.19638589416353,0.08365425968075356
CHI_N2_RESIDUAL,8-9-25-55,PSI,-30,3.0779934750218234,0.10993803345624331
CHI_N2_RESIDUAL,8-9-25-55,PSI,-15,6.97513939178259,0.13306670742852317
CHI_N2_RESIDUAL,8-9-25-55,PSI,0,10.412722960962697,0.15738639862661735
CHI_N2_RESIDUAL,8-9-25-55,PSI,15,11.945479233545104,0.19135272796235617
CHI_N2_RESIDUAL,8-9-25-55,PSI,30,11.696853683615846,0.194966075680833
CHI_N2_RESIDUAL,8-9-25-55,PSI,45,12.409782605194598,0.17183948948170572
CHI_N2_RESIDUAL,8-9-25-55,PSI,60,15.683428081132595,0.14501594849197566
CHI_N2_RESIDUAL,8-9-25-55,PSI,75,23.207234060776265,0.11484334494040181
CHI_N2_RESIDUAL,8-9-25-55,PSI,90,36.77978373595889,0.08550072941531323
CHI_N2_RESIDUAL,10-9-25-55,CHI,-180,1.8361875979134048,0.1170029502500579
CHI_N2_RESIDUAL,10-9-25-55,CHI,-165,1.4130028718141248,0.36942444063092783
CHI_N2_RESIDUAL,10-9-25-55,CHI,-150,1.3982414847839755,0.7412939121748774
CHI_N2_RESIDUAL,10-9-25-55,CHI,-135,1.7201805587324959,1.1335961606403235
CHI_N2_RESIDUAL,10-9-25-55,CHI,-120,2.1004462123625456,1.4450708914045143
CHI_N2_RESIDUAL,10-9-25-55,CHI,-105,2.282405294363951,1.531675196915873
CHI_N2_RESIDUAL,10-9-25-55,CHI,-90,2.191846518770847,1.3985536810159045
CHI_N2_RESIDUAL,10-9-25-55,CHI,-75,1.9493375527533943,1.102974380213135
CHI_N2_RESIDUAL,10-9-25-55,CHI,-60,1.7582771045303314,0.7307096955590994
CHI_N2_RESIDUAL,10-9-25-55,CHI,-45,1.7517423921353694,0.38990765646660486
CHI_N2_RESIDUAL,10-9-25-55,CHI,-30,1.8731815879809242,0.11096354445452021
CHI_N2_RESIDUAL,10-9-25-55,CHI,-15,1.8830474967830666,5.3607045984823334e-05
CHI_N2_RESIDUAL,10-9-25-55,CHI,0,1.53761834092137,0.1222030756084419
CHI_N2_RESIDUAL,10-9-25-55,CHI,15,0.8500053424677801,0.4287501900380379
CHI_N2_RESIDUAL,10-9-25-55,CHI,30,0.1979165005694423,0.8172255034018802
CHI_N2_RESIDUAL,10-9-25-55,CHI,45,0.0,1.1803563318822061
CHI_N2_RESIDUAL,10-9-25-55,CHI,60,0.32618472333560894,1.4240555293734036
CHI_N2_RESIDUAL,10-9-25-55,CHI,75,1.0408015037026501,1.5324937501935756
CHI_N2_RESIDUAL,10-9-25-55,CHI,90,2.0223598887749024,1.4451260302997753
CHI_N2_RESIDUAL,10-9-25-55,CHI,105,3.0480034924252344,1.1855607816353655
CHI_N2_RESIDUAL,10-9-25-55,CHI,120,3.7373350122694022,0.7837120900589252
CHI_N2_RESIDUAL,10-9-25-55,CHI,135,3.8030037733710786,0.35130744428186067
CHI_N2_RESIDUAL,10-9-25-55,CHI,150,3.292878201783699,0.07832756789620264
CHI_N2_RESIDUAL,10-9-25-55,CHI,165,2.5316328285396272,0.0013854154569442022
CHI_N2_RESIDUAL,10-9-25-55,PHI,-180,12.297421019351964,1.4179920330589122
CHI_N2_RESIDUAL,10-9-25-55,PHI,-165,12.017065696114134,1.4212204144437057
CHI_N2_RESIDUAL,10-9-25-55,PHI,-150,12.14534987811232,1.4054169349631647
CHI_N2_RESIDUAL,10-9-25-55,PHI,-135,12.088672339648122,1.373296815493313
CHI_N2_RESIDUAL,10-9-25-55,PHI,-120,9.406090467076242,1.3324274080082226
CHI_N2_RESIDUAL,10-9-25-55,PHI,-105,5.389702277432289,1.3165609171639387
CHI_N2_RESIDUAL,10-9-25-55,PHI,-90,1.8840517384563273,1.3273427320907893
CHI_N2_RESIDUAL,10-9-25-55,PHI,-75,0.0,1.3434576528291136
CHI_N2_RESIDUAL,10-9-25-55,PHI,-60,1.1679589391511374,1.3557224588571186
CHI_N2_RESIDUAL,10-9-25-55,PHI,-45,5.348395421266241,0.49944247989577195
CHI_N2_RESIDUAL,10-9-25-55,PHI,-30,12.61886348886727,0.422318410540513
CHI_N2_RESIDUAL,10-9-25-55,PHI,-15,24.120153734931876,0.3637305086106838
CHI_N2_RESIDUAL,10-9-25-55,PHI,0,39.62646469177788,0.3284160672416087
CHI_N2_RESIDUAL,10-9-25-55,PHI,105,36.46525443667219,0.038217873188754296
CHI_N2_RESIDUAL,10-9-25-55,PHI,120,25.91194918747669,0.8875451994717736
CHI_N2_RESIDUAL,10-9-25-55,PHI,135,18.085910819557824,1.1574954698267064
CHI_N2_RESIDUAL,10-9-25-55,PHI,150,13.569233322541978,1.3116490767752238
CHI_N2_RESIDUAL,10-9-25-55,PHI,165,12.21349737743903,1.38974955381976
CHI_N2_RESIDUAL,10-9-25-55,PSI,-105,32.011747071349355,1.4526778029931515
CHI_N2_RESIDUAL,10-9-25-55,PSI,-90,14.696882575166297,1.398055199177535
CHI_N2_RESIDUAL,10-9-25-55,PSI,-75,4.330868332829533,1.3618313787841207
CHI_N2_RESIDUAL,10-9-25-55,PSI,-60,0.0,1.3502338658031003
CHI_N2_RESIDUAL,10-9-25-55,PSI,-45,0.19638589416353,1.3493259019020527
CHI_N2_RESIDUAL,10-9-25-55,PSI,-30,3.0779934750218234,1.3551239386517844
CHI_N2_RESIDUAL,10-9-25-55,PSI,-15,6.97513939178259,1.3658760495595381
CHI_N2_RESIDUAL,10-9-25-55,PSI,0,10.412722960962697,1.3816058970070015
CHI_N2_RESIDUAL,10-9-25-55,PSI,15,11.945479233545104,1.4002980360713426
CHI_N2_RESIDUAL,10-9-25-55,PSI,30,11.696853683615846,1.422086317278667
CHI_N2_RESIDUAL,10-9-25-55,PSI,45,12.409782605194598,1.4399169523098123
CHI_N2_RESIDUAL,10-9-25-55,PSI,60,15.683428081132595,1.4586518571629068
CHI_N2_RESIDUAL,10-9-25-55,PSI,75,23.207234060776265,1.4803338359355998
CHI_N2_RESIDUAL,10-9-25-55,PSI,90,36.77978373595889,1.500596461776244
CHI_N2_RESIDUAL,36-9-25-55,CHI,-180,1.8361875979134048,1.4387045455357697
CHI_N2_RESIDUAL,36-9-25-55,CHI,-165,1.4130028718141248,1.5329319688745349
CHI_N2_RESIDUAL,36-9-25-55,CHI,-150,1.3982414847839755,1.4473652918763453
CHI_N2_RESIDUAL,36-9-25-55,CHI,-135,1.7201805587324959,1.1739036348069627
CHI_N2_RESIDUAL,36-9-25-55,CHI,-120,2.1004462123625456,0.7454378507247313
CHI_N2_RESIDUAL,36-9-25-55,CHI,-105,2.282405294363951,0.34605500925842314
CHI_N2_RESIDUAL,36-9-25-55,CHI,-90,2.191846518770847,0.07715523915355227
CHI_N2_RESIDUAL,36-9-25-55,CHI,-75,1.9493375527533943,0.0015880794585297747
CHI_N2_RESIDUAL,36-9-25-55,CHI,-60,1.7582771045303314,0.12010270445267798
CHI_N2_RESIDUAL,36-9-25-55,CHI,-45,1.7517423921353694,0.3754045137172769
CHI_N2_RESIDUAL,36-9-25-55,CHI,-30,1.8731815879809242,0.7482744969567556
CHI_N2_RESIDUAL,36-9-25-55,CHI,-15,1.8830474967830666,1.1377983221933545
CHI_N2_RESIDUAL,36-9-25-55,CHI,0,1.53761834092137,1.444475246029857
CHI_N2_RESIDUAL,36-9-25-55,CHI,15,0.8500053424677801,1.5322649891879803
CHI_N2_RESIDUAL,36-9-25-55,CHI,30,0.1979165005694423,1.4083979217238392
CHI_N2_RESIDUAL,36-9-25-55,CHI,45,0.0,1.1231008418929258
CHI_N2_RESIDUAL,36-9-25-55,CHI,60,0.32618472333560894,0.7812401251042733
CHI_N2_RESIDUAL,36-9-25-55,CHI,75,1.0408015037026501,0.41429296781206293
CHI_N2_RESIDUAL,36-9-25-55,CHI,90,2.0223598887749024,0.11656378062116611
CHI_N2_RESIDUAL,36-9-25-55,CHI,105,3.0480034924252344,0.0011125217532973121
CHI_N2_RESIDUAL,36-9-25-55,CHI,120,3.7373350122694022,0.09195295873276162
CHI_N2_RESIDUAL,36-9-25-55,CHI,135,3.8030037733710786,0.40572760370108885
CHI_N2_RESIDUAL,36-9-25-55,CHI,150,3.292878201783699,0.8026386111692406
CHI_N2_RESIDUAL,36-9-25-55,CHI,165,2.5316328285396272,1.177518938847689
CHI_N2_RESIDUAL,36-9-25-55,PHI,-180,12.297421019351964,0.7749418139178187
CHI_N2_RESIDUAL,36-9-25-55,PHI,-165,12.017065696114134,0.7572684243522692
CHI_N2_RESIDUAL,36-9-25-55,PHI,-150,12.14534987811232,0.7441025390610138
CHI_N2_RESIDUAL,36-9-25-55,PHI,-135,12.088672339648122,0.7489074878010249
CHI_N2_RESIDUAL,36-9-25-55,PHI,-120,9.406090467076242,0.7707642548943506
CHI_N2_RESIDUAL,36-9-25-55,PHI,-105,5.389702277432289,0.8023987875607109
CHI_N2_RESIDUAL,36-9-25-55,PHI,-90,1.8840517384563273,0.841516509446149
CHI_N2_RESIDUAL,36-9-25-55,PHI,-75,0.0,0.8887351041861661
CHI_N2_RESIDUAL,36-9-25-55,PHI,-60,1.1679589391511374,0.9321116205289185
CHI_N2_RESIDUAL,36-9-25-55,PHI,-45,5.348395421266241,0.22774047460452504
CHI_N2_RESIDUAL,36-9-25-55,PHI,-30,12.61886348886727,0.29141860800326697
CHI_N2_RESIDUAL,36-9-25-55,PHI,-15,24.120153734931876,0.37971052658195764
CHI_N2_RESIDUAL,36-9-25-55,PHI,0,39.62646469177788,0.49139226222537974
CHI_N2_RESIDUAL,36-9-25-55,PHI,105,36.46525443667219,1.4161414784321118
CHI_N2_RESIDUAL,36-9-25-55,PHI,120,25.91194918747669,0.7383447307568134
CHI_N2_RESIDUAL,36-9-25-55,PHI,135,18.085910819557824,0.7347408750250947
CHI_N2_RESIDUAL,36-9-25-55,PHI,150,13.569233322541978,0.7673489938626984
CHI_N2_RESIDUAL,36-9-25-55,PHI,165,12.21349737743903,0.7747604557243096
CHI_N2_RESIDUAL,36-9-25-55,PSI,-105,32.011747071349355,0.7982063338067226
CHI_N2_RESIDUAL,36-9-25-55,PSI,-90,14.696882575166297,0.8966480544164211
CHI_N2_RESIDUAL,36-9-25-55,PSI,-75,4.330868332829533,0.9342721566844935
CHI_N2_RESIDUAL,36-9-25-55,PSI,-60,0.0,0.9212992858198104
CHI_N2_RESIDUAL,36-9-25-55,PSI,-45,0.19638589416353,0.8931365260875118
CHI_N2_RESIDUAL,36-9-25-55,PSI,-30,3.0779934750218234,0.8621666306914788
CHI_N2_RESIDUAL,36-9-25-55,PSI,-15,6.97513939178259,0.8290918991829819
CHI_N2_RESIDUAL,36-9-25-55,PSI,0,10.412722960962697,0.7902142222775844
CHI_N2_RESIDUAL,36-9-25-55,PSI,15,11.945479233545104,0.7473370066642533
CHI_N2_RESIDUAL,36-9-25-55,PSI,30,11.696853683615846,0.7496627627466195
CHI_N2_RESIDUAL,36-9-25-55,PSI,45,12.409782605194598,0.7714096492761465
CHI_N2_RESIDUAL,36-9-25-55,PSI,60,15.683428081132595,0.7807495782203159
CHI_N2_RESIDUAL,36-9-25-55,PSI,75,23.207234060776265,0.782173675343913
CHI_N2_RESIDUAL,36-9-25-55,PSI,90,36.77978373595889,0.7812008996109193
PHI_N3_RESIDUAL,7-8-9-10,CHI,-180,1.8361875979134048,1.1180569715965911
PHI_N3_RESIDUAL,7-8-9-10,CHI,-165,1.4130028718141248,1.1136003732769983
PHI_N3_RESIDUAL,7-8-9-10,CHI,-150,1.3982414847839755,1.1121664777778908
PHI_N3_RESIDUAL,7-8-9-10,CHI,-135,1.7201805587324959,1.115359422586925
PHI_N3_RESIDUAL,7-8-9-10,CHI,-120,2.1004462123625456,1.1237366532473343
PHI_N3_RESIDUAL,7-8-9-10,CHI,-105,2.282405294363951,1.132825537539793
PHI_N3_RESIDUAL,7-8-9-10,CHI,-90,2.191846518770847,1.1388309595253965
PHI_N3_RESIDUAL,7-8-9-10,CHI,-75,1.9493375527533943,1.1406362138221697
PHI_N3_RESIDUAL,7-8-9-10,CHI,-60,1.7582771045303314,1.1404093588172186
PHI_N3_RESIDUAL,7-8-9-10,CHI,-45,1.7517423921353694,1.141223256376309
PHI_N3_RESIDUAL,7-8-9-10,CHI,-30,1.8731815879809242,1.145076194164874
PHI_N3_RESIDUAL,7-8-9-10,CHI,-15,1.8830474967830666,1.151644531303763
PHI_N3_RESIDUAL,7-8-9-10,CHI,0,1.53761834092137,1.158033260007168
PHI_N3_RESIDUAL,7-8-9-10,CHI,15,0.8500053424677801,1.1566887202773262
PHI_N3_RESIDUAL,7-8-9-10,CHI,30,0.1979165005694423,1.1456805454624024
PHI_N3_RESIDUAL,7-8-9-10,CHI,45,0.0,1.129895925128319
PHI_N3_RESIDUAL,7-8-9-10,CHI,60,0.32618472333560894,1.1151764450136383
PHI_N3_RESIDUAL,7-8-9-10,CHI,75,1.0408015037026501,1.1015361781006394
PHI_N3_RESIDUAL,7-8-9-10,CHI,90,2.0223598887749024,1.0923660567838902
PHI_N3_RESIDUAL,7-8-9-10,CHI,105,3.0480034924252344,1.094356234918844
PHI_N3_RESIDUAL,7-8-9-10,CHI,120,3.7373350122694022,1.1067880202410572
PHI_N3_RESIDUAL,7-8-9-10,CHI,135,3.8030037733710786,1.1248665006416811
PHI_N3_RESIDUAL,7-8-9-10,CHI,150,3.292878201783699,1.1327934796038335
PHI_N3_RESIDUAL,7-8-9-10,CHI,165,2.5316328285396272,1.1261526384995497
PHI_N3_RESIDUAL,7-8-9-10,PHI,-180,12.297421019351964,1.534812871412938
PHI_N3_RESIDUAL,7-8-9-10,PHI,-165,12.017065696114134,1.604337403369023
PHI_N3_RESIDUAL,7-8-9-10,PHI,-150,12.14534987811232,1.228406880973332
PHI_N3_RESIDUAL,7-8-9-10,PHI,-135,12.088672339648122,0.5365735126964188
PHI_N3_RESIDUAL,7-8-9-10,PHI,-120,9.406090467076242,0.029592909864510714
PHI_N3_RESIDUAL,7-8-9-10,PHI,-105,5.389702277432289,0.1130697751311337
PHI_N3_RESIDUAL,7-8-9-10,PHI,-90,1.8840517384563273,0.49736793412886177
PHI_N3_RESIDUAL,7-8-9-10,PHI,-75,0.0,0.9402462254061249
PHI_N3_RESIDUAL,7-8-9-10,PHI,-60,1.1679589391511374,1.3197319811481123
PHI_N3_RESIDUAL,7-8-9-10,PHI,-45,5.348395421266241,1.554595787661934
PHI_N3_RESIDUAL,7-8-9-10,PHI,-30,12.61886348886727,1.621858043658019
PHI_N3_RESIDUAL,7-8-9-10,PHI,-15,24.120153734931876,1.5369261082802146
PHI_N3_RESIDUAL,7-8-9-10,PHI,0,39.62646469177788,1.3510022857860156
PHI_N3_RESIDUAL,7-8-9-10,PHI,105,36.46525443667219,1.112598598041165
PHI_N3_RESIDUAL,7-8-9-10,PHI,120,25.91194918747669,0.9745523662341641
PHI_N3_RESIDUAL,7-8-9-10,PHI,135,18.085910819557824,0.881626175499514
PHI_N3_RESIDUAL,7-8-9-10,PHI,150,13.569233322541978,0.947189864178298
PHI_N3_RESIDUAL,7-8-9-10,PHI,165,12.21349737743903,1.227736251762036
PHI_N3_RESIDUAL,7-8-9-10,PSI,-105,32.011747071349355,1.5722818947862773
PHI_N3_RESIDUAL,7-8-9-10,PSI,-90,14.696882575166297,1.5451866634233722
PHI_N3_RESIDUAL,7-8-9-10,PSI,-75,4.330868332829533,1.4629231888276515
PHI_N3_RESIDUAL,7-8-9-10,PSI,-60,0.0,1.2555337805226066
PHI_N3_RESIDUAL,7-8-9-10,PSI,-45,0.19638589416353,0.8951591270138864
PHI_N3_RESIDUAL,7-8-9-10,PSI,-30,3.0779934750218234,0.4702595510517451
PHI_N3_RESIDUAL,7-8-9-10,PSI,-15,6.97513939178259,0.11223469854341103
PHI_N3_RESIDUAL,7-8-9-10,PSI,0,10.412722960962697,0.017008330356275574
PHI_N3_RESIDUAL,7-8-9-10,PSI,15,11.945479233545104,0.6328587464974917
PHI_N3_RESIDUAL,7-8-9-10,PSI,30,11.696853683615846,1.5243506539310316
PHI_N3_RESIDUAL,7-8-9-10,PSI,45,12.409782605194598,1.550533403290691
PHI_N3_RESIDUAL,7-8-9-10,PSI,60,15.683428081132595,1.3219362373930046
PHI_N3_RESIDUAL,7-8-9-10,PSI,75,23.207234060776265,1.2204357909636627
PHI_N3_RESIDUAL,7-8-9-10,PSI,90,36.77978373595889,1.1488782171892968
PHI_N3_RESIDUAL,7-8-9-25,CHI,-180,1.8361875979134048,0.9609506195444273
PHI_N3_RESIDUAL,7-8-9-25,CHI,-165,1.4130028718141248,0.9404187326973471
PHI_N3_RESIDUAL,7-8-9-25,CHI,-150,1.3982414847839755,0.9302444214492502
PHI_N3_RESIDUAL,7-8-9-25,CHI,-135,1.7201805587324959,0.9414710995553953
PHI_N3_RESIDUAL,7-8-9-25,CHI,-120,2.1004462123625456,0.9741965859409423
PHI_N3_RESIDUAL,7-8-9-25,CHI,-105,2.282405294363951,1.006426239006363
PHI_N3_RESIDUAL,7-8-9-25,CHI,-90,2.191846518770847,1.0224534701319112
PHI_N3_RESIDUAL,7-8-9-25,CHI,-75,1.9493375527533943,1.0180788328427939
PHI_N3_RESIDUAL,7-8-9-25,CHI,-60,1.7582771045303314,1.0008459695751133
PHI_N3_RESIDUAL,7-8-9-25,CHI,-45,1.7517423921353694,0.9847361852085275
PHI_N3_RESIDUAL,7-8-9-25,CHI,-30,1.8731815879809242,0.9798665173547217
PHI_N3_RESIDUAL,7-8-9-25,CHI,-15,1.8830474967830666,0.9939222244800618
PHI_N3_RESIDUAL,7-8-9-25,CHI,0,1.53761834092137,1.0196050269050394
PHI_N3_RESIDUAL,7-8-9-25,CHI,15,0.8500053424677801,1.029480936033157
PHI_N3_RESIDUAL,7-8-9-25,CHI,30,0.1979165005694423,1.0131752867412869
PHI_N3_RESIDUAL,7-8-9-25,CHI,45,0.0,0.9778604468974497
PHI_N3_RESIDUAL,7-8-9-25,CHI,60,0.32618472333560894,0.9369504183486824
PHI_N3_RESIDUAL,7-8-9-25,CHI,75,1.0408015037026501,0.8934448011234332
PHI_N3_RESIDUAL,7-8-9-25,CHI,90,2.0223598887749024,0.8661052275283772
PHI_N3_RESIDUAL,7-8-9-25,CHI,105,3.0480034924252344,0.878390169696121
PHI_N3_RESIDUAL,7-8-9-25,CHI,120,3.7373350122694022,0.9205119355102914
PHI_N3_RESIDUAL,7-8-9-25,CHI,135,3.8030037733710786,0.966728411049973
PHI_N3_RESIDUAL,7-8-9-25,CHI,150,3.292878201783699,0.9890421779931653
PHI_N3_RESIDUAL,7-8-9-25,CHI,165,2.5316328285396272,0.9827322455192918
PHI_N3_RESIDUAL,7-8-9-25,PHI,-180,12.297421019351964,1.3011065386066865
PHI_N3_RESIDUAL,7-8-9-25,PHI,-165,12.017065696114134,1.6146610396962136
PHI_N3_RESIDUAL,7-8-9-25,PHI,-150,12.14534987811232,1.4585985082132342
PHI_N3_RESIDUAL,7-8-9-25,PHI,-135,12.088672339648122,0.9499569315125073
PHI_N3_RESIDUAL,7-8-9-25,PHI,-120,9.406090467076242,0.3440999819074092
PHI_N3_RESIDUAL,7-8-9-25,PHI,-105,5.389702277432289,0.01174832961240592
PHI_N3_RESIDUAL,7-8-9-25,PHI,-90,1.8840517384563273,0.14910115846684635
PHI_N3_RESIDUAL,7-8-9-25,PHI,-75,0.0,0.674730158754718
PHI_N3_RESIDUAL,7-8-9-25,PHI,-60,1.1679589391511374,1.2774465302575673
PHI_N3_RESIDUAL,7-8-9-25,PHI,-45,5.348395421266241,1.609936272637384
PHI_N3_RESIDUAL,7-8-9-25,PHI,-30,12.61886348886727,1.478842826312309
PHI_N3_RESIDUAL,7-8-9-25,PHI,-15,24.120153734931876,0.9595269134226251
PHI_N3_RESIDUAL,7-8-9-25,PHI,0,39.62646469177788,0.35268782897972495
PHI_N3_RESIDUAL,7-8-9-25,PHI,105,36.46525443667219,0.9520082104734537
PHI_N3_RESIDUAL,7-8-9-25,PHI,120,25.91194918747669,0.34265988348704474
PHI_N3_RESIDUAL,7-8-9-25,PHI,135,18.085910819557824,0.011263593723584386
PHI_N3_RESIDUAL,7-8-9-25,PHI,150,13.569233322541978,0.1504892179842705
PHI_N3_RESIDUAL,7-8-9-25,PHI,165,12.21349737743903,0.7017414256924791
PHI_N3_RESIDUAL,7-8-9-25,PSI,-105,32.011747071349355,1.5663326561048712
PHI_N3_RESIDUAL,7-8-9-25,PSI,-90,14.696882575166297,1.5097138157440477
PHI_N3_RESIDUAL,7-8-9-25,PSI,-75,4.330868332829533,1.384455972798738
PHI_N3_RESIDUAL,7-8-9-25,PSI,-60,0.0,1.1131798577979841
PHI_N3_RESIDUAL,7-8-9-25,PSI,-45,0.19638589416353,0.7036673812982636
PHI_N3_RESIDUAL,7-8-9-25,PSI,-30,3.0779934750218234,0.29276360905402293
PHI_N3_RESIDUAL,7-8-9-25,PSI,-15,6.97513939178259,0.02805674330361118
PHI_N3_RESIDUAL,7-8-9-25,PSI,0,10.412722960962697,0.09128332669558735
PHI_N3_RESIDUAL,7-8-9-25,PSI,15,11.945479233545104,0.892139496718486
PHI_N3_RESIDUAL,7-8-9-25,PSI,30,11.696853683615846,1.6089768098128394
PHI_N3_RESIDUAL,7-8-9-25,PSI,45,12.409782605194598,1.4230124870005927
PHI_N3_RESIDUAL,7-8-9-25,PSI,60,15.683428081132595,1.1464349967910206
PHI_N3_RESIDUAL,7-8-9-25,PSI,75,23.207234060776265,1.0921366937550443
PHI_N3_RESIDUAL,7-8-9-25,PSI,90,36.77978373595889,1.077229439094013
PHI_N3_RESIDUAL,7-8-9-36,CHI,-180,1.8361875979134048,1.0794490963135643
PHI_N3_RESIDUAL,7-8-9-36,CHI,-165,1.4130028718141248,1.071729780074007
PHI_N3_RESIDUAL,7-8-9-36,CHI,-150,1.3982414847839755,1.067317804118251
PHI_N3_RESIDUAL,7-8-9-36,CHI,-135,1.7201805587324959,1.069889220688298
PHI_N3_RESIDUAL,7-8-9-36,CHI,-120,2.1004462123625456,1.0798328099012149
PHI_N3_RESIDUAL,7-8-9-36,CHI,-105,2.282405294363951,1.090459486204845
PHI_N3_RESIDUAL,7-8-9-36,CHI,-90,2.191846518770847,1.097246712043218
PHI_N3_RESIDUAL,7-8-9-36,CHI,-75,1.9493375527533943,1.0992217374232647
PHI_N3_RESIDUAL,7-8-9-36,CHI,-60,1.7582771045303314,1.0985525458945524
PHI_N3_RESIDUAL,7-8-9-36,CHI,-45,1.7517423921353694,1.0989370777721472
PHI_N3_RESIDUAL,7-8-9-36,CHI,-30,1.8731815879809242,1.1040088394825676
PHI_N3_RESIDUAL,7-8-9-36,CHI,-15,1.8830474967830666,1.1148903705499078
PHI_N3_RESIDUAL,7-8-9-36,CHI,0,1.53761834092137,1.127087378613192
PHI_N3_RESIDUAL,7-8-9-36,CHI,15,0.8500053424677801,1.127733856833158
PHI_N3_RESIDUAL,7-8-9-36,CHI,30,0.1979165005694423,1.114290486295289
PHI_N3_RESIDUAL,7-8-9-36,CHI,45,0.0,1.0936630970319414
PHI_N3_RESIDUAL,7-8-9-36,CHI,60,0.32618472333560894,1.0731404826895383
PHI_N3_RESIDUAL,7-8-9-36,CHI,75,1.0408015037026501,1.0522636146611362
PHI_N3_RESIDUAL,7-8-9-36,CHI,90,2.0223598887749024,1.0381247342102515
PHI_N3_RESIDUAL,7-8-9-36,CHI,105,3.0480034924252344,1.0431533459351632
PHI_N3_RESIDUAL,7-8-9-36,CHI,120,3.7373350122694022,1.0627764108445137
PHI_N3_RESIDUAL,7-8-9-36,CHI,135,3.8030037733710786,1.085338815081687
PHI_N3_RESIDUAL,7-8-9-36,CHI,150,3.292878201783699,1.0950448322700927
PHI_N3_RESIDUAL,7-8-9-36,CHI,165,2.5316328285396272,1.0892423467756323
PHI_N3_RESIDUAL,7-8-9-36,PHI,-180,12.297421019351964,1.5060345359460188
PHI_N3_RESIDUAL,7-8-9-36,PHI,-165,12.017065696114134,1.6023112939244446
PHI_N3_RESIDUAL,7-8-9-36,PHI,-150,12.14534987811232,1.2232026920796035
PHI_N3_RESIDUAL,7-8-9-36,PHI,-135,12.088672339648122,0.5914725696602897
PHI_N3_RESIDUAL,7-8-9-36,PHI,-120,9.406090467076242,0.08089255237123558
PHI_N3_RESIDUAL,7-8-9-36,PHI,-105,5.389702277432289,0.0413864327615726
PHI_N3_RESIDUAL,7-8-9-36,PHI,-90,1.8840517384563273,0.3790243027168542
PHI_N3_RESIDUAL,7-8-9-36,PHI,-75,0.0,0.8718428285873092
PHI_N3_RESIDUAL,7-8-9-36,PHI,-60,1.1679589391511374,1.3064046089788763
PHI_N3_RESIDUAL,7-8-9-36,PHI,-45,5.348395421266241,1.5544665572088214
PHI_N3_RESIDUAL,7-8-9-36,PHI,-30,12.61886348886727,1.6223740923797596
PHI_N3_RESIDUAL,7-8-9-36,PHI,-15,24.120153734931876,1.5655920054127193
PHI_N3_RESIDUAL,7-8-9-36,PHI,0,39.62646469177788,1.4688477633715786
PHI_N3_RESIDUAL,7-8-9-36,PHI,105,36.46525443667219,0.09669034939533515
PHI_N3_RESIDUAL,7-8-9-36,PHI,120,25.91194918747669,0.1845914431789553
PHI_N3_RESIDUAL,7-8-9-36,PHI,135,18.085910819557824,0.3261916060400069
PHI_N3_RESIDUAL,7-8-9-36,PHI,150,13.569233322541978,0.6003389127583367
PHI_N3_RESIDUAL,7-8-9-36,PHI,165,12.21349737743903,1.0704586437693175
PHI_N3_RESIDUAL,7-8-9-36,PSI,-105,32.011747071349355,1.419287588541427
PHI_N3_RESIDUAL,7-8-9-36,PSI,-90,14.696882575166297,1.4364978259821386
PHI_N3_RESIDUAL,7-8-9-36,PSI,-75,4.330868332829533,1.3842136443985564
PHI_N3_RESIDUAL,7-8-9-36,PSI,-60,0.0,1.2035985915612837
PHI_N3_RESIDUAL,7-8-9-36,PSI,-45,0.19638589416353,0.8717639275737121
PHI_N3_RESIDUAL,7-8-9-36,PSI,-30,3.0779934750218234,0.4676576681709043
PHI_N3_RESIDUAL,7-8-9-36,PSI,-15,6.97513939178259,0.1188146033372323
PHI_N3_RESIDUAL,7-8-9-36,PSI,0,10.412722960962697,0.011928205512325197
PHI_N3_RESIDUAL,7-8-9-36,PSI,15,11.945479233545104,0.6082030879651702
PHI_N3_RESIDUAL,7-8-9-36,PSI,30,11.696853683615846,1.5087821409364068
PHI_N3_RESIDUAL,7-8-9-36,PSI,45,12.409782605194598,1.5524656621950406
PHI_N3_RESIDUAL,7-8-9-36,PSI,60,15.683428081132595,1.3007388498596397
PHI_N3_RESIDUAL,7-8-9-36,PSI,75,23.207234060776265,1.1837019423321713
PHI_N3_RESIDUAL,7-8-9-36,PSI,90,36.77978373595889,1.0846954206519948
PHI_N3_RESIDUAL,10-9-8-34,CHI,-180,1.8361875979134048,0.9618130162857182
PHI_N3_RESIDUAL,10-9-8-34,CHI,-165,1.4130028718141248,0.9610983372581313
PHI_N3_RESIDUAL,10-9-8-34,CHI,-150,1.3982414847839755,0.9624496048330371
PHI_N3_RESIDUAL,10-9-8-34,CHI,-135,1.7201805587324959,0.9662978632954182
PHI_N3_RESIDUAL,10-9-8-34,CHI,-120,2.1004462123625456,0.9734610619234491
PHI_N3_RESIDUAL,10-9-8-34,CHI,-105,2.282405294363951,0.9816657025078985
PHI_N3_RESIDUAL,10-9-8-34,CHI,-90,2.191846518770847,0.9891966838566616
PHI_N3_RESIDUAL,10-9-8-34,CHI,-75,1.9493375527533943,0.9955457372656548
PHI_N3_RESIDUAL,10-9-8-34,CHI,-60,1.7582771045303314,1.0018688067087242
PHI_N3_RESIDUAL,10-9-8-34,CHI,-45,1.7517423921353694,1.0088530004305307
PHI_N3_RESIDUAL,10-9-8-34,CHI,-30,1.8731815879809242,1.0169146326557326
PHI_N3_RESIDUAL,10-9-8-34,CHI,-15,1.8830474967830666,1.022933253927325
PHI_N3_RESIDUAL,10-9-8-34,CHI,0,1.53761834092137,1.0235252663733159
PHI_N3_RESIDUAL,10-9-8-34,CHI,15,0.8500053424677801,1.015106744352814
PHI_N3_RESIDUAL,10-9-8-34,CHI,30,0.1979165005694423,0.9985333266389551
PHI_N3_RESIDUAL,10-9-8-34,CHI,45,0.0,0.9798576008582771
PHI_N3_RESIDUAL,10-9-8-34,CHI,60,0.32618472333560894,0.9645443097683953
PHI_N3_RESIDUAL,10-9-8-34,CHI,75,1.0408015037026501,0.9512093011267169
PHI_N3_RESIDUAL,10-9-8-34,CHI,90,2.0223598887749024,0.9413939591352403
PHI_N3_RESIDUAL,10-9-8-34,CHI,105,3.0480034924252344,0.9412155403322848
PHI_N3_RESIDUAL,10-9-8-34,CHI,120,3.7373350122694022,0.9505291050666903
PHI_N3_RESIDUAL,10-9-8-34,CHI,135,3.8030037733710786,0.9658215859405128
PHI_N3_RESIDUAL,10-9-8-34,CHI,150,3.292878201783699,0.9720491172047684
PHI_N3_RESIDUAL,10-9-8-34,CHI,165,2.5316328285396272,0.966253488271379
PHI_N3_RESIDUAL,10-9-8-34,PHI,-180,12.297421019351964,1.5252517064797348
PHI_N3_RESIDUAL,10-9-8-34,PHI,-165,12.017065696114134,1.6177849671106264
PHI_N3_RESIDUAL,10-9-8-34,PHI,-150,12.14534987811232,1.322150807466374
PHI_N3_RESIDUAL,10-9-8-34,PHI,-135,12.088672339648122,0.6350655145199906
PHI_N3_RESIDUAL,10-9-8-34,PHI,-120,9.406090467076242,0.05662520460255707
PHI_N3_RESIDUAL,10-9-8-34,PHI,-105,5.389702277432289,0.07429035568592812
PHI_N3_RESIDUAL,10-9-8-34,PHI,-90,1.8840517384563273,0.4055583748479827
PHI_N3_RESIDUAL,10-9-8-34,PHI,-75,0.0,0.8034390121795527
PHI_N3_RESIDUAL,10-9-8-34,PHI,-60,1.1679589391511374,1.1594341241031998
PHI_N3_RESIDUAL,10-9-8-34,PHI,-45,5.348395421266241,1.4204421323242649
PHI_N3_RESIDUAL,10-9-8-34,PHI,-30,12.61886348886727,1.5543128310918048
PHI_N3_RESIDUAL,10-9-8-34,PHI,-15,24.120153734931876,1.6096786325385666
PHI_N3_RESIDUAL,10-9-8-34,PHI,0,39.62646469177788,1.622551184711047
PHI_N3_RESIDUAL,10-9-8-34,PHI,105,36.46525443667219,1.1692216142446858
PHI_N3_RESIDUAL,10-9-8-34,PHI,120,25.91194918747669,1.058718390991161
PHI_N3_RESIDUAL,10-9-8-34,PHI,135,18.085910819557824,0.9810477457373805
PHI_N3_RESIDUAL,10-9-8-34,PHI,150,13.569233322541978,1.030693062967299
PHI_N3_RESIDUAL,10-9-8-34,PHI,165,12.21349737743903,1.2575119706364786
PHI_N3_RESIDUAL,10-9-8-34,PSI,-105,32.011747071349355,1.3080933532760561
PHI_N3_RESIDUAL,10-9-8-34,PSI,-90,14.696882575166297,1.323071339867454
PHI_N3_RESIDUAL,10-9-8-34,PSI,-75,4.330868332829533,1.2706961633909295
PHI_N3_RESIDUAL,10-9-8-34,PSI,-60,0.0,1.0911392209669457
PHI_N3_RESIDUAL,10-9-8-34,PSI,-45,0.19638589416353,0.7661565940942366
PHI_N3_RESIDUAL,10-9-8-34,PSI,-30,3.0779934750218234,0.38788611889936386
PHI_N3_RESIDUAL,10-9-8-34,PSI,-15,6.97513939178259,0.08413038153495439
PHI_N3_RESIDUAL,10-9-8-34,PSI,0,10.412722960962697,0.025859197036261484
PHI_N3_RESIDUAL,10-9-8-34,PSI,15,11.945479233545104,0.7148435697853833
PHI_N3_RESIDUAL,10-9-8-34,PSI,30,11.696853683615846,1.5661453675632206
PHI_N3_RESIDUAL,10-9-8-34,PSI,45,12.409782605194598,1.5453321744562625
PHI_N3_RESIDUAL,10-9-8-34,PSI,60,15.683428081132595,1.3801906525599579
PHI_N3_RESIDUAL,10-9-8-34,PSI,75,23.207234060776265,1.3426893240189284
PHI_N3_RESIDUAL,10-9-8-34,PSI,90,36.77978373595889,1.337385241847531
PHI_N3_RESIDUAL,10-9-8-35,CHI,-180,1.8361875979134048,1.1483262066252673
PHI_N3_RESIDUAL,10-9-8-35,CHI,-165,1.4130028718141248,1.1438032831333949
PHI_N3_RESIDUAL,10-9-8-35,CHI,-150,1.3982414847839755,1.1425134500903105
PHI_N3_RESIDUAL,10-9-8-35,CHI,-135,1.7201805587324959,1.146271925409899
PHI_N3_RESIDUAL,10-9-8-35,CHI,-120,2.1004462123625456,1.1558016557601667
PHI_N3_RESIDUAL,10-9-8-35,CHI,-105,2.282405294363951,1.1665191776333383
PHI_N3_RESIDUAL,10-9-8-35,CHI,-90,2.191846518770847,1.174878616424833
PHI_N3_RESIDUAL,10-9-8-35,CHI,-75,1.9493375527533943,1.1799756618204953
PHI_N3_RESIDUAL,10-9-8-35,CHI,-60,1.7582771045303314,1.184010553207471
PHI_N3_RESIDUAL,10-9-8-35,CHI,-45,1.7517423921353694,1.1893703932345403
PHI_N3_RESIDUAL,10-9-8-35,CHI,-30,1.8731815879809242,1.1975984499773735
PHI_N3_RESIDUAL,10-9-8-35,CHI,-15,1.8830474967830666,1.206018208980496
PHI_N3_RESIDUAL,10-9-8-35,CHI,0,1.53761834092137,1.210409026933887
PHI_N3_RESIDUAL,10-9-8-35,CHI,15,0.8500053424677801,1.2052477559964532
PHI_N3_RESIDUAL,10-9-8-35,CHI,30,0.1979165005694423,1.1906855589733165
PHI_N3_RESIDUAL,10-9-8-35,CHI,45,0.0,1.1720352003714196
PHI_N3_RESIDUAL,10-9-8-35,CHI,60,0.32618472333560894,1.1550970704715993
PHI_N3_RESIDUAL,10-9-8-35,CHI,75,1.0408015037026501,1.139544214604202
PHI_N3_RESIDUAL,10-9-8-35,CHI,90,2.0223598887749024,1.128869888341013
PHI_N3_RESIDUAL,10-9-8-35,CHI,105,3.0480034924252344,1.1293197334761806
PHI_N3_RESIDUAL,10-9-8-35,CHI,120,3.7373350122694022,1.1397321513792185
PHI_N3_RESIDUAL,10-9-8-35,CHI,135,3.8030037733710786,1.1556892606455267
PHI_N3_RESIDUAL,10-9-8-35,CHI,150,3.292878201783699,1.1627647390460136
PHI_N3_RESIDUAL,10-9-8-35,CHI,165,2.5316328285396272,1.1563687084562126
PHI_N3_RESIDUAL,10-9-8-35,PHI,-180,12.297421019351964,1.5919750464358409
PHI_N3_RESIDUAL,10-9-8-35,PHI,-165,12.017065696114134,1.5668783349452144
PHI_N3_RESIDUAL,10-9-8-35,PHI,-150,12.14534987811232,1.120988400355252
PHI_N3_RESIDUAL,10-9-8-35,PHI,-135,12.088672339648122,0.4053579085820595
PHI_N3_RESIDUAL,10-9-8-35,PHI,-120,9.406090467076242,0.0016690261832271298
PHI_N3_RESIDUAL,10-9-8-35,PHI,-105,5.389702277432289,0.2101686451936806
PHI_N3_RESIDUAL,10-9-8-35,PHI,-90,1.8840517384563273,0.6200030876975662
PHI_N3_RESIDUAL,10-9-8-35,PHI,-75,0.0,1.011756972746273
PHI_N3_RESIDUAL,10-9-8-35,PHI,-60,1.1679589391511374,1.3247520283020784
PHI_N3_RESIDUAL,10-9-8-35,PHI,-45,5.348395421266241,1.532451201069004
PHI_N3_RESIDUAL,10-9-8-35,PHI,-30,12.61886348886727,1.6164733681486168
PHI_N3_RESIDUAL,10-9-8-35,PHI,-15,24.120153734931876,1.6094828008081363
PHI_N3_RESIDUAL,10-9-8-35,PHI,0,39.62646469177788,1.5473605934694463
PHI_N3_RESIDUAL,10-9-8-35,PHI,105,36.46525443667219,1.275640778785755
PHI_N3_RESIDUAL,10-9-8-35,PHI,120,25.91194918747669,1.1387210401652468
PHI_N3_RESIDUAL,10-9-8-35,PHI,135,18.085910819557824,1.042300462901589
PHI_N3_RESIDUAL,10-9-8-35,PHI,150,13.569233322541978,1.0985446341061114
PHI_N3_RESIDUAL,10-9-8-35,PHI,165,12.21349737743903,1.3505053312026363
PHI_N3_RESIDUAL,10-9-8-35,PSI,-105,32.011747071349355,1.4547796088166893
PHI_N3_RESIDUAL,10-9-8-35,PSI,-90,14.696882575166297,1.4534414469661767
PHI_N3_RESIDUAL,10-9-8-35,PSI,-75,4.330868332829533,1.4071103185291816
PHI_N3_RESIDUAL,10-9-8-35,PSI,-60,0.0,1.2624814648969083
PHI_N3_RESIDUAL,10-9-8-35,PSI,-45,0.19638589416353,0.981292517200083
PHI_N3_RESIDUAL,10-9-8-35,PSI,-30,3.0779934750218234,0.6041652931555407
PHI_N3_RESIDUAL,10-9-8-35,PSI,-15,6.97513939178259,0.22566128112076608
PHI_N3_RESIDUAL,10-9-8-35,PSI,0,10.412722960962697,0.001486521284965692
PHI_N3_RESIDUAL,10-9-8-35,PSI,15,11.945479233545104,0.47581214980353664
PHI_N3_RESIDUAL,10-9-8-35,PSI,30,11.696853683615846,1.4565377386233036
PHI_N3_RESIDUAL,10-9-8-35,PSI,45,12.409782605194598,1.6060015919728643
PHI_N3_RESIDUAL,10-9-8-35,PSI,60,15.683428081132595,1.4914304091247208
PHI_N3_RESIDUAL,10-9-8-35,PSI,75,23.207234060776265,1.4659172352208827
PHI_N3_RESIDUAL,10-9-8-35,PSI,90,36.77978373595889,1.469574206476196
PHI_N3_RESIDUAL,25-9-8-34,CHI,-180,1.8361875979134048,0.7986223882726359
PHI_N3_RESIDUAL,25-9-8-34,CHI,-165,1.4130028718141248,0.7818668699136234
PHI_N3_RESIDUAL,25-9-8-34,CHI,-150,1.3982414847839755,0.7744973396434666
PHI_N3_RESIDUAL,25-9-8-34,CHI,-135,1.7201805587324959,0.7863277468568223
PHI_N3_RESIDUAL,25-9-8-34,CHI,-120,2.1004462123625456,0.8178466693729268
PHI_N3_RESIDUAL,25-9-8-34,CHI,-105,2.282405294363951,0.8493882432369152
PHI_N3_RESIDUAL,25-9-8-34,CHI,-90,2.191846518770847,0.8670713397901849
PHI_N3_RESIDUAL,25-9-8-34,CHI,-75,1.9493375527533943,0.8670830189806702
PHI_N3_RESIDUAL,25-9-8-34,CHI,-60,1.7582771045303314,0.8560798181208774
PHI_N3_RESIDUAL,25-9-8-34,CHI,-45,1.7517423921353694,0.84586548023591
PHI_N3_RESIDUAL,25-9-8-34,CHI,-30,1.8731815879809242,0.84498503182463
PHI_N3_RESIDUAL,25-9-8-34,CHI,-15,1.8830474967830666,0.8583724551193066
PHI_N3_RESIDUAL,25-9-8-34,CHI,0,1.53761834092137,0.8783471273666135
PHI_N3_RESIDUAL,25-9-8-34,CHI,15,0.8500053424677801,0.8813490774766862
PHI_N3_RESIDUAL,25-9-8-34,CHI,30,0.1979165005694423,0.8595727985630112
PHI_N3_RESIDUAL,25-9-8-34,CHI,45,0.0,0.8214364023332866
PHI_N3_RESIDUAL,25-9-8-34,CHI,60,0.32618472333560894,0.7801647829177354
PHI_N3_RESIDUAL,25-9-8-34,CHI,75,1.0408015037026501,0.737487102965079
PHI_N3_RESIDUAL,25-9-8-34,CHI,90,2.0223598887749024,0.7100541253127814
PHI_N3_RESIDUAL,25-9-8-34,CHI,105,3.0480034924252344,0.719999816678764
PHI_N3_RESIDUAL,25-9-8-34,CHI,120,3.7373350122694022,0.7583591520884014
PHI_N3_RESIDUAL,25-9-8-34,CHI,135,3.8030037733710786,0.8012168365608441
PHI_N3_RESIDUAL,25-9-8-34,CHI,150,3.292878201783699,0.8217510268738137
PHI_N3_RESIDUAL,25-9-8-34,CHI,165,2.5316328285396272,0.8166005917384063
PHI_N3_RESIDUAL,25-9-8-34,PHI,-180,12.297421019351964,1.2845136126085785
PHI_N3_RESIDUAL,25-9-8-34,PHI,-165,12.017065696114134,1.5986500311668175
PHI_N3_RESIDUAL,25-9-8-34,PHI,-150,12.14534987811232,1.520965556089581
PHI_N3_RESIDUAL,25-9-8-34,PHI,-135,12.088672339648122,1.0496872086656392
PHI_N3_RESIDUAL,25-9-8-34,PHI,-120,9.406090467076242,0.4161203942938616
PHI_N3_RESIDUAL,25-9-8-34,PHI,-105,5.389702277432289,0.03013149997595727
PHI_N3_RESIDUAL,25-9-8-34,PHI,-90,1.8840517384563273,0.09529212998647817
PHI_N3_RESIDUAL,25-9-8-34,PHI,-75,0.0,0.5419323386538066
PHI_N3_RESIDUAL,25-9-8-34,PHI,-60,1.1679589391511374,1.1109337974877938
PHI_N3_RESIDUAL,25-9-8-34,PHI,-45,5.348395421266241,1.5286370093881165
PHI_N3_RESIDUAL,25-9-8-34,PHI,-30,12.61886348886727,1.6136820988154386
PHI_N3_RESIDUAL,25-9-8-34,PHI,-15,24.120153734931876,1.4078849031488239
PHI_N3_RESIDUAL,25-9-8-34,PHI,0,39.62646469177788,1.0146664647983226
PHI_N3_RESIDUAL,25-9-8-34,PHI,105,36.46525443667219,0.8906048625164705
PHI_N3_RESIDUAL,25-9-8-34,PHI,120,25.91194918747669,0.27443395239021545
PHI_N3_RESIDUAL,25-9-8-34,PHI,135,18.085910819557824,0.0007441050475110008
PHI_N3_RESIDUAL,25-9-8-34,PHI,150,13.569233322541978,0.20374980155012257
PHI_N3_RESIDUAL,25-9-8-34,PHI,165,12.21349737743903,0.7366729878547038
PHI_N3_RESIDUAL,25-9-8-34,PSI,-105,32.011747071349355,1.2947892699647547
PHI_N3_RESIDUAL,25-9-8-34,PSI,-90,14.696882575166297,1.2620999873760432
PHI_N3_RESIDUAL,25-9-8-34,PSI,-75,4.330868332829533,1.1669736772958175
PHI_N3_RESIDUAL,25-9-8-34,PSI,-60,0.0,0.9357325076383711
PHI_N3_RESIDUAL,25-9-8-34,PSI,-45,0.19638589416353,0.5775350416503708
PHI_N3_RESIDUAL,25-9-8-34,PSI,-30,3.0779934750218234,0.22446432545780762
PHI_N3_RESIDUAL,25-9-8-34,PSI,-15,6.97513939178259,0.014742952027918298
PHI_N3_RESIDUAL,25-9-8-34,PSI,0,10.412722960962697,0.11006574198044086
PHI_N3_RESIDUAL,25-9-8-34,PSI,15,11.945479233545104,0.9743822531275705
PHI_N3_RESIDUAL,25-9-8-34,PSI,30,11.696853683615846,1.6210661045572374
PHI_N3_RESIDUAL,25-9-8-34,PSI,45,12.409782605194598,1.4147867042742344
PHI_N3_RESIDUAL,25-9-8-34,PSI,60,15.683428081132595,1.2159260176757758
PHI_N3_RESIDUAL,25-9-8-34,PSI,75,23.207234060776265,1.227768839403819
PHI_N3_RESIDUAL,25-9-8-34,PSI,90,36.77978373595889,1.2763004113166823
PHI_N3_RESIDUAL,25-9-8-35,CHI,-180,1.8361875979134048,0.9932315016417341
PHI_N3_RESIDUAL,25-9-8-35,CHI,-165,1.4130028718141248,0.9727080845056789
PHI_N3_RESIDUAL,25-9-8-35,CHI,-150,1.3982414847839755,0.9627345401826424
PHI_N3_RESIDUAL,25-9-8-35,CHI,-135,1.7201805587324959,0.9745481422332734
PHI_N3_RESIDUAL,25-9-8-35,CHI,-120,2.1004462123625456,1.0083914588467502
PHI_N3_RESIDUAL,25-9-8-35,CHI,-105,2.282405294363951,1.0421988031010874
PHI_N3_RESIDUAL,25-9-8-35,CHI,-90,2.191846518770847,1.060659033770119
PHI_N3_RESIDUAL,25-9-8-35,CHI,-75,1.9493375527533943,1.0599072506901945
PHI_N3_RESIDUAL,25-9-8-35,CHI,-60,1.7582771045303314,1.0475134503576808
PHI_N3_RESIDUAL,25-9-8-35,CHI,-45,1.7517423921353694,1.0366096731223013
PHI_N3_RESIDUAL,25-9-8-35,CHI,-30,1.8731815879809242,1.0367288603781362
PHI_N3_RESIDUAL,25-9-8-35,CHI,-15,1.8830474967830666,1.0528005713716693
PHI_N3_RESIDUAL,25-9-8-35,CHI,0,1.53761834092137,1.0760251853622673
PHI_N3_RESIDUAL,25-9-8-35,CHI,15,0.8500053424677801,1.0815069507243582
PHI_N3_RESIDUAL,25-9-8-35,CHI,30,0.1979165005694423,1.0613102936420833
PHI_N3_RESIDUAL,25-9-8-35,CHI,45,0.0,1.022986699317623
PHI_N3_RESIDUAL,25-9-8-35,CHI,60,0.32618472333560894,0.9797710666649794
PHI_N3_RESIDUAL,25-9-8-35,CHI,75,1.0408015037026501,0.934228831172575
PHI_N3_RESIDUAL,25-9-8-35,CHI,90,2.0223598887749024,0.9052160607093979
PHI_N3_RESIDUAL,25-9-8-35,CHI,105,3.0480034924252344,0.9158219685343358
PHI_N3_RESIDUAL,25-9-8-35,CHI,120,3.7373350122694022,0.9557622731840543
PHI_N3_RESIDUAL,25-9-8-35,CHI,135,3.8030037733710786,0.9996831613866932
PHI_N3_RESIDUAL,25-9-8-35,CHI,150,3.292878201783699,1.0210278786808944
PHI_N3_RESIDUAL,25-9-8-35,CHI,165,2.5316328285396272,1.0149126522375367
PHI_N3_RESIDUAL,25-9-8-35,PHI,-180,12.297421019351964,1.4165287237821442
PHI_N3_RESIDUAL,25-9-8-35,PHI,-165,12.017065696114134,1.6224365367649562
PHI_N3_RESIDUAL,25-9-8-35,PHI,-150,12.14534987811232,1.3792100928849282
PHI_N3_RESIDUAL,25-9-8-35,PHI,-135,12.088672339648122,0.80577576717269
PHI_N3_RESIDUAL,25-9-8-35,PHI,-120,9.406090467076242,0.21788247787891285
PHI_N3_RESIDUAL,25-9-8-35,PHI,-105,5.389702277432289,0.0004060412365299142
PHI_N3_RESIDUAL,25-9-8-35,PHI,-90,1.8840517384563273,0.23183129429658017
PHI_N3_RESIDUAL,25-9-8-35,PHI,-75,0.0,0.7472030184643766
PHI_N3_RESIDUAL,25-9-8-35,PHI,-60,1.1679589391511374,1.2827211706372577
PHI_N3_RESIDUAL,25-9-8-35,PHI,-45,5.348395421266241,1.5992582906128576
PHI_N3_RESIDUAL,25-9-8-35,PHI,-30,12.61886348886727,1.5457880294837303
PHI_N3_RESIDUAL,25-9-8-35,PHI,-15,24.120153734931876,1.1768250353261283
PHI_N3_RESIDUAL,25-9-8-35,PHI,0,39.62646469177788,0.6566012288503497
PHI_N3_RESIDUAL,25-9-8-35,PHI,105,36.46525443667219,0.7670661339365288
PHI_N3_RESIDUAL,25-9-8-35,PHI,120,25.91194918747669,0.21335553705719387
PHI_N3_RESIDUAL,25-9-8-35,PHI,135,18.085910819557824,0.0004998287101616121
PHI_N3_RESIDUAL,25-9-8-35,PHI,150,13.569233322541978,0.2533972490795918
PHI_N3_RESIDUAL,25-9-8-35,PHI,165,12.21349737743903,0.8538809722254734
PHI_N3_RESIDUAL,25-9-8-35,PSI,-105,32.011747071349355,1.4444755999903325
PHI_N3_RESIDUAL,25-9-8-35,PSI,-90,14.696882575166297,1.4043742396999734
PHI_N3_RESIDUAL,25-9-8-35,PSI,-75,4.330868332829533,1.319316534726281
PHI_N3_RESIDUAL,25-9-8-35,PSI,-60,0.0,1.1208967231939844
PHI_N3_RESIDUAL,25-9-8-35,PSI,-45,0.19638589416353,0.7906037943182386
PHI_N3_RESIDUAL,25-9-8-35,PSI,-30,3.0779934750218234,0.409795803008839
PHI_N3_RESIDUAL,25-9-8-35,PSI,-15,6.97513939178259,0.09769533545637307
PHI_N3_RESIDUAL,25-9-8-35,PSI,0,10.412722960962697,0.018380544551002635
PHI_N3_RESIDUAL,25-9-8-35,PSI,15,11.945479233545104,0.7264716355691688
PHI_N3_RESIDUAL,25-9-8-35,PSI,30,11.696853683615846,1.576818995993018
PHI_N3_RESIDUAL,25-9-8-35,PSI,45,12.409782605194598,1.525359310454787
PHI_N3_RESIDUAL,25-9-8-35,PSI,60,15.683428081132595,1.3578988088413118
PHI_N3_RESIDUAL,25-9-8-35,PSI,75,23.207234060776265,1.3724205164912238
PHI_N3_RESIDUAL,25-9-8-35,PSI,90,36.77978373595889,1.4215200200263376
PHI_N3_RESIDUAL,34-8-9-36,CHI,-180,1.8361875979134048,0.9210598668630469
PHI_N3_RESIDUAL,34-8-9-36,CHI,-165,1.4130028718141248,0.9170122537529335
PHI_N3_RESIDUAL,34-8-9-36,CHI,-150,1.3982414847839755,0.9152924907437152
PHI_N3_RESIDUAL,34-8-9-36,CHI,-135,1.7201805587324959,0.9184543868390693
PHI_N3_RESIDUAL,34-8-9-36,CHI,-120,2.1004462123625456,0.927132833498943
PHI_N3_RESIDUAL,34-8-9-36,CHI,-105,2.282405294363951,0.9368219306959117
PHI_N3_RESIDUAL,34-8-9-36,CHI,-90,2.191846518770847,0.9451126897910043
PHI_N3_RESIDUAL,34-8-9-36,CHI,-75,1.9493375527533943,0.9516676337828608
PHI_N3_RESIDUAL,34-8-9-36,CHI,-60,1.7582771045303314,0.9576041404925505
PHI_N3_RESIDUAL,34-8-9-36,CHI,-45,1.7517423921353694,0.964202553724085
PHI_N3_RESIDUAL,34-8-9-36,CHI,-30,1.8731815879809242,0.9735523770469876
PHI_N3_RESIDUAL,34-8-9-36,CHI,-15,1.8830474967830666,0.9840290442268089
PHI_N3_RESIDUAL,34-8-9-36,CHI,0,1.53761834092137,0.9906256096279512
PHI_N3_RESIDUAL,34-8-9-36,CHI,15,0.8500053424677801,0.984259969346147
PHI_N3_RESIDUAL,34-8-9-36,CHI,30,0.1979165005694423,0.965161326515763
PHI_N3_RESIDUAL,34-8-9-36,CHI,45,0.0,0.9415164132594226
PHI_N3_RESIDUAL,34-8-9-36,CHI,60,0.32618472333560894,0.9202818465578033
PHI_N3_RESIDUAL,34-8-9-36,CHI,75,1.0408015037026501,0.899578762824095
PHI_N3_RESIDUAL,34-8-9-36,CHI,90,2.0223598887749024,0.8847305880364442
PHI_N3_RESIDUAL,34-8-9-36,CHI,105,3.0480034924252344,0.8876571331963669
PHI_N3_RESIDUAL,34-8-9-36,CHI,120,3.7373350122694022,0.9042604966187133
PHI_N3_RESIDUAL,34-8-9-36,CHI,135,3.8030037733710786,0.9239928118161339
PHI_N3_RESIDUAL,34-8-9-36,CHI,150,3.292878201783699,0.931979200524557
PHI_N3_RESIDUAL,34-8-9-36,CHI,165,2.5316328285396272,0.9271570291572698
PHI_N3_RESIDUAL,34-8-9-36,PHI,-180,12.297421019351964,1.4951632491775484
PHI_N3_RESIDUAL,34-8-9-36,PHI,-165,12.017065696114134,1.6167137171357397
PHI_N3_RESIDUAL,34-8-9-36,PHI,-150,12.14534987811232,1.3174334922113018
PHI_N3_RESIDUAL,34-8-9-36,PHI,-135,12.088672339648122,0.691743804408465
PHI_N3_RESIDUAL,34-8-9-36,PHI,-120,9.406090467076242,0.12188619276064874
PHI_N3_RESIDUAL,34-8-9-36,PHI,-105,5.389702277432289,0.0191635265744373
PHI_N3_RESIDUAL,34-8-9-36,PHI,-90,1.8840517384563273,0.29591928465210915
PHI_N3_RESIDUAL,34-8-9-36,PHI,-75,0.0,0.7346571415427622
PHI_N3_RESIDUAL,34-8-9-36,PHI,-60,1.1679589391511374,1.1440390566146736
PHI_N3_RESIDUAL,34-8-9-36,PHI,-45,5.348395421266241,1.4202291993959704
PHI_N3_RESIDUAL,34-8-9-36,PHI,-30,12.61886348886727,1.5479433827040814
PHI_N3_RESIDUAL,34-8-9-36,PHI,-15,24.120153734931876,1.5942124887371376
PHI_N3_RESIDUAL,34-8-9-36,PHI,0,39.62646469177788,1.6015457735848782
PHI_N3_RESIDUAL,34-8-9-36,PHI,105,36.46525443667219,0.1280968660779324
PHI_N3_RESIDUAL,34-8-9-36,PHI,120,25.91194918747669,0.2433694041516367
PHI_N3_RESIDUAL,34-8-9-36,PHI,135,18.085910819557824,0.4103419546768843
PHI_N3_RESIDUAL,34-8-9-36,PHI,150,13.569233322541978,0.6840395016965573
PHI_N3_RESIDUAL,34-8-9-36,PHI,165,12.21349737743903,1.1035243471186547
PHI_N3_RESIDUAL,34-8-9-36,PSI,-105,32.011747071349355,1.0428451536839816
PHI_N3_RESIDUAL,34-8-9-36,PSI,-90,14.696882575166297,1.150978202677132
PHI_N3_RESIDUAL,34-8-9-36,PSI,-75,4.330868332829533,1.16666597383931
PHI_N3_RESIDUAL,34-8-9-36,PSI,-60,0.0,1.0334918667277706
PHI_N3_RESIDUAL,34-8-9-36,PSI,-45,0.19638589416353,0.7427260494109617
PHI_N3_RESIDUAL,34-8-9-36,PSI,-30,3.0779934750218234,0.38544072074459945
PHI_N3_RESIDUAL,34-8-9-36,PSI,-15,6.97513939178259,0.08989442433086971
PHI_N3_RESIDUAL,34-8-9-36,PSI,0,10.412722960962697,0.01950561425364001
PHI_N3_RESIDUAL,34-8-9-36,PSI,15,11.945479233545104,0.6897066276464389
PHI_N3_RESIDUAL,34-8-9-36,PSI,30,11.696853683615846,1.5540270845245305
PHI_N3_RESIDUAL,34-8-9-36,PSI,45,12.409782605194598,1.5473300964834418
PHI_N3_RESIDUAL,34-8-9-36,PSI,60,15.683428081132595,1.3606871141460934
PHI_N3_RESIDUAL,34-8-9-36,PSI,75,23.207234060776265,1.310313499772734
PHI_N3_RESIDUAL,34-8-9-36,PSI,90,36.77978373595889,1.2827650016216539
PHI_N3_RESIDUAL,35-8-9-36,CHI,-180,1.8361875979134048,1.1103449141571917
PHI_N3_RESIDUAL,35-8-9-36,CHI,-165,1.4130028718141248,1.1025933859295227
PHI_N3_RESIDUAL,35-8-9-36,CHI,-150,1.3982414847839755,1.098367539003916
PHI_N3_RESIDUAL,35-8-9-36,CHI,-135,1.7201805587324959,1.101537841557858
PHI_N3_RESIDUAL,35-8-9-36,CHI,-120,2.1004462123625456,1.1126667533134393
PHI_N3_RESIDUAL,35-8-9-36,CHI,-105,2.282405294363951,1.1249690283345575
PHI_N3_RESIDUAL,35-8-9-36,CHI,-90,2.191846518770847,1.1341787111596706
PHI_N3_RESIDUAL,35-8-9-36,CHI,-75,1.9493375527533943,1.1395361136152304
PHI_N3_RESIDUAL,35-8-9-36,CHI,-60,1.7582771045303314,1.143252743778225
PHI_N3_RESIDUAL,35-8-9-36,CHI,-45,1.7517423921353694,1.1483241422231993
PHI_N3_RESIDUAL,35-8-9-36,CHI,-30,1.8731815879809242,1.1578799813232175
PHI_N3_RESIDUAL,35-8-9-36,CHI,-15,1.8830474967830666,1.1705623773922504
PHI_N3_RESIDUAL,35-8-9-36,CHI,0,1.53761834092137,1.1805509047186338
PHI_N3_RESIDUAL,35-8-9-36,CHI,15,0.8500053424677801,1.1772279262057301
PHI_N3_RESIDUAL,35-8-9-36,CHI,30,0.1979165005694423,1.1601835239966523
PHI_N3_RESIDUAL,35-8-9-36,CHI,45,0.0,1.1366879295422119
PHI_N3_RESIDUAL,35-8-9-36,CHI,60,0.32618472333560894,1.1139609425024743
PHI_N3_RESIDUAL,35-8-9-36,CHI,75,1.0408015037026501,1.0912002570776296
PHI_N3_RESIDUAL,35-8-9-36,CHI,90,2.0223598887749024,1.0755578872619271
PHI_N3_RESIDUAL,35-8-9-36,CHI,105,3.0480034924252344,1.0789672277866853
PHI_N3_RESIDUAL,35-8-9-36,CHI,120,3.7373350122694022,1.0964564904571747
PHI_N3_RESIDUAL,35-8-9-36,CHI,135,3.8030037733710786,1.1168341171187826
PHI_N3_RESIDUAL,35-8-9-36,CHI,150,3.292878201783699,1.125663436017451
PHI_N3_RESIDUAL,35-8-9-36,CHI,165,2.5316328285396272,1.1200797604162502
PHI_N3_RESIDUAL,35-8-9-36,PHI,-180,12.297421019351964,1.5737387009414998
PHI_N3_RESIDUAL,35-8-9-36,PHI,-165,12.017065696114134,1.5634216510846843
PHI_N3_RESIDUAL,35-8-9-36,PHI,-150,12.14534987811232,1.115384246179929
PHI_N3_RESIDUAL,35-8-9-36,PHI,-135,12.088672339648122,0.45626151884143534
PHI_N3_RESIDUAL,35-8-9-36,PHI,-120,9.406090467076242,0.02395013837944008
PHI_N3_RESIDUAL,35-8-9-36,PHI,-105,5.389702277432289,0.10837547464048458
PHI_N3_RESIDUAL,35-8-9-36,PHI,-90,1.8840517384563273,0.4933940994557277
PHI_N3_RESIDUAL,35-8-9-36,PHI,-75,0.0,0.9443547319171985
PHI_N3_RESIDUAL,35-8-9-36,PHI,-60,1.1679589391511374,1.311508642844861
PHI_N3_RESIDUAL,35-8-9-36,PHI,-45,5.348395421266241,1.5323034840798286
PHI_N3_RESIDUAL,35-8-9-36,PHI,-30,12.61886348886727,1.6144216785124932
PHI_N3_RESIDUAL,35-8-9-36,PHI,-15,24.120153734931876,1.6190595255886013
PHI_N3_RESIDUAL,35-8-9-36,PHI,0,39.62646469177788,1.603592426690178
PHI_N3_RESIDUAL,35-8-9-36,PHI,105,36.46525443667219,0.20246870352395197
PHI_N3_RESIDUAL,35-8-9-36,PHI,120,25.91194918747669,0.30754907702419565
PHI_N3_RESIDUAL,35-8-9-36,PHI,135,18.085910819557824,0.46647174982968137
PHI_N3_RESIDUAL,35-8-9-36,PHI,150,13.569233322541978,0.7550099837601058
PHI_N3_RESIDUAL,35-8-9-36,PHI,165,12.21349737743903,1.2095500434870348
PHI_N3_RESIDUAL,35-8-9-36,PSI,-105,32.011747071349355,1.2328366627909786
PHI_N3_RESIDUAL,35-8-9-36,PSI,-90,14.696882575166297,1.3104251422932787
PHI_N3_RESIDUAL,35-8-9-36,PSI,-75,4.330868332829533,1.3190495873962507
PHI_N3_RESIDUAL,35-8-9-36,PSI,-60,0.0,1.2108701949078515
PHI_N3_RESIDUAL,35-8-9-36,PSI,-45,0.19638589416353,0.9582567560642037
PHI_N3_RESIDUAL,35-8-9-36,PSI,-30,3.0779934750218234,0.6013918058875346
PHI_N3_RESIDUAL,35-8-9-36,PSI,-15,6.97513939178259,0.23458844742857807
PHI_N3_RESIDUAL,35-8-9-36,PSI,0,10.412722960962697,0.003580062652831562
PHI_N3_RESIDUAL,35-8-9-36,PSI,15,11.945479233545104,0.45288234542017014
PHI_N3_RESIDUAL,35-8-9-36,PSI,30,11.696853683615846,1.4369496683367835
PHI_N3_RESIDUAL,35-8-9-36,PSI,45,12.409782605194598,1.6069380536156626
PHI_N3_RESIDUAL,35-8-9-36,PSI,60,15.683428081132595,1.4763816651903223
PHI_N3_RESIDUAL,35-8-9-36,PSI,75,23.207234060776265,1.4402880601181625
PHI_N3_RESIDUAL,35-8-9-36,PSI,90,36.77978373595889,1.426707538158849
