condition,enantiomer,seed,model,status,family,source,source_sha256,sam_compatibility,sam_min_distance_A,engine_score,scientific_score_interpretation
7A_WT_SAM_BOUND,R,1,1,ACCEPTED_ON_SITE,1,analysis/dcmb/controlled_campaign/raw/7A_WT_SAM_BOUND_R_s1.pdbqt,087599bc6fd0f1fdbd8bf6e0984f28f0488b93ea0b2e47a2e537d1c3d844752f,compatible,3.342066576236925,-5.983,NONE
7A_WT_SAM_BOUND,R,1,2,ACCEPTED_ON_SITE,2,analysis/dcmb/controlled_campaign/raw/7A_WT_SAM_BOUND_R_s1.pdbqt,087599bc6fd0f1fdbd8bf6e0984f28f0488b93ea0b2e47a2e537d1c3d844752f,compatible,3.514191514416936,-5.696,NONE
7A_WT_SAM_BOUND,R,1,3,ACCEPTED_ON_SITE,3,analysis/dcmb/controlled_campaign/raw/7A_WT_SAM_BOUND_R_s1.pdbqt,087599bc6fd0f1fdbd8bf6e0984f28f0488b93ea0b2e47a2e537d1c3d844752f,compatible,3.163130885689051,-5.516,NONE
7A_WT_SAM_BOUND,R,1,4,ACCEPTED_ON_SITE,4,analysis/dcmb/controlled_campaign/raw/7A_WT_SAM_BOUND_R_s1.pdbqt,087599bc6fd0f1fdbd8bf6e0984f28f0488b93ea0b2e47a2e537d1c3d844752f,compatible,3.1686961040781423,-5.466,NONE
7A_WT_SAM_BOUND,R,1,5,REJECTED_OUTSIDE_CANONICAL_SITE,,analysis/dcmb/controlled_campaign/raw/7A_WT_SAM_BOUND_R_s1.pdbqt,087599bc6fd0f1fdbd8bf6e0984f28f0488b93ea0b2e47a2e537d1c3d844752f,compatible,9.462932420766831,-4.949,NONE
7A_WT_SAM_BOUND,R,1,6,ACCEPTED_ON_SITE,5,analysis/dcmb/controlled_campaign/raw/7A_WT_SAM_BOUND_R_s1.pdbqt,087599bc6fd0f1fdbd8bf6e0984f28f0488b93ea0b2e47a2e537d1c3d844752f,compatible,3.1596275096916093,-4.923,NONE
7A_WT_SAM_BOUND,R,1,7,REJECTED_OUTSIDE_CANONICAL_SITE,,analysis/dcmb/controlled_campaign/raw/7A_WT_SAM_BOUND_R_s1.pdbqt,087599bc6fd0f1fdbd8bf6e0984f28f0488b93ea0b2e47a2e537d1c3d844752f,compatible,9.853049883158006,-4.894,NONE
7A_WT_SAM_BOUND,R,1,8,REJECTED_OUTSIDE_CANONICAL_SITE,,analysis/dcmb/controlled_campaign/raw/7A_WT_SAM_BOUND_R_s1.pdbqt,087599bc6fd0f1fdbd8bf6e0984f28f0488b93ea0b2e47a2e537d1c3d844752f,compatible,10.338559570849316,-4.779,NONE
7A_WT_SAM_BOUND,R,1,9,REJECTED_OUTSIDE_CANONICAL_SITE,,analysis/dcmb/controlled_campaign/raw/7A_WT_SAM_BOUND_R_s1.pdbqt,087599bc6fd0f1fdbd8bf6e0984f28f0488b93ea0b2e47a2e537d1c3d844752f,compatible,9.92334908183724,-4.733,NONE
7A_WT_SAM_BOUND,R,7,1,ACCEPTED_ON_SITE,1,analysis/dcmb/controlled_campaign/raw/7A_WT_SAM_BOUND_R_s7.pdbqt,3a2171a3e30d72074972b38f7911710c12188407e438dd893c8d11bc794180e8,compatible,3.3521151531533047,-5.979,NONE
7A_WT_SAM_BOUND,R,7,2,ACCEPTED_ON_SITE,2,analysis/dcmb/controlled_campaign/raw/7A_WT_SAM_BOUND_R_s7.pdbqt,3a2171a3e30d72074972b38f7911710c12188407e438dd893c8d11bc794180e8,compatible,3.5565159918099623,-5.703,NONE
7A_WT_SAM_BOUND,R,7,3,ACCEPTED_ON_SITE,3,analysis/dcmb/controlled_campaign/raw/7A_WT_SAM_BOUND_R_s7.pdbqt,3a2171a3e30d72074972b38f7911710c12188407e438dd893c8d11bc794180e8,compatible,3.2116344748429886,-5.492,NONE
7A_WT_SAM_BOUND,R,7,4,ACCEPTED_ON_SITE,4,analysis/dcmb/controlled_campaign/raw/7A_WT_SAM_BOUND_R_s7.pdbqt,3a2171a3e30d72074972b38f7911710c12188407e438dd893c8d11bc794180e8,compatible,3.1995205890883094,-5.487,NONE
7A_WT_SAM_BOUND,R,7,5,REJECTED_OUTSIDE_CANONICAL_SITE,,analysis/dcmb/controlled_campaign/raw/7A_WT_SAM_BOUND_R_s7.pdbqt,3a2171a3e30d72074972b38f7911710c12188407e438dd893c8d11bc794180e8,compatible,9.475681400300456,-4.947,NONE
7A_WT_SAM_BOUND,R,7,6,ACCEPTED_ON_SITE,5,analysis/dcmb/controlled_campaign/raw/7A_WT_SAM_BOUND_R_s7.pdbqt,3a2171a3e30d72074972b38f7911710c12188407e438dd893c8d11bc794180e8,compatible,3.161792213286635,-4.932,NONE
7A_WT_SAM_BOUND,R,7,7,REJECTED_OUTSIDE_CANONICAL_SITE,,analysis/dcmb/controlled_campaign/raw/7A_WT_SAM_BOUND_R_s7.pdbqt,3a2171a3e30d72074972b38f7911710c12188407e438dd893c8d11bc794180e8,compatible,9.836855645987695,-4.897,NONE
7A_WT_SAM_BOUND,R,7,8,REJECTED_OUTSIDE_CANONICAL_SITE,,analysis/dcmb/controlled_campaign/raw/7A_WT_SAM_BOUND_R_s7.pdbqt,3a2171a3e30d72074972b38f7911710c12188407e438dd893c8d11bc794180e8,compatible,10.302250822029135,-4.799,NONE
7A_WT_SAM_BOUND,R,7,9,REJECTED_OUTSIDE_CANONICAL_SITE,,analysis/dcmb/controlled_campaign/raw/7A_WT_SAM_BOUND_R_s7.pdbqt,3a2171a3e30d72074972b38f7911710c12188407e438dd893c8d11bc794180e8,compatible,9.876980763370959,-4.74,NONE
7A_WT_SAM_BOUND,R,42,1,ACCEPTED_ON_SITE,1,analysis/dcmb/controlled_campaign/raw/7A_WT_SAM_BOUND_R_s42.pdbqt,da43b9d5714cff6d35ed08f355fdcf6b4654160461b5ec08c24277dd7096bba9,compatible,3.374229097142042,-5.986,NONE
7A_WT_SAM_BOUND,R,42,2,ACCEPTED_ON_SITE,2,analysis/dcmb/controlled_campaign/raw/7A_WT_SAM_BOUND_R_s42.pdbqt,da43b9d5714cff6d35ed08f355fdcf6b4654160461b5ec08c24277dd7096bba9,compatible,3.5275638902789557,-5.69,NONE
7A_WT_SAM_BOUND,R,42,3,ACCEPTED_ON_SITE,3,analysis/dcmb/controlled_campaign/raw/7A_WT_SAM_BOUND_R_s42.pdbqt,da43b9d5714cff6d35ed08f355fdcf6b4654160461b5ec08c24277dd7096bba9,compatible,3.2051795581527096,-5.492,NONE
7A_WT_SAM_BOUND,R,42,4,ACCEPTED_ON_SITE,4,analysis/dcmb/controlled_campaign/raw/7A_WT_SAM_BOUND_R_s42.pdbqt,da43b9d5714cff6d35ed08f355fdcf6b4654160461b5ec08c24277dd7096bba9,compatible,3.1871396266872276,-5.476,NONE
7A_WT_SAM_BOUND,R,42,5,REJECTED_OUTSIDE_CANONICAL_SITE,,analysis/dcmb/controlled_campaign/raw/7A_WT_SAM_BOUND_R_s42.pdbqt,da43b9d5714cff6d35ed08f355fdcf6b4654160461b5ec08c24277dd7096bba9,compatible,9.517130082120344,-4.943,NONE
7A_WT_SAM_BOUND,R,42,6,REJECTED_OUTSIDE_CANONICAL_SITE,,analysis/dcmb/controlled_campaign/raw/7A_WT_SAM_BOUND_R_s42.pdbqt,da43b9d5714cff6d35ed08f355fdcf6b4654160461b5ec08c24277dd7096bba9,compatible,9.788465150369591,-4.904,NONE
7A_WT_SAM_BOUND,R,42,7,REJECTED_OUTSIDE_CANONICAL_SITE,,analysis/dcmb/controlled_campaign/raw/7A_WT_SAM_BOUND_R_s42.pdbqt,da43b9d5714cff6d35ed08f355fdcf6b4654160461b5ec08c24277dd7096bba9,compatible,10.328915770786399,-4.796,NONE
7A_WT_SAM_BOUND,R,42,8,REJECTED_OUTSIDE_CANONICAL_SITE,,analysis/dcmb/controlled_campaign/raw/7A_WT_SAM_BOUND_R_s42.pdbqt,da43b9d5714cff6d35ed08f355fdcf6b4654160461b5ec08c24277dd7096bba9,compatible,9.737829634985404,-4.708,NONE
7A_WT_SAM_BOUND,R,42,9,REJECTED_OUTSIDE_CANONICAL_SITE,,analysis/dcmb/controlled_campaign/raw/7A_WT_SAM_BOUND_R_s42.pdbqt,da43b9d5714cff6d35ed08f355fdcf6b4654160461b5ec08c24277dd7096bba9,compatible,10.624589356770452,-4.681,NONE
7A_WT_SAM_BOUND,S,1,1,ACCEPTED_ON_SITE,1,analysis/dcmb/controlled_campaign/raw/7A_WT_SAM_BOUND_S_s1.pdbqt,85e491c5b26d3006a309471429f5947840e0bc94a4dc4209e1ad6ff35309d22a,compatible,3.4297113581174727,-5.973,NONE
7A_WT_SAM_BOUND,S,1,2,ACCEPTED_ON_SITE,2,analysis/dcmb/controlled_campaign/raw/7A_WT_SAM_BOUND_S_s1.pdbqt,85e491c5b26d3006a309471429f5947840e0bc94a4dc4209e1ad6ff35309d22a,compatible,3.12711256593043,-5.727,NONE
7A_WT_SAM_BOUND,S,1,3,ACCEPTED_ON_SITE,3,analysis/dcmb/controlled_campaign/raw/7A_WT_SAM_BOUND_S_s1.pdbqt,85e491c5b26d3006a309471429f5947840e0bc94a4dc4209e1ad6ff35309d22a,compatible,3.42715479662066,-5.41,NONE
7A_WT_SAM_BOUND,S,1,4,ACCEPTED_ON_SITE,4,analysis/dcmb/controlled_campaign/raw/7A_WT_SAM_BOUND_S_s1.pdbqt,85e491c5b26d3006a309471429f5947840e0bc94a4dc4209e1ad6ff35309d22a,compatible,3.0734400921443057,-5.349,NONE
7A_WT_SAM_BOUND,S,1,5,ACCEPTED_ON_SITE,5,analysis/dcmb/controlled_campaign/raw/7A_WT_SAM_BOUND_S_s1.pdbqt,85e491c5b26d3006a309471429f5947840e0bc94a4dc4209e1ad6ff35309d22a,compatible,3.122584506462555,-5.111,NONE
7A_WT_SAM_BOUND,S,1,6,ACCEPTED_ON_SITE,6,analysis/dcmb/controlled_campaign/raw/7A_WT_SAM_BOUND_S_s1.pdbqt,85e491c5b26d3006a309471429f5947840e0bc94a4dc4209e1ad6ff35309d22a,compatible,3.1953885522734162,-5.086,NONE
7A_WT_SAM_BOUND,S,1,7,REJECTED_OUTSIDE_CANONICAL_SITE,,analysis/dcmb/controlled_campaign/raw/7A_WT_SAM_BOUND_S_s1.pdbqt,85e491c5b26d3006a309471429f5947840e0bc94a4dc4209e1ad6ff35309d22a,compatible,10.002344575148369,-4.908,NONE
7A_WT_SAM_BOUND,S,1,8,REJECTED_OUTSIDE_CANONICAL_SITE,,analysis/dcmb/controlled_campaign/raw/7A_WT_SAM_BOUND_S_s1.pdbqt,85e491c5b26d3006a309471429f5947840e0bc94a4dc4209e1ad6ff35309d22a,compatible,9.94448726682276,-4.903,NONE
7A_WT_SAM_BOUND,S,1,9,REJECTED_OUTSIDE_CANONICAL_SITE,,analysis/dcmb/controlled_campaign/raw/7A_WT_SAM_BOUND_S_s1.pdbqt,85e491c5b26d3006a309471429f5947840e0bc94a4dc4209e1ad6ff35309d22a,compatible,9.864822654259934,-4.766,NONE
7A_WT_SAM_BOUND,S,7,1,ACCEPTED_ON_SITE,1,analysis/dcmb/controlled_campaign/raw/7A_WT_SAM_BOUND_S_s7.pdbqt,34111ef6c5da84c07f901e65606838d315704d3dab13d06f91832393c5d159e4,compatible,3.449958260617076,-5.981,NONE
7A_WT_SAM_BOUND,S,7,2,ACCEPTED_ON_SITE,2,analysis/dcmb/controlled_campaign/raw/7A_WT_SAM_BOUND_S_s7.pdbqt,34111ef6c5da84c07f901e65606838d315704d3dab13d06f91832393c5d159e4,compatible,3.1423830129377928,-5.715,NONE
7A_WT_SAM_BOUND,S,7,3,ACCEPTED_ON_SITE,3,analysis/dcmb/controlled_campaign/raw/7A_WT_SAM_BOUND_S_s7.pdbqt,34111ef6c5da84c07f901e65606838d315704d3dab13d06f91832393c5d159e4,compatible,3.4666544390809992,-5.406,NONE
7A_WT_SAM_BOUND,S,7,4,ACCEPTED_ON_SITE,4,analysis/dcmb/controlled_campaign/raw/7A_WT_SAM_BOUND_S_s7.pdbqt,34111ef6c5da84c07f901e65606838d315704d3dab13d06f91832393c5d159e4,compatible,3.139312345084509,-5.358,NONE
7A_WT_SAM_BOUND,S,7,5,REJECTED_OUTSIDE_CANONICAL_SITE,,analysis/dcmb/controlled_campaign/raw/7A_WT_SAM_BOUND_S_s7.pdbqt,34111ef6c5da84c07f901e65606838d315704d3dab13d06f91832393c5d159e4,compatible,10.043966397793254,-4.936,NONE
7A_WT_SAM_BOUND,S,7,6,REJECTED_OUTSIDE_CANONICAL_SITE,,analysis/dcmb/controlled_campaign/raw/7A_WT_SAM_BOUND_S_s7.pdbqt,34111ef6c5da84c07f901e65606838d315704d3dab13d06f91832393c5d159e4,compatible,9.968587964200347,-4.914,NONE
7A_WT_SAM_BOUND,S,7,7,REJECTED_OUTSIDE_CANONICAL_SITE,,analysis/dcmb/controlled_campaign/raw/7A_WT_SAM_BOUND_S_s7.pdbqt,34111ef6c5da84c07f901e65606838d315704d3dab13d06f91832393c5d159e4,compatible,9.902438134116263,-4.878,NONE
7A_WT_SAM_BOUND,S,7,8,REJECTED_OUTSIDE_CANONICAL_SITE,,analysis/dcmb/controlled_campaign/raw/7A_WT_SAM_BOUND_S_s7.pdbqt,34111ef6c5da84c07f901e65606838d315704d3dab13d06f91832393c5d159e4,compatible,9.81561129018463,-4.832,NONE
7A_WT_SAM_BOUND,S,7,9,REJECTED_OUTSIDE_CANONICAL_SITE,,analysis/dcmb/controlled_campaign/raw/7A_WT_SAM_BOUND_S_s7.pdbqt,34111ef6c5da84c07f901e65606838d315704d3dab13d06f91832393c5d159e4,compatible,9.8315801374957,-4.788,NONE
7A_WT_SAM_BOUND,S,42,1,ACCEPTED_ON_SITE,1,analysis/dcmb/controlled_campaign/raw/7A_WT_SAM_BOUND_S_s42.pdbqt,26d4e9f9be0180508a82ee9f164bcdbe1796fec78326f39d1970561e41bcde09,compatible,3.426334922333192,-5.986,NONE
7A_WT_SAM_BOUND,S,42,2,ACCEPTED_ON_SITE,2,analysis/dcmb/controlled_campaign/raw/7A_WT_SAM_BOUND_S_s42.pdbqt,26d4e9f9be0180508a82ee9f164bcdbe1796fec78326f39d1970561e41bcde09,compatible,3.1562466633645725,-5.745,NONE
7A_WT_SAM_BOUND,S,42,3,ACCEPTED_ON_SITE,4,analysis/dcmb/controlled_campaign/raw/7A_WT_SAM_BOUND_S_s42.pdbqt,26d4e9f9be0180508a82ee9f164bcdbe1796fec78326f39d1970561e41bcde09,compatible,3.188214233705132,-5.398,NONE
7A_WT_SAM_BOUND,S,42,4,ACCEPTED_ON_SITE,3,analysis/dcmb/controlled_campaign/raw/7A_WT_SAM_BOUND_S_s42.pdbqt,26d4e9f9be0180508a82ee9f164bcdbe1796fec78326f39d1970561e41bcde09,compatible,3.444915238434757,-5.387,NONE
7A_WT_SAM_BOUND,S,42,5,ACCEPTED_ON_SITE,5,analysis/dcmb/controlled_campaign/raw/7A_WT_SAM_BOUND_S_s42.pdbqt,26d4e9f9be0180508a82ee9f164bcdbe1796fec78326f39d1970561e41bcde09,compatible,3.095406919937991,-5.102,NONE
7A_WT_SAM_BOUND,S,42,6,ACCEPTED_ON_SITE,6,analysis/dcmb/controlled_campaign/raw/7A_WT_SAM_BOUND_S_s42.pdbqt,26d4e9f9be0180508a82ee9f164bcdbe1796fec78326f39d1970561e41bcde09,compatible,3.198126170118997,-5.078,NONE
7A_WT_SAM_BOUND,S,42,7,REJECTED_OUTSIDE_CANONICAL_SITE,,analysis/dcmb/controlled_campaign/raw/7A_WT_SAM_BOUND_S_s42.pdbqt,26d4e9f9be0180508a82ee9f164bcdbe1796fec78326f39d1970561e41bcde09,compatible,9.964324462802281,-4.927,NONE
7A_WT_SAM_BOUND,S,42,8,REJECTED_OUTSIDE_CANONICAL_SITE,,analysis/dcmb/controlled_campaign/raw/7A_WT_SAM_BOUND_S_s42.pdbqt,26d4e9f9be0180508a82ee9f164bcdbe1796fec78326f39d1970561e41bcde09,compatible,9.841499530051303,-4.873,NONE
7A_WT_SAM_BOUND,S,42,9,REJECTED_OUTSIDE_CANONICAL_SITE,,analysis/dcmb/controlled_campaign/raw/7A_WT_SAM_BOUND_S_s42.pdbqt,26d4e9f9be0180508a82ee9f164bcdbe1796fec78326f39d1970561e41bcde09,compatible,9.87369459726196,-4.843,NONE
7B_WT_SAM_BOUND,R,1,1,ACCEPTED_ON_SITE,2,analysis/dcmb/controlled_campaign/raw/7B_WT_SAM_BOUND_R_s1.pdbqt,c6355ed6c5688dcb0e3e55b7721a325af7a7a229c754a1005f9aca2f89bfb49a,compatible,4.018032727591949,-5.033,NONE
7B_WT_SAM_BOUND,R,1,2,ACCEPTED_ON_SITE,3,analysis/dcmb/controlled_campaign/raw/7B_WT_SAM_BOUND_R_s1.pdbqt,c6355ed6c5688dcb0e3e55b7721a325af7a7a229c754a1005f9aca2f89bfb49a,compatible,3.909166279400251,-4.993,NONE
7B_WT_SAM_BOUND,R,1,3,ACCEPTED_ON_SITE,4,analysis/dcmb/controlled_campaign/raw/7B_WT_SAM_BOUND_R_s1.pdbqt,c6355ed6c5688dcb0e3e55b7721a325af7a7a229c754a1005f9aca2f89bfb49a,compatible,3.9924912022445334,-4.652,NONE
7B_WT_SAM_BOUND,R,1,4,ACCEPTED_ON_SITE,5,analysis/dcmb/controlled_campaign/raw/7B_WT_SAM_BOUND_R_s1.pdbqt,c6355ed6c5688dcb0e3e55b7721a325af7a7a229c754a1005f9aca2f89bfb49a,compatible,4.036464418274983,-4.523,NONE
7B_WT_SAM_BOUND,R,1,5,ACCEPTED_ON_SITE,1,analysis/dcmb/controlled_campaign/raw/7B_WT_SAM_BOUND_R_s1.pdbqt,c6355ed6c5688dcb0e3e55b7721a325af7a7a229c754a1005f9aca2f89bfb49a,compatible,2.8982285969191595,-4.52,NONE
7B_WT_SAM_BOUND,R,1,6,ACCEPTED_ON_SITE,1,analysis/dcmb/controlled_campaign/raw/7B_WT_SAM_BOUND_R_s1.pdbqt,c6355ed6c5688dcb0e3e55b7721a325af7a7a229c754a1005f9aca2f89bfb49a,compatible,2.9805544786163534,-4.266,NONE
7B_WT_SAM_BOUND,R,1,7,ACCEPTED_ON_SITE,6,analysis/dcmb/controlled_campaign/raw/7B_WT_SAM_BOUND_R_s1.pdbqt,c6355ed6c5688dcb0e3e55b7721a325af7a7a229c754a1005f9aca2f89bfb49a,compatible,3.560438877441937,-4.261,NONE
7B_WT_SAM_BOUND,R,1,8,REJECTED_OUTSIDE_CANONICAL_SITE,,analysis/dcmb/controlled_campaign/raw/7B_WT_SAM_BOUND_R_s1.pdbqt,c6355ed6c5688dcb0e3e55b7721a325af7a7a229c754a1005f9aca2f89bfb49a,compatible,12.239028842191686,-4.162,NONE
7B_WT_SAM_BOUND,R,1,9,REJECTED_OUTSIDE_CANONICAL_SITE,,analysis/dcmb/controlled_campaign/raw/7B_WT_SAM_BOUND_R_s1.pdbqt,c6355ed6c5688dcb0e3e55b7721a325af7a7a229c754a1005f9aca2f89bfb49a,compatible,12.501108150880064,-4.09,NONE
7B_WT_SAM_BOUND,R,7,1,ACCEPTED_ON_SITE,2,analysis/dcmb/controlled_campaign/raw/7B_WT_SAM_BOUND_R_s7.pdbqt,c9cbe527df815e8a50dab21e0f3eecbf63f6ea949a7113dbab0043b130b8e253,compatible,3.984647537737811,-5.136,NONE
7B_WT_SAM_BOUND,R,7,2,ACCEPTED_ON_SITE,3,analysis/dcmb/controlled_campaign/raw/7B_WT_SAM_BOUND_R_s7.pdbqt,c9cbe527df815e8a50dab21e0f3eecbf63f6ea949a7113dbab0043b130b8e253,compatible,3.941742761774289,-4.955,NONE
7B_WT_SAM_BOUND,R,7,3,ACCEPTED_ON_SITE,4,analysis/dcmb/controlled_campaign/raw/7B_WT_SAM_BOUND_R_s7.pdbqt,c9cbe527df815e8a50dab21e0f3eecbf63f6ea949a7113dbab0043b130b8e253,compatible,3.957069370127342,-4.639,NONE
7B_WT_SAM_BOUND,R,7,4,ACCEPTED_ON_SITE,1,analysis/dcmb/controlled_campaign/raw/7B_WT_SAM_BOUND_R_s7.pdbqt,c9cbe527df815e8a50dab21e0f3eecbf63f6ea949a7113dbab0043b130b8e253,compatible,2.9060724354358407,-4.56,NONE
7B_WT_SAM_BOUND,R,7,5,ACCEPTED_ON_SITE,5,analysis/dcmb/controlled_campaign/raw/7B_WT_SAM_BOUND_R_s7.pdbqt,c9cbe527df815e8a50dab21e0f3eecbf63f6ea949a7113dbab0043b130b8e253,compatible,4.082528750664226,-4.548,NONE
7B_WT_SAM_BOUND,R,7,6,ACCEPTED_ON_SITE,7,analysis/dcmb/controlled_campaign/raw/7B_WT_SAM_BOUND_R_s7.pdbqt,c9cbe527df815e8a50dab21e0f3eecbf63f6ea949a7113dbab0043b130b8e253,compatible,3.324600878301033,-4.488,NONE
7B_WT_SAM_BOUND,R,7,7,ACCEPTED_ON_SITE,6,analysis/dcmb/controlled_campaign/raw/7B_WT_SAM_BOUND_R_s7.pdbqt,c9cbe527df815e8a50dab21e0f3eecbf63f6ea949a7113dbab0043b130b8e253,compatible,3.9674217068519453,-4.369,NONE
7B_WT_SAM_BOUND,R,7,8,ACCEPTED_ON_SITE,8,analysis/dcmb/controlled_campaign/raw/7B_WT_SAM_BOUND_R_s7.pdbqt,c9cbe527df815e8a50dab21e0f3eecbf63f6ea949a7113dbab0043b130b8e253,compatible,3.611551744056839,-4.288,NONE
7B_WT_SAM_BOUND,R,7,9,REJECTED_OUTSIDE_CANONICAL_SITE,,analysis/dcmb/controlled_campaign/raw/7B_WT_SAM_BOUND_R_s7.pdbqt,c9cbe527df815e8a50dab21e0f3eecbf63f6ea949a7113dbab0043b130b8e253,compatible,12.220339316074655,-4.15,NONE
7B_WT_SAM_BOUND,R,42,1,ACCEPTED_ON_SITE,2,analysis/dcmb/controlled_campaign/raw/7B_WT_SAM_BOUND_R_s42.pdbqt,212bd04f11b67a17ed78678e7c0d3be2eefb387142fc705cccc55a4fb6fac415,compatible,4.003201718624731,-5.099,NONE
7B_WT_SAM_BOUND,R,42,2,ACCEPTED_ON_SITE,3,analysis/dcmb/controlled_campaign/raw/7B_WT_SAM_BOUND_R_s42.pdbqt,212bd04f11b67a17ed78678e7c0d3be2eefb387142fc705cccc55a4fb6fac415,compatible,3.9679220002414364,-4.932,NONE
7B_WT_SAM_BOUND,R,42,3,ACCEPTED_ON_SITE,4,analysis/dcmb/controlled_campaign/raw/7B_WT_SAM_BOUND_R_s42.pdbqt,212bd04f11b67a17ed78678e7c0d3be2eefb387142fc705cccc55a4fb6fac415,compatible,4.031878594402366,-4.666,NONE
7B_WT_SAM_BOUND,R,42,4,ACCEPTED_ON_SITE,5,analysis/dcmb/controlled_campaign/raw/7B_WT_SAM_BOUND_R_s42.pdbqt,212bd04f11b67a17ed78678e7c0d3be2eefb387142fc705cccc55a4fb6fac415,compatible,4.036786469458101,-4.528,NONE
7B_WT_SAM_BOUND,R,42,5,ACCEPTED_ON_SITE,1,analysis/dcmb/controlled_campaign/raw/7B_WT_SAM_BOUND_R_s42.pdbqt,212bd04f11b67a17ed78678e7c0d3be2eefb387142fc705cccc55a4fb6fac415,compatible,2.905695441714427,-4.522,NONE
7B_WT_SAM_BOUND,R,42,6,ACCEPTED_ON_SITE,7,analysis/dcmb/controlled_campaign/raw/7B_WT_SAM_BOUND_R_s42.pdbqt,212bd04f11b67a17ed78678e7c0d3be2eefb387142fc705cccc55a4fb6fac415,compatible,3.3329051891705532,-4.466,NONE
7B_WT_SAM_BOUND,R,42,7,ACCEPTED_ON_SITE,9,analysis/dcmb/controlled_campaign/raw/7B_WT_SAM_BOUND_R_s42.pdbqt,212bd04f11b67a17ed78678e7c0d3be2eefb387142fc705cccc55a4fb6fac415,compatible,3.2233687347245894,-4.379,NONE
7B_WT_SAM_BOUND,R,42,8,ACCEPTED_ON_SITE,6,analysis/dcmb/controlled_campaign/raw/7B_WT_SAM_BOUND_R_s42.pdbqt,212bd04f11b67a17ed78678e7c0d3be2eefb387142fc705cccc55a4fb6fac415,compatible,3.6932359794629965,-4.227,NONE
7B_WT_SAM_BOUND,R,42,9,REJECTED_OUTSIDE_CANONICAL_SITE,,analysis/dcmb/controlled_campaign/raw/7B_WT_SAM_BOUND_R_s42.pdbqt,212bd04f11b67a17ed78678e7c0d3be2eefb387142fc705cccc55a4fb6fac415,compatible,12.234725579268217,-4.159,NONE
7B_WT_SAM_BOUND,S,1,1,ACCEPTED_ON_SITE,1,analysis/dcmb/controlled_campaign/raw/7B_WT_SAM_BOUND_S_s1.pdbqt,829d9644a3b41e160922b4bf897204bfad532602967749e9c100d1d30c8678d4,compatible,4.039207966916287,-4.838,NONE
7B_WT_SAM_BOUND,S,1,2,ACCEPTED_ON_SITE,2,analysis/dcmb/controlled_campaign/raw/7B_WT_SAM_BOUND_S_s1.pdbqt,829d9644a3b41e160922b4bf897204bfad532602967749e9c100d1d30c8678d4,compatible,3.8310233619752307,-4.659,NONE
7B_WT_SAM_BOUND,S,1,3,ACCEPTED_ON_SITE,3,analysis/dcmb/controlled_campaign/raw/7B_WT_SAM_BOUND_S_s1.pdbqt,829d9644a3b41e160922b4bf897204bfad532602967749e9c100d1d30c8678d4,compatible,3.2282617613818116,-4.631,NONE
7B_WT_SAM_BOUND,S,1,4,ACCEPTED_ON_SITE,4,analysis/dcmb/controlled_campaign/raw/7B_WT_SAM_BOUND_S_s1.pdbqt,829d9644a3b41e160922b4bf897204bfad532602967749e9c100d1d30c8678d4,compatible,3.8166013677092345,-4.541,NONE
7B_WT_SAM_BOUND,S,1,5,ACCEPTED_ON_SITE,5,analysis/dcmb/controlled_campaign/raw/7B_WT_SAM_BOUND_S_s1.pdbqt,829d9644a3b41e160922b4bf897204bfad532602967749e9c100d1d30c8678d4,compatible,3.096095928746395,-4.504,NONE
7B_WT_SAM_BOUND,S,1,6,REJECTED_OUTSIDE_CANONICAL_SITE,,analysis/dcmb/controlled_campaign/raw/7B_WT_SAM_BOUND_S_s1.pdbqt,829d9644a3b41e160922b4bf897204bfad532602967749e9c100d1d30c8678d4,compatible,6.130448189162029,-4.439,NONE
7B_WT_SAM_BOUND,S,1,7,ACCEPTED_ON_SITE,6,analysis/dcmb/controlled_campaign/raw/7B_WT_SAM_BOUND_S_s1.pdbqt,829d9644a3b41e160922b4bf897204bfad532602967749e9c100d1d30c8678d4,compatible,3.26804008543347,-4.393,NONE
7B_WT_SAM_BOUND,S,1,8,ACCEPTED_ON_SITE,7,analysis/dcmb/controlled_campaign/raw/7B_WT_SAM_BOUND_S_s1.pdbqt,829d9644a3b41e160922b4bf897204bfad532602967749e9c100d1d30c8678d4,compatible,3.3302591490753386,-4.342,NONE
7B_WT_SAM_BOUND,S,7,1,ACCEPTED_ON_SITE,8,analysis/dcmb/controlled_campaign/raw/7B_WT_SAM_BOUND_S_s7.pdbqt,9982f18f5f0480b2135531ed9701d1bacf96f0ade8acf3d9122fcbcfe5601cbd,compatible,3.985934645726144,-5.149,NONE
7B_WT_SAM_BOUND,S,7,2,ACCEPTED_ON_SITE,1,analysis/dcmb/controlled_campaign/raw/7B_WT_SAM_BOUND_S_s7.pdbqt,9982f18f5f0480b2135531ed9701d1bacf96f0ade8acf3d9122fcbcfe5601cbd,compatible,3.746109448481184,-5.033,NONE
7B_WT_SAM_BOUND,S,7,3,ACCEPTED_ON_SITE,3,analysis/dcmb/controlled_campaign/raw/7B_WT_SAM_BOUND_S_s7.pdbqt,9982f18f5f0480b2135531ed9701d1bacf96f0ade8acf3d9122fcbcfe5601cbd,compatible,3.2105784525533716,-4.648,NONE
7B_WT_SAM_BOUND,S,7,4,ACCEPTED_ON_SITE,4,analysis/dcmb/controlled_campaign/raw/7B_WT_SAM_BOUND_S_s7.pdbqt,9982f18f5f0480b2135531ed9701d1bacf96f0ade8acf3d9122fcbcfe5601cbd,compatible,3.6202776136644546,-4.644,NONE
7B_WT_SAM_BOUND,S,7,5,ACCEPTED_ON_SITE,2,analysis/dcmb/controlled_campaign/raw/7B_WT_SAM_BOUND_S_s7.pdbqt,9982f18f5f0480b2135531ed9701d1bacf96f0ade8acf3d9122fcbcfe5601cbd,compatible,3.7916339485767874,-4.636,NONE
7B_WT_SAM_BOUND,S,7,6,ACCEPTED_ON_SITE,9,analysis/dcmb/controlled_campaign/raw/7B_WT_SAM_BOUND_S_s7.pdbqt,9982f18f5f0480b2135531ed9701d1bacf96f0ade8acf3d9122fcbcfe5601cbd,compatible,3.649063167444488,-4.486,NONE
7B_WT_SAM_BOUND,S,7,7,ACCEPTED_ON_SITE,5,analysis/dcmb/controlled_campaign/raw/7B_WT_SAM_BOUND_S_s7.pdbqt,9982f18f5f0480b2135531ed9701d1bacf96f0ade8acf3d9122fcbcfe5601cbd,compatible,3.075838259726933,-4.473,NONE
7B_WT_SAM_BOUND,S,7,8,REJECTED_OUTSIDE_CANONICAL_SITE,,analysis/dcmb/controlled_campaign/raw/7B_WT_SAM_BOUND_S_s7.pdbqt,9982f18f5f0480b2135531ed9701d1bacf96f0ade8acf3d9122fcbcfe5601cbd,compatible,6.10655139993106,-4.452,NONE
7B_WT_SAM_BOUND,S,7,9,ACCEPTED_ON_SITE,6,analysis/dcmb/controlled_campaign/raw/7B_WT_SAM_BOUND_S_s7.pdbqt,9982f18f5f0480b2135531ed9701d1bacf96f0ade8acf3d9122fcbcfe5601cbd,compatible,3.3519073674551327,-4.35,NONE
7B_WT_SAM_BOUND,S,42,1,ACCEPTED_ON_SITE,8,analysis/dcmb/controlled_campaign/raw/7B_WT_SAM_BOUND_S_s42.pdbqt,70da40e23e8cf2fad242753e3305485650b3c739ab1ca91c01d7257ae74efbb5,compatible,3.8727634836121867,-5.157,NONE
7B_WT_SAM_BOUND,S,42,2,ACCEPTED_ON_SITE,1,analysis/dcmb/controlled_campaign/raw/7B_WT_SAM_BOUND_S_s42.pdbqt,70da40e23e8cf2fad242753e3305485650b3c739ab1ca91c01d7257ae74efbb5,compatible,3.717346634361665,-4.97,NONE
7B_WT_SAM_BOUND,S,42,3,ACCEPTED_ON_SITE,2,analysis/dcmb/controlled_campaign/raw/7B_WT_SAM_BOUND_S_s42.pdbqt,70da40e23e8cf2fad242753e3305485650b3c739ab1ca91c01d7257ae74efbb5,compatible,3.8124172122158932,-4.639,NONE
7B_WT_SAM_BOUND,S,42,4,ACCEPTED_ON_SITE,3,analysis/dcmb/controlled_campaign/raw/7B_WT_SAM_BOUND_S_s42.pdbqt,70da40e23e8cf2fad242753e3305485650b3c739ab1ca91c01d7257ae74efbb5,compatible,3.224608193253872,-4.626,NONE
7B_WT_SAM_BOUND,S,42,5,ACCEPTED_ON_SITE,4,analysis/dcmb/controlled_campaign/raw/7B_WT_SAM_BOUND_S_s42.pdbqt,70da40e23e8cf2fad242753e3305485650b3c739ab1ca91c01d7257ae74efbb5,compatible,3.6583478511481107,-4.616,NONE
7B_WT_SAM_BOUND,S,42,6,ACCEPTED_ON_SITE,5,analysis/dcmb/controlled_campaign/raw/7B_WT_SAM_BOUND_S_s42.pdbqt,70da40e23e8cf2fad242753e3305485650b3c739ab1ca91c01d7257ae74efbb5,compatible,3.094096798744345,-4.5,NONE
7B_WT_SAM_BOUND,S,42,7,REJECTED_OUTSIDE_CANONICAL_SITE,,analysis/dcmb/controlled_campaign/raw/7B_WT_SAM_BOUND_S_s42.pdbqt,70da40e23e8cf2fad242753e3305485650b3c739ab1ca91c01d7257ae74efbb5,compatible,6.141461552431961,-4.449,NONE
7B_WT_SAM_BOUND,S,42,8,ACCEPTED_ON_SITE,10,analysis/dcmb/controlled_campaign/raw/7B_WT_SAM_BOUND_S_s42.pdbqt,70da40e23e8cf2fad242753e3305485650b3c739ab1ca91c01d7257ae74efbb5,compatible,3.252220318490123,-4.421,NONE
7B_WT_SAM_BOUND,S,42,9,ACCEPTED_ON_SITE,7,analysis/dcmb/controlled_campaign/raw/7B_WT_SAM_BOUND_S_s42.pdbqt,70da40e23e8cf2fad242753e3305485650b3c739ab1ca91c01d7257ae74efbb5,compatible,3.3675923149930127,-4.259,NONE
7A_F43L_F199G_SAM_BOUND,R,1,1,ACCEPTED_ON_SITE,1,analysis/dcmb/controlled_campaign/raw/7A_F43L_F199G_SAM_BOUND_R_s1.pdbqt,62400062e4bdfb509957f994d134500179e93e3ec2b314e16fc4b73c46bde5e3,compatible,3.7218604218858067,-6.281,NONE
7A_F43L_F199G_SAM_BOUND,R,1,2,ACCEPTED_ON_SITE,2,analysis/dcmb/controlled_campaign/raw/7A_F43L_F199G_SAM_BOUND_R_s1.pdbqt,62400062e4bdfb509957f994d134500179e93e3ec2b314e16fc4b73c46bde5e3,compatible,4.7292720370052725,-6.206,NONE
7A_F43L_F199G_SAM_BOUND,R,1,3,ACCEPTED_ON_SITE,3,analysis/dcmb/controlled_campaign/raw/7A_F43L_F199G_SAM_BOUND_R_s1.pdbqt,62400062e4bdfb509957f994d134500179e93e3ec2b314e16fc4b73c46bde5e3,compatible,4.820449045472838,-5.983,NONE
7A_F43L_F199G_SAM_BOUND,R,1,4,ACCEPTED_ON_SITE,4,analysis/dcmb/controlled_campaign/raw/7A_F43L_F199G_SAM_BOUND_R_s1.pdbqt,62400062e4bdfb509957f994d134500179e93e3ec2b314e16fc4b73c46bde5e3,compatible,3.7314657977797414,-5.981,NONE
7A_F43L_F199G_SAM_BOUND,R,1,5,ACCEPTED_ON_SITE,1,analysis/dcmb/controlled_campaign/raw/7A_F43L_F199G_SAM_BOUND_R_s1.pdbqt,62400062e4bdfb509957f994d134500179e93e3ec2b314e16fc4b73c46bde5e3,compatible,3.8351381982922077,-5.906,NONE
7A_F43L_F199G_SAM_BOUND,R,1,6,ACCEPTED_ON_SITE,5,analysis/dcmb/controlled_campaign/raw/7A_F43L_F199G_SAM_BOUND_R_s1.pdbqt,62400062e4bdfb509957f994d134500179e93e3ec2b314e16fc4b73c46bde5e3,compatible,3.6216319525871206,-5.873,NONE
7A_F43L_F199G_SAM_BOUND,R,1,7,ACCEPTED_ON_SITE,6,analysis/dcmb/controlled_campaign/raw/7A_F43L_F199G_SAM_BOUND_R_s1.pdbqt,62400062e4bdfb509957f994d134500179e93e3ec2b314e16fc4b73c46bde5e3,compatible,3.7406109126718863,-5.732,NONE
7A_F43L_F199G_SAM_BOUND,R,1,8,ACCEPTED_ON_SITE,7,analysis/dcmb/controlled_campaign/raw/7A_F43L_F199G_SAM_BOUND_R_s1.pdbqt,62400062e4bdfb509957f994d134500179e93e3ec2b314e16fc4b73c46bde5e3,compatible,3.4617580793579434,-5.674,NONE
7A_F43L_F199G_SAM_BOUND,R,1,9,ACCEPTED_ON_SITE,8,analysis/dcmb/controlled_campaign/raw/7A_F43L_F199G_SAM_BOUND_R_s1.pdbqt,62400062e4bdfb509957f994d134500179e93e3ec2b314e16fc4b73c46bde5e3,compatible,3.747229109622202,-5.671,NONE
7A_F43L_F199G_SAM_BOUND,R,7,1,ACCEPTED_ON_SITE,1,analysis/dcmb/controlled_campaign/raw/7A_F43L_F199G_SAM_BOUND_R_s7.pdbqt,0719c26005e693095f5a3dc7e87d4c35edc88175fe82b7c270531ac7eb2e8878,compatible,3.684158927082272,-6.268,NONE
7A_F43L_F199G_SAM_BOUND,R,7,2,ACCEPTED_ON_SITE,2,analysis/dcmb/controlled_campaign/raw/7A_F43L_F199G_SAM_BOUND_R_s7.pdbqt,0719c26005e693095f5a3dc7e87d4c35edc88175fe82b7c270531ac7eb2e8878,compatible,4.711085968224311,-6.217,NONE
7A_F43L_F199G_SAM_BOUND,R,7,3,ACCEPTED_ON_SITE,4,analysis/dcmb/controlled_campaign/raw/7A_F43L_F199G_SAM_BOUND_R_s7.pdbqt,0719c26005e693095f5a3dc7e87d4c35edc88175fe82b7c270531ac7eb2e8878,compatible,3.7436634464118166,-5.974,NONE
7A_F43L_F199G_SAM_BOUND,R,7,4,ACCEPTED_ON_SITE,3,analysis/dcmb/controlled_campaign/raw/7A_F43L_F199G_SAM_BOUND_R_s7.pdbqt,0719c26005e693095f5a3dc7e87d4c35edc88175fe82b7c270531ac7eb2e8878,compatible,4.739324424430132,-5.971,NONE
7A_F43L_F199G_SAM_BOUND,R,7,5,ACCEPTED_ON_SITE,5,analysis/dcmb/controlled_campaign/raw/7A_F43L_F199G_SAM_BOUND_R_s7.pdbqt,0719c26005e693095f5a3dc7e87d4c35edc88175fe82b7c270531ac7eb2e8878,compatible,3.592878511722877,-5.866,NONE
7A_F43L_F199G_SAM_BOUND,R,7,6,ACCEPTED_ON_SITE,7,analysis/dcmb/controlled_campaign/raw/7A_F43L_F199G_SAM_BOUND_R_s7.pdbqt,0719c26005e693095f5a3dc7e87d4c35edc88175fe82b7c270531ac7eb2e8878,compatible,3.439712051902019,-5.759,NONE
7A_F43L_F199G_SAM_BOUND,R,7,7,ACCEPTED_ON_SITE,6,analysis/dcmb/controlled_campaign/raw/7A_F43L_F199G_SAM_BOUND_R_s7.pdbqt,0719c26005e693095f5a3dc7e87d4c35edc88175fe82b7c270531ac7eb2e8878,compatible,3.7592021759942633,-5.73,NONE
7A_F43L_F199G_SAM_BOUND,R,7,8,ACCEPTED_ON_SITE,9,analysis/dcmb/controlled_campaign/raw/7A_F43L_F199G_SAM_BOUND_R_s7.pdbqt,0719c26005e693095f5a3dc7e87d4c35edc88175fe82b7c270531ac7eb2e8878,compatible,3.629497072598351,-5.722,NONE
7A_F43L_F199G_SAM_BOUND,R,7,9,ACCEPTED_ON_SITE,8,analysis/dcmb/controlled_campaign/raw/7A_F43L_F199G_SAM_BOUND_R_s7.pdbqt,0719c26005e693095f5a3dc7e87d4c35edc88175fe82b7c270531ac7eb2e8878,compatible,3.7413977334680686,-5.67,NONE
7A_F43L_F199G_SAM_BOUND,R,42,1,ACCEPTED_ON_SITE,1,analysis/dcmb/controlled_campaign/raw/7A_F43L_F199G_SAM_BOUND_R_s42.pdbqt,e74e07884dd25c01bc77bfb5dbc44792da53b5cb9a3d97157c89497b2b5bf57c,compatible,3.66132066336725,-6.285,NONE
7A_F43L_F199G_SAM_BOUND,R,42,2,ACCEPTED_ON_SITE,2,analysis/dcmb/controlled_campaign/raw/7A_F43L_F199G_SAM_BOUND_R_s42.pdbqt,e74e07884dd25c01bc77bfb5dbc44792da53b5cb9a3d97157c89497b2b5bf57c,compatible,4.712136352016992,-6.215,NONE
7A_F43L_F199G_SAM_BOUND,R,42,3,ACCEPTED_ON_SITE,3,analysis/dcmb/controlled_campaign/raw/7A_F43L_F199G_SAM_BOUND_R_s42.pdbqt,e74e07884dd25c01bc77bfb5dbc44792da53b5cb9a3d97157c89497b2b5bf57c,compatible,4.8616920922658196,-5.979,NONE
7A_F43L_F199G_SAM_BOUND,R,42,4,ACCEPTED_ON_SITE,4,analysis/dcmb/controlled_campaign/raw/7A_F43L_F199G_SAM_BOUND_R_s42.pdbqt,e74e07884dd25c01bc77bfb5dbc44792da53b5cb9a3d97157c89497b2b5bf57c,compatible,3.642082234107297,-5.936,NONE
7A_F43L_F199G_SAM_BOUND,R,42,5,ACCEPTED_ON_SITE,5,analysis/dcmb/controlled_campaign/raw/7A_F43L_F199G_SAM_BOUND_R_s42.pdbqt,e74e07884dd25c01bc77bfb5dbc44792da53b5cb9a3d97157c89497b2b5bf57c,compatible,3.6139708078511097,-5.874,NONE
7A_F43L_F199G_SAM_BOUND,R,42,6,ACCEPTED_ON_SITE,7,analysis/dcmb/controlled_campaign/raw/7A_F43L_F199G_SAM_BOUND_R_s42.pdbqt,e74e07884dd25c01bc77bfb5dbc44792da53b5cb9a3d97157c89497b2b5bf57c,compatible,3.461424273330272,-5.755,NONE
7A_F43L_F199G_SAM_BOUND,R,42,7,ACCEPTED_ON_SITE,10,analysis/dcmb/controlled_campaign/raw/7A_F43L_F199G_SAM_BOUND_R_s42.pdbqt,e74e07884dd25c01bc77bfb5dbc44792da53b5cb9a3d97157c89497b2b5bf57c,compatible,5.209033019668814,-5.731,NONE
7A_F43L_F199G_SAM_BOUND,R,42,8,ACCEPTED_ON_SITE,6,analysis/dcmb/controlled_campaign/raw/7A_F43L_F199G_SAM_BOUND_R_s42.pdbqt,e74e07884dd25c01bc77bfb5dbc44792da53b5cb9a3d97157c89497b2b5bf57c,compatible,3.784216959953539,-5.725,NONE
7A_F43L_F199G_SAM_BOUND,R,42,9,ACCEPTED_ON_SITE,8,analysis/dcmb/controlled_campaign/raw/7A_F43L_F199G_SAM_BOUND_R_s42.pdbqt,e74e07884dd25c01bc77bfb5dbc44792da53b5cb9a3d97157c89497b2b5bf57c,compatible,3.654187050494268,-5.686,NONE
7A_F43L_F199G_SAM_BOUND,S,1,1,ACCEPTED_ON_SITE,1,analysis/dcmb/controlled_campaign/raw/7A_F43L_F199G_SAM_BOUND_S_s1.pdbqt,efb846783f9d07cb8af80472271cc95f5ccf5a59b065dcd44bc439250d23af1f,compatible,5.040463867542352,-6.182,NONE
7A_F43L_F199G_SAM_BOUND,S,1,2,ACCEPTED_ON_SITE,2,analysis/dcmb/controlled_campaign/raw/7A_F43L_F199G_SAM_BOUND_S_s1.pdbqt,efb846783f9d07cb8af80472271cc95f5ccf5a59b065dcd44bc439250d23af1f,compatible,4.769936163094848,-6.112,NONE
7A_F43L_F199G_SAM_BOUND,S,1,3,ACCEPTED_ON_SITE,3,analysis/dcmb/controlled_campaign/raw/7A_F43L_F199G_SAM_BOUND_S_s1.pdbqt,efb846783f9d07cb8af80472271cc95f5ccf5a59b065dcd44bc439250d23af1f,compatible,4.561197759361021,-6.0,NONE
7A_F43L_F199G_SAM_BOUND,S,1,4,ACCEPTED_ON_SITE,4,analysis/dcmb/controlled_campaign/raw/7A_F43L_F199G_SAM_BOUND_S_s1.pdbqt,efb846783f9d07cb8af80472271cc95f5ccf5a59b065dcd44bc439250d23af1f,compatible,3.6098558142950803,-5.934,NONE
7A_F43L_F199G_SAM_BOUND,S,1,5,ACCEPTED_ON_SITE,5,analysis/dcmb/controlled_campaign/raw/7A_F43L_F199G_SAM_BOUND_S_s1.pdbqt,efb846783f9d07cb8af80472271cc95f5ccf5a59b065dcd44bc439250d23af1f,compatible,3.754148771692459,-5.882,NONE
7A_F43L_F199G_SAM_BOUND,S,1,6,ACCEPTED_ON_SITE,6,analysis/dcmb/controlled_campaign/raw/7A_F43L_F199G_SAM_BOUND_S_s1.pdbqt,efb846783f9d07cb8af80472271cc95f5ccf5a59b065dcd44bc439250d23af1f,compatible,3.834405560187915,-5.746,NONE
7A_F43L_F199G_SAM_BOUND,S,1,7,ACCEPTED_ON_SITE,9,analysis/dcmb/controlled_campaign/raw/7A_F43L_F199G_SAM_BOUND_S_s1.pdbqt,efb846783f9d07cb8af80472271cc95f5ccf5a59b065dcd44bc439250d23af1f,compatible,3.8080803562950187,-5.7,NONE
7A_F43L_F199G_SAM_BOUND,S,1,8,ACCEPTED_ON_SITE,8,analysis/dcmb/controlled_campaign/raw/7A_F43L_F199G_SAM_BOUND_S_s1.pdbqt,efb846783f9d07cb8af80472271cc95f5ccf5a59b065dcd44bc439250d23af1f,compatible,3.4226207794612598,-5.66,NONE
7A_F43L_F199G_SAM_BOUND,S,1,9,ACCEPTED_ON_SITE,7,analysis/dcmb/controlled_campaign/raw/7A_F43L_F199G_SAM_BOUND_S_s1.pdbqt,efb846783f9d07cb8af80472271cc95f5ccf5a59b065dcd44bc439250d23af1f,compatible,3.7353310428929856,-5.654,NONE
7A_F43L_F199G_SAM_BOUND,S,7,1,ACCEPTED_ON_SITE,1,analysis/dcmb/controlled_campaign/raw/7A_F43L_F199G_SAM_BOUND_S_s7.pdbqt,d0a2fe2ed358145d03b64c386c9bcd6e2d90d8ebc8dc2135431234e80d368963,compatible,4.980538525099472,-6.167,NONE
7A_F43L_F199G_SAM_BOUND,S,7,2,ACCEPTED_ON_SITE,2,analysis/dcmb/controlled_campaign/raw/7A_F43L_F199G_SAM_BOUND_S_s7.pdbqt,d0a2fe2ed358145d03b64c386c9bcd6e2d90d8ebc8dc2135431234e80d368963,compatible,4.764185659690436,-6.102,NONE
7A_F43L_F199G_SAM_BOUND,S,7,3,ACCEPTED_ON_SITE,3,analysis/dcmb/controlled_campaign/raw/7A_F43L_F199G_SAM_BOUND_S_s7.pdbqt,d0a2fe2ed358145d03b64c386c9bcd6e2d90d8ebc8dc2135431234e80d368963,compatible,4.6464496123384365,-6.026,NONE
7A_F43L_F199G_SAM_BOUND,S,7,4,ACCEPTED_ON_SITE,4,analysis/dcmb/controlled_campaign/raw/7A_F43L_F199G_SAM_BOUND_S_s7.pdbqt,d0a2fe2ed358145d03b64c386c9bcd6e2d90d8ebc8dc2135431234e80d368963,compatible,3.5430342928060963,-5.955,NONE
7A_F43L_F199G_SAM_BOUND,S,7,5,ACCEPTED_ON_SITE,5,analysis/dcmb/controlled_campaign/raw/7A_F43L_F199G_SAM_BOUND_S_s7.pdbqt,d0a2fe2ed358145d03b64c386c9bcd6e2d90d8ebc8dc2135431234e80d368963,compatible,3.656273102491114,-5.862,NONE
7A_F43L_F199G_SAM_BOUND,S,7,6,ACCEPTED_ON_SITE,10,analysis/dcmb/controlled_campaign/raw/7A_F43L_F199G_SAM_BOUND_S_s7.pdbqt,d0a2fe2ed358145d03b64c386c9bcd6e2d90d8ebc8dc2135431234e80d368963,compatible,6.5395355339656955,-5.829,NONE
7A_F43L_F199G_SAM_BOUND,S,7,7,ACCEPTED_ON_SITE,6,analysis/dcmb/controlled_campaign/raw/7A_F43L_F199G_SAM_BOUND_S_s7.pdbqt,d0a2fe2ed358145d03b64c386c9bcd6e2d90d8ebc8dc2135431234e80d368963,compatible,3.8294585779193375,-5.749,NONE
7A_F43L_F199G_SAM_BOUND,S,7,8,ACCEPTED_ON_SITE,11,analysis/dcmb/controlled_campaign/raw/7A_F43L_F199G_SAM_BOUND_S_s7.pdbqt,d0a2fe2ed358145d03b64c386c9bcd6e2d90d8ebc8dc2135431234e80d368963,compatible,6.091149152664053,-5.668,NONE
7A_F43L_F199G_SAM_BOUND,S,7,9,ACCEPTED_ON_SITE,7,analysis/dcmb/controlled_campaign/raw/7A_F43L_F199G_SAM_BOUND_S_s7.pdbqt,d0a2fe2ed358145d03b64c386c9bcd6e2d90d8ebc8dc2135431234e80d368963,compatible,3.7330249128555244,-5.651,NONE
7A_F43L_F199G_SAM_BOUND,S,42,1,ACCEPTED_ON_SITE,1,analysis/dcmb/controlled_campaign/raw/7A_F43L_F199G_SAM_BOUND_S_s42.pdbqt,a6aaf67f55df8d5189ec3c2952c6fde9b755ed7035a15665066b61c27e65c141,compatible,4.997410729567864,-6.173,NONE
7A_F43L_F199G_SAM_BOUND,S,42,2,ACCEPTED_ON_SITE,2,analysis/dcmb/controlled_campaign/raw/7A_F43L_F199G_SAM_BOUND_S_s42.pdbqt,a6aaf67f55df8d5189ec3c2952c6fde9b755ed7035a15665066b61c27e65c141,compatible,4.793726421063264,-6.105,NONE
7A_F43L_F199G_SAM_BOUND,S,42,3,ACCEPTED_ON_SITE,3,analysis/dcmb/controlled_campaign/raw/7A_F43L_F199G_SAM_BOUND_S_s42.pdbqt,a6aaf67f55df8d5189ec3c2952c6fde9b755ed7035a15665066b61c27e65c141,compatible,4.556779345107682,-6.001,NONE
7A_F43L_F199G_SAM_BOUND,S,42,4,ACCEPTED_ON_SITE,4,analysis/dcmb/controlled_campaign/raw/7A_F43L_F199G_SAM_BOUND_S_s42.pdbqt,a6aaf67f55df8d5189ec3c2952c6fde9b755ed7035a15665066b61c27e65c141,compatible,3.551631456105771,-5.954,NONE
7A_F43L_F199G_SAM_BOUND,S,42,5,ACCEPTED_ON_SITE,5,analysis/dcmb/controlled_campaign/raw/7A_F43L_F199G_SAM_BOUND_S_s42.pdbqt,a6aaf67f55df8d5189ec3c2952c6fde9b755ed7035a15665066b61c27e65c141,compatible,3.7827500578282987,-5.888,NONE
7A_F43L_F199G_SAM_BOUND,S,42,6,ACCEPTED_ON_SITE,6,analysis/dcmb/controlled_campaign/raw/7A_F43L_F199G_SAM_BOUND_S_s42.pdbqt,a6aaf67f55df8d5189ec3c2952c6fde9b755ed7035a15665066b61c27e65c141,compatible,3.815797950625792,-5.762,NONE
7A_F43L_F199G_SAM_BOUND,S,42,7,ACCEPTED_ON_SITE,8,analysis/dcmb/controlled_campaign/raw/7A_F43L_F199G_SAM_BOUND_S_s42.pdbqt,a6aaf67f55df8d5189ec3c2952c6fde9b755ed7035a15665066b61c27e65c141,compatible,3.4395915455181587,-5.665,NONE
7A_F43L_F199G_SAM_BOUND,S,42,8,ACCEPTED_ON_SITE,12,analysis/dcmb/controlled_campaign/raw/7A_F43L_F199G_SAM_BOUND_S_s42.pdbqt,a6aaf67f55df8d5189ec3c2952c6fde9b755ed7035a15665066b61c27e65c141,compatible,3.789976517077645,-5.642,NONE
7A_F43L_F199G_SAM_BOUND,S,42,9,ACCEPTED_ON_SITE,7,analysis/dcmb/controlled_campaign/raw/7A_F43L_F199G_SAM_BOUND_S_s42.pdbqt,a6aaf67f55df8d5189ec3c2952c6fde9b755ed7035a15665066b61c27e65c141,compatible,3.57073689873673,-5.609,NONE
7B_G199F_SAM_BOUND,R,1,1,ACCEPTED_ON_SITE,1,analysis/dcmb/controlled_campaign/raw/7B_G199F_SAM_BOUND_R_s1.pdbqt,5aba8a548ed35ae6428df3c3abf57d4fb49fca82ee180974bad065c2f532e0c7,compatible,3.4116308416943357,-4.668,NONE
7B_G199F_SAM_BOUND,R,1,2,ACCEPTED_ON_SITE,2,analysis/dcmb/controlled_campaign/raw/7B_G199F_SAM_BOUND_R_s1.pdbqt,5aba8a548ed35ae6428df3c3abf57d4fb49fca82ee180974bad065c2f532e0c7,compatible,3.435019941717952,-4.666,NONE
7B_G199F_SAM_BOUND,R,1,3,ACCEPTED_ON_SITE,3,analysis/dcmb/controlled_campaign/raw/7B_G199F_SAM_BOUND_R_s1.pdbqt,5aba8a548ed35ae6428df3c3abf57d4fb49fca82ee180974bad065c2f532e0c7,compatible,3.3179645869116805,-4.634,NONE
7B_G199F_SAM_BOUND,R,1,4,ACCEPTED_ON_SITE,4,analysis/dcmb/controlled_campaign/raw/7B_G199F_SAM_BOUND_R_s1.pdbqt,5aba8a548ed35ae6428df3c3abf57d4fb49fca82ee180974bad065c2f532e0c7,compatible,2.911420443700978,-4.509,NONE
7B_G199F_SAM_BOUND,R,1,5,ACCEPTED_ON_SITE,5,analysis/dcmb/controlled_campaign/raw/7B_G199F_SAM_BOUND_R_s1.pdbqt,5aba8a548ed35ae6428df3c3abf57d4fb49fca82ee180974bad065c2f532e0c7,compatible,3.619108315593773,-4.173,NONE
7B_G199F_SAM_BOUND,R,1,6,REJECTED_OUTSIDE_CANONICAL_SITE,,analysis/dcmb/controlled_campaign/raw/7B_G199F_SAM_BOUND_R_s1.pdbqt,5aba8a548ed35ae6428df3c3abf57d4fb49fca82ee180974bad065c2f532e0c7,compatible,12.267629803674383,-4.161,NONE
7B_G199F_SAM_BOUND,R,1,7,REJECTED_OUTSIDE_CANONICAL_SITE,,analysis/dcmb/controlled_campaign/raw/7B_G199F_SAM_BOUND_R_s1.pdbqt,5aba8a548ed35ae6428df3c3abf57d4fb49fca82ee180974bad065c2f532e0c7,compatible,12.499632554599355,-4.098,NONE
7B_G199F_SAM_BOUND,R,1,8,ACCEPTED_ON_SITE,7,analysis/dcmb/controlled_campaign/raw/7B_G199F_SAM_BOUND_R_s1.pdbqt,5aba8a548ed35ae6428df3c3abf57d4fb49fca82ee180974bad065c2f532e0c7,compatible,3.2447204810276036,-3.993,NONE
7B_G199F_SAM_BOUND,R,1,9,REJECTED_OUTSIDE_CANONICAL_SITE,,analysis/dcmb/controlled_campaign/raw/7B_G199F_SAM_BOUND_R_s1.pdbqt,5aba8a548ed35ae6428df3c3abf57d4fb49fca82ee180974bad065c2f532e0c7,compatible,12.391207285813598,-3.971,NONE
7B_G199F_SAM_BOUND,R,7,1,ACCEPTED_ON_SITE,1,analysis/dcmb/controlled_campaign/raw/7B_G199F_SAM_BOUND_R_s7.pdbqt,64dc1b79983fca77509f2976fdce182905867ab7e04b6abf635dfd7009a879cb,compatible,3.4419665890301725,-4.641,NONE
7B_G199F_SAM_BOUND,R,7,2,ACCEPTED_ON_SITE,3,analysis/dcmb/controlled_campaign/raw/7B_G199F_SAM_BOUND_R_s7.pdbqt,64dc1b79983fca77509f2976fdce182905867ab7e04b6abf635dfd7009a879cb,compatible,3.310945786327526,-4.636,NONE
7B_G199F_SAM_BOUND,R,7,3,ACCEPTED_ON_SITE,4,analysis/dcmb/controlled_campaign/raw/7B_G199F_SAM_BOUND_R_s7.pdbqt,64dc1b79983fca77509f2976fdce182905867ab7e04b6abf635dfd7009a879cb,compatible,2.8981038628731026,-4.526,NONE
7B_G199F_SAM_BOUND,R,7,4,ACCEPTED_ON_SITE,2,analysis/dcmb/controlled_campaign/raw/7B_G199F_SAM_BOUND_R_s7.pdbqt,64dc1b79983fca77509f2976fdce182905867ab7e04b6abf635dfd7009a879cb,compatible,3.5569044125475178,-4.35,NONE
7B_G199F_SAM_BOUND,R,7,5,ACCEPTED_ON_SITE,6,analysis/dcmb/controlled_campaign/raw/7B_G199F_SAM_BOUND_R_s7.pdbqt,64dc1b79983fca77509f2976fdce182905867ab7e04b6abf635dfd7009a879cb,compatible,2.9562669027000923,-4.264,NONE
7B_G199F_SAM_BOUND,R,7,6,REJECTED_OUTSIDE_CANONICAL_SITE,,analysis/dcmb/controlled_campaign/raw/7B_G199F_SAM_BOUND_R_s7.pdbqt,64dc1b79983fca77509f2976fdce182905867ab7e04b6abf635dfd7009a879cb,compatible,12.267150850951495,-4.15,NONE
7B_G199F_SAM_BOUND,R,7,7,REJECTED_OUTSIDE_CANONICAL_SITE,,analysis/dcmb/controlled_campaign/raw/7B_G199F_SAM_BOUND_R_s7.pdbqt,64dc1b79983fca77509f2976fdce182905867ab7e04b6abf635dfd7009a879cb,compatible,12.49708818085237,-4.087,NONE
7B_G199F_SAM_BOUND,R,7,8,REJECTED_OUTSIDE_CANONICAL_SITE,,analysis/dcmb/controlled_campaign/raw/7B_G199F_SAM_BOUND_R_s7.pdbqt,64dc1b79983fca77509f2976fdce182905867ab7e04b6abf635dfd7009a879cb,compatible,12.404124515660104,-4.02,NONE
7B_G199F_SAM_BOUND,R,7,9,REJECTED_OUTSIDE_CANONICAL_SITE,,analysis/dcmb/controlled_campaign/raw/7B_G199F_SAM_BOUND_R_s7.pdbqt,64dc1b79983fca77509f2976fdce182905867ab7e04b6abf635dfd7009a879cb,compatible,12.500236037771447,-3.983,NONE
7B_G199F_SAM_BOUND,R,42,1,ACCEPTED_ON_SITE,1,analysis/dcmb/controlled_campaign/raw/7B_G199F_SAM_BOUND_R_s42.pdbqt,d6c3d1cfac72c42346752df39aad0e86b387408a88b076d7bb8fd9914f31cfe4,compatible,3.404395100454705,-4.685,NONE
7B_G199F_SAM_BOUND,R,42,2,ACCEPTED_ON_SITE,2,analysis/dcmb/controlled_campaign/raw/7B_G199F_SAM_BOUND_R_s42.pdbqt,d6c3d1cfac72c42346752df39aad0e86b387408a88b076d7bb8fd9914f31cfe4,compatible,3.5430248376210973,-4.647,NONE
7B_G199F_SAM_BOUND,R,42,3,ACCEPTED_ON_SITE,3,analysis/dcmb/controlled_campaign/raw/7B_G199F_SAM_BOUND_R_s42.pdbqt,d6c3d1cfac72c42346752df39aad0e86b387408a88b076d7bb8fd9914f31cfe4,compatible,3.27866024467312,-4.628,NONE
7B_G199F_SAM_BOUND,R,42,4,ACCEPTED_ON_SITE,4,analysis/dcmb/controlled_campaign/raw/7B_G199F_SAM_BOUND_R_s42.pdbqt,d6c3d1cfac72c42346752df39aad0e86b387408a88b076d7bb8fd9914f31cfe4,compatible,2.909887111212392,-4.525,NONE
7B_G199F_SAM_BOUND,R,42,5,ACCEPTED_ON_SITE,6,analysis/dcmb/controlled_campaign/raw/7B_G199F_SAM_BOUND_R_s42.pdbqt,d6c3d1cfac72c42346752df39aad0e86b387408a88b076d7bb8fd9914f31cfe4,compatible,2.99444903112409,-4.184,NONE
7B_G199F_SAM_BOUND,R,42,6,REJECTED_OUTSIDE_CANONICAL_SITE,,analysis/dcmb/controlled_campaign/raw/7B_G199F_SAM_BOUND_R_s42.pdbqt,d6c3d1cfac72c42346752df39aad0e86b387408a88b076d7bb8fd9914f31cfe4,compatible,12.278016167117553,-4.15,NONE
7B_G199F_SAM_BOUND,R,42,7,ACCEPTED_ON_SITE,8,analysis/dcmb/controlled_campaign/raw/7B_G199F_SAM_BOUND_R_s42.pdbqt,d6c3d1cfac72c42346752df39aad0e86b387408a88b076d7bb8fd9914f31cfe4,compatible,6.31418759619953,-4.142,NONE
7B_G199F_SAM_BOUND,R,42,8,ACCEPTED_ON_SITE,5,analysis/dcmb/controlled_campaign/raw/7B_G199F_SAM_BOUND_R_s42.pdbqt,d6c3d1cfac72c42346752df39aad0e86b387408a88b076d7bb8fd9914f31cfe4,compatible,3.555394914773886,-4.127,NONE
7B_G199F_SAM_BOUND,R,42,9,REJECTED_OUTSIDE_CANONICAL_SITE,,analysis/dcmb/controlled_campaign/raw/7B_G199F_SAM_BOUND_R_s42.pdbqt,d6c3d1cfac72c42346752df39aad0e86b387408a88b076d7bb8fd9914f31cfe4,compatible,12.482642228310478,-4.102,NONE
7B_G199F_SAM_BOUND,S,1,1,ACCEPTED_ON_SITE,3,analysis/dcmb/controlled_campaign/raw/7B_G199F_SAM_BOUND_S_s1.pdbqt,1b460f2a6e7cbdad6239738b3fa857185e13f01b1c6e1b3ed88b2dca34c355e3,compatible,3.3012193201906475,-4.84,NONE
7B_G199F_SAM_BOUND,S,1,2,ACCEPTED_ON_SITE,4,analysis/dcmb/controlled_campaign/raw/7B_G199F_SAM_BOUND_S_s1.pdbqt,1b460f2a6e7cbdad6239738b3fa857185e13f01b1c6e1b3ed88b2dca34c355e3,compatible,3.258307843037548,-4.657,NONE
7B_G199F_SAM_BOUND,S,1,3,ACCEPTED_ON_SITE,5,analysis/dcmb/controlled_campaign/raw/7B_G199F_SAM_BOUND_S_s1.pdbqt,1b460f2a6e7cbdad6239738b3fa857185e13f01b1c6e1b3ed88b2dca34c355e3,compatible,3.3489298290648017,-4.626,NONE
7B_G199F_SAM_BOUND,S,1,4,ACCEPTED_ON_SITE,1,analysis/dcmb/controlled_campaign/raw/7B_G199F_SAM_BOUND_S_s1.pdbqt,1b460f2a6e7cbdad6239738b3fa857185e13f01b1c6e1b3ed88b2dca34c355e3,compatible,3.0991045480912716,-4.487,NONE
7B_G199F_SAM_BOUND,S,1,5,REJECTED_OUTSIDE_CANONICAL_SITE,,analysis/dcmb/controlled_campaign/raw/7B_G199F_SAM_BOUND_S_s1.pdbqt,1b460f2a6e7cbdad6239738b3fa857185e13f01b1c6e1b3ed88b2dca34c355e3,compatible,6.242850791104974,-4.423,NONE
7B_G199F_SAM_BOUND,S,1,6,ACCEPTED_ON_SITE,2,analysis/dcmb/controlled_campaign/raw/7B_G199F_SAM_BOUND_S_s1.pdbqt,1b460f2a6e7cbdad6239738b3fa857185e13f01b1c6e1b3ed88b2dca34c355e3,compatible,3.4321145085792226,-4.354,NONE
7B_G199F_SAM_BOUND,S,1,7,REJECTED_OUTSIDE_CANONICAL_SITE,,analysis/dcmb/controlled_campaign/raw/7B_G199F_SAM_BOUND_S_s1.pdbqt,1b460f2a6e7cbdad6239738b3fa857185e13f01b1c6e1b3ed88b2dca34c355e3,compatible,12.259891231165144,-4.121,NONE
7B_G199F_SAM_BOUND,S,1,8,REJECTED_OUTSIDE_CANONICAL_SITE,,analysis/dcmb/controlled_campaign/raw/7B_G199F_SAM_BOUND_S_s1.pdbqt,1b460f2a6e7cbdad6239738b3fa857185e13f01b1c6e1b3ed88b2dca34c355e3,compatible,12.228485801602746,-4.068,NONE
7B_G199F_SAM_BOUND,S,1,9,ACCEPTED_ON_SITE,6,analysis/dcmb/controlled_campaign/raw/7B_G199F_SAM_BOUND_S_s1.pdbqt,1b460f2a6e7cbdad6239738b3fa857185e13f01b1c6e1b3ed88b2dca34c355e3,compatible,2.9785464575863174,-4.005,NONE
7B_G199F_SAM_BOUND,S,7,1,ACCEPTED_ON_SITE,3,analysis/dcmb/controlled_campaign/raw/7B_G199F_SAM_BOUND_S_s7.pdbqt,f8f4696f25a488bbcaa52005264e1a0de154fe044055253b118521a0eec083d0,compatible,3.5141863923246874,-4.866,NONE
7B_G199F_SAM_BOUND,S,7,2,ACCEPTED_ON_SITE,4,analysis/dcmb/controlled_campaign/raw/7B_G199F_SAM_BOUND_S_s7.pdbqt,f8f4696f25a488bbcaa52005264e1a0de154fe044055253b118521a0eec083d0,compatible,3.2731888121524557,-4.627,NONE
7B_G199F_SAM_BOUND,S,7,3,ACCEPTED_ON_SITE,1,analysis/dcmb/controlled_campaign/raw/7B_G199F_SAM_BOUND_S_s7.pdbqt,f8f4696f25a488bbcaa52005264e1a0de154fe044055253b118521a0eec083d0,compatible,3.082724444383572,-4.509,NONE
7B_G199F_SAM_BOUND,S,7,4,ACCEPTED_ON_SITE,5,analysis/dcmb/controlled_campaign/raw/7B_G199F_SAM_BOUND_S_s7.pdbqt,f8f4696f25a488bbcaa52005264e1a0de154fe044055253b118521a0eec083d0,compatible,3.3478627510697025,-4.509,NONE
7B_G199F_SAM_BOUND,S,7,5,REJECTED_OUTSIDE_CANONICAL_SITE,,analysis/dcmb/controlled_campaign/raw/7B_G199F_SAM_BOUND_S_s7.pdbqt,f8f4696f25a488bbcaa52005264e1a0de154fe044055253b118521a0eec083d0,compatible,6.208530663530624,-4.397,NONE
7B_G199F_SAM_BOUND,S,7,6,ACCEPTED_ON_SITE,2,analysis/dcmb/controlled_campaign/raw/7B_G199F_SAM_BOUND_S_s7.pdbqt,f8f4696f25a488bbcaa52005264e1a0de154fe044055253b118521a0eec083d0,compatible,3.4266925744805303,-4.349,NONE
7B_G199F_SAM_BOUND,S,7,7,REJECTED_OUTSIDE_CANONICAL_SITE,,analysis/dcmb/controlled_campaign/raw/7B_G199F_SAM_BOUND_S_s7.pdbqt,f8f4696f25a488bbcaa52005264e1a0de154fe044055253b118521a0eec083d0,compatible,12.174364459798301,-4.121,NONE
7B_G199F_SAM_BOUND,S,7,8,REJECTED_OUTSIDE_CANONICAL_SITE,,analysis/dcmb/controlled_campaign/raw/7B_G199F_SAM_BOUND_S_s7.pdbqt,f8f4696f25a488bbcaa52005264e1a0de154fe044055253b118521a0eec083d0,compatible,12.216550003990486,-4.065,NONE
7B_G199F_SAM_BOUND,S,7,9,REJECTED_OUTSIDE_CANONICAL_SITE,,analysis/dcmb/controlled_campaign/raw/7B_G199F_SAM_BOUND_S_s7.pdbqt,f8f4696f25a488bbcaa52005264e1a0de154fe044055253b118521a0eec083d0,compatible,12.51861098524912,-4.032,NONE
7B_G199F_SAM_BOUND,S,42,1,ACCEPTED_ON_SITE,1,analysis/dcmb/controlled_campaign/raw/7B_G199F_SAM_BOUND_S_s42.pdbqt,755cef8459826e5a2cd6e82a114e6343141963f599dbb3c4cb1bbb5b3dd2fa61,compatible,3.088026878121367,-4.523,NONE
7B_G199F_SAM_BOUND,S,42,2,REJECTED_OUTSIDE_CANONICAL_SITE,,analysis/dcmb/controlled_campaign/raw/7B_G199F_SAM_BOUND_S_s42.pdbqt,755cef8459826e5a2cd6e82a114e6343141963f599dbb3c4cb1bbb5b3dd2fa61,compatible,6.168416733652162,-4.458,NONE
7B_G199F_SAM_BOUND,S,42,3,ACCEPTED_ON_SITE,2,analysis/dcmb/controlled_campaign/raw/7B_G199F_SAM_BOUND_S_s42.pdbqt,755cef8459826e5a2cd6e82a114e6343141963f599dbb3c4cb1bbb5b3dd2fa61,compatible,3.4264188302074228,-4.38,NONE
7B_G199F_SAM_BOUND,S,42,4,REJECTED_OUTSIDE_CANONICAL_SITE,,analysis/dcmb/controlled_campaign/raw/7B_G199F_SAM_BOUND_S_s42.pdbqt,755cef8459826e5a2cd6e82a114e6343141963f599dbb3c4cb1bbb5b3dd2fa61,compatible,12.199029387619328,-4.191,NONE
7B_G199F_SAM_BOUND,S,42,5,REJECTED_OUTSIDE_CANONICAL_SITE,,analysis/dcmb/controlled_campaign/raw/7B_G199F_SAM_BOUND_S_s42.pdbqt,755cef8459826e5a2cd6e82a114e6343141963f599dbb3c4cb1bbb5b3dd2fa61,compatible,12.450860412035787,-4.143,NONE
7B_G199F_SAM_BOUND,S,42,6,REJECTED_OUTSIDE_CANONICAL_SITE,,analysis/dcmb/controlled_campaign/raw/7B_G199F_SAM_BOUND_S_s42.pdbqt,755cef8459826e5a2cd6e82a114e6343141963f599dbb3c4cb1bbb5b3dd2fa61,compatible,12.411852883433642,-4.108,NONE
7B_G199F_SAM_BOUND,S,42,7,REJECTED_OUTSIDE_CANONICAL_SITE,,analysis/dcmb/controlled_campaign/raw/7B_G199F_SAM_BOUND_S_s42.pdbqt,755cef8459826e5a2cd6e82a114e6343141963f599dbb3c4cb1bbb5b3dd2fa61,compatible,12.27375317496649,-4.077,NONE
7B_G199F_SAM_BOUND,S,42,8,REJECTED_OUTSIDE_CANONICAL_SITE,,analysis/dcmb/controlled_campaign/raw/7B_G199F_SAM_BOUND_S_s42.pdbqt,755cef8459826e5a2cd6e82a114e6343141963f599dbb3c4cb1bbb5b3dd2fa61,compatible,12.498686090945718,-4.057,NONE
