condition,enantiomer,family,population,status,representative_source,representative_model,representative_source_sha256,superpocket_atom_fraction,sam_compatibility,sam_min_distance_A,engine_score_min,engine_score_mean,engine_score_max,scientific_score_interpretation
7A_WT_SAM_BOUND,R,1,3,ACCEPTED_ON_SITE_SAM_BOUND,analysis/dcmb/controlled_campaign/raw/7A_WT_SAM_BOUND_R_s42.pdbqt,1,da43b9d5714cff6d35ed08f355fdcf6b4654160461b5ec08c24277dd7096bba9,1.0,compatible,3.374229097142042,-5.986,-5.982666666666667,-5.979,NONE
7A_WT_SAM_BOUND,R,2,3,ACCEPTED_ON_SITE_SAM_BOUND,analysis/dcmb/controlled_campaign/raw/7A_WT_SAM_BOUND_R_s7.pdbqt,2,3a2171a3e30d72074972b38f7911710c12188407e438dd893c8d11bc794180e8,1.0,compatible,3.5565159918099623,-5.703,-5.696333333333333,-5.69,NONE
7A_WT_SAM_BOUND,R,3,3,ACCEPTED_ON_SITE_SAM_BOUND,analysis/dcmb/controlled_campaign/raw/7A_WT_SAM_BOUND_R_s1.pdbqt,3,087599bc6fd0f1fdbd8bf6e0984f28f0488b93ea0b2e47a2e537d1c3d844752f,1.0,compatible,3.163130885689051,-5.516,-5.5,-5.492,NONE
7A_WT_SAM_BOUND,R,4,3,ACCEPTED_ON_SITE_SAM_BOUND,analysis/dcmb/controlled_campaign/raw/7A_WT_SAM_BOUND_R_s7.pdbqt,4,3a2171a3e30d72074972b38f7911710c12188407e438dd893c8d11bc794180e8,1.0,compatible,3.1995205890883094,-5.487,-5.476333333333334,-5.466,NONE
7A_WT_SAM_BOUND,R,5,2,ACCEPTED_ON_SITE_SAM_BOUND,analysis/dcmb/controlled_campaign/raw/7A_WT_SAM_BOUND_R_s7.pdbqt,6,3a2171a3e30d72074972b38f7911710c12188407e438dd893c8d11bc794180e8,1.0,compatible,3.161792213286635,-4.932,-4.9275,-4.923,NONE
7A_WT_SAM_BOUND,S,1,3,ACCEPTED_ON_SITE_SAM_BOUND,analysis/dcmb/controlled_campaign/raw/7A_WT_SAM_BOUND_S_s42.pdbqt,1,26d4e9f9be0180508a82ee9f164bcdbe1796fec78326f39d1970561e41bcde09,1.0,compatible,3.426334922333192,-5.986,-5.9799999999999995,-5.973,NONE
7A_WT_SAM_BOUND,S,2,3,ACCEPTED_ON_SITE_SAM_BOUND,analysis/dcmb/controlled_campaign/raw/7A_WT_SAM_BOUND_S_s42.pdbqt,2,26d4e9f9be0180508a82ee9f164bcdbe1796fec78326f39d1970561e41bcde09,1.0,compatible,3.1562466633645725,-5.745,-5.729,-5.715,NONE
7A_WT_SAM_BOUND,S,3,3,ACCEPTED_ON_SITE_SAM_BOUND,analysis/dcmb/controlled_campaign/raw/7A_WT_SAM_BOUND_S_s1.pdbqt,3,85e491c5b26d3006a309471429f5947840e0bc94a4dc4209e1ad6ff35309d22a,1.0,compatible,3.42715479662066,-5.41,-5.401,-5.387,NONE
7A_WT_SAM_BOUND,S,4,3,ACCEPTED_ON_SITE_SAM_BOUND,analysis/dcmb/controlled_campaign/raw/7A_WT_SAM_BOUND_S_s42.pdbqt,3,26d4e9f9be0180508a82ee9f164bcdbe1796fec78326f39d1970561e41bcde09,1.0,compatible,3.188214233705132,-5.398,-5.368333333333333,-5.349,NONE
7A_WT_SAM_BOUND,S,5,2,ACCEPTED_ON_SITE_SAM_BOUND,analysis/dcmb/controlled_campaign/raw/7A_WT_SAM_BOUND_S_s1.pdbqt,5,85e491c5b26d3006a309471429f5947840e0bc94a4dc4209e1ad6ff35309d22a,1.0,compatible,3.122584506462555,-5.111,-5.1065000000000005,-5.102,NONE
7A_WT_SAM_BOUND,S,6,2,ACCEPTED_ON_SITE_SAM_BOUND,analysis/dcmb/controlled_campaign/raw/7A_WT_SAM_BOUND_S_s1.pdbqt,6,85e491c5b26d3006a309471429f5947840e0bc94a4dc4209e1ad6ff35309d22a,1.0,compatible,3.1953885522734162,-5.086,-5.082000000000001,-5.078,NONE
7B_WT_SAM_BOUND,R,1,4,ACCEPTED_ON_SITE_SAM_BOUND,analysis/dcmb/controlled_campaign/raw/7B_WT_SAM_BOUND_R_s7.pdbqt,4,c9cbe527df815e8a50dab21e0f3eecbf63f6ea949a7113dbab0043b130b8e253,1.0,compatible,2.9060724354358407,-4.56,-4.4670000000000005,-4.266,NONE
7B_WT_SAM_BOUND,R,2,3,ACCEPTED_ON_SITE_SAM_BOUND,analysis/dcmb/controlled_campaign/raw/7B_WT_SAM_BOUND_R_s7.pdbqt,1,c9cbe527df815e8a50dab21e0f3eecbf63f6ea949a7113dbab0043b130b8e253,1.0,compatible,3.984647537737811,-5.136,-5.089333333333333,-5.033,NONE
7B_WT_SAM_BOUND,R,3,3,ACCEPTED_ON_SITE_SAM_BOUND,analysis/dcmb/controlled_campaign/raw/7B_WT_SAM_BOUND_R_s1.pdbqt,2,c6355ed6c5688dcb0e3e55b7721a325af7a7a229c754a1005f9aca2f89bfb49a,1.0,compatible,3.909166279400251,-4.993,-4.96,-4.932,NONE
7B_WT_SAM_BOUND,R,4,3,ACCEPTED_ON_SITE_SAM_BOUND,analysis/dcmb/controlled_campaign/raw/7B_WT_SAM_BOUND_R_s42.pdbqt,3,212bd04f11b67a17ed78678e7c0d3be2eefb387142fc705cccc55a4fb6fac415,1.0,compatible,4.031878594402366,-4.666,-4.652333333333334,-4.639,NONE
7B_WT_SAM_BOUND,R,5,3,ACCEPTED_ON_SITE_SAM_BOUND,analysis/dcmb/controlled_campaign/raw/7B_WT_SAM_BOUND_R_s7.pdbqt,5,c9cbe527df815e8a50dab21e0f3eecbf63f6ea949a7113dbab0043b130b8e253,1.0,compatible,4.082528750664226,-4.548,-4.533,-4.523,NONE
7B_WT_SAM_BOUND,R,6,3,ACCEPTED_ON_SITE_SAM_BOUND,analysis/dcmb/controlled_campaign/raw/7B_WT_SAM_BOUND_R_s7.pdbqt,7,c9cbe527df815e8a50dab21e0f3eecbf63f6ea949a7113dbab0043b130b8e253,1.0,compatible,3.9674217068519453,-4.369,-4.285666666666667,-4.227,NONE
7B_WT_SAM_BOUND,R,7,2,ACCEPTED_ON_SITE_SAM_BOUND,analysis/dcmb/controlled_campaign/raw/7B_WT_SAM_BOUND_R_s7.pdbqt,6,c9cbe527df815e8a50dab21e0f3eecbf63f6ea949a7113dbab0043b130b8e253,1.0,compatible,3.324600878301033,-4.488,-4.477,-4.466,NONE
7B_WT_SAM_BOUND,R,8,1,ACCEPTED_ON_SITE_SAM_BOUND,analysis/dcmb/controlled_campaign/raw/7B_WT_SAM_BOUND_R_s7.pdbqt,8,c9cbe527df815e8a50dab21e0f3eecbf63f6ea949a7113dbab0043b130b8e253,1.0,compatible,3.611551744056839,-4.288,-4.288,-4.288,NONE
7B_WT_SAM_BOUND,R,9,1,ACCEPTED_ON_SITE_SAM_BOUND,analysis/dcmb/controlled_campaign/raw/7B_WT_SAM_BOUND_R_s42.pdbqt,7,212bd04f11b67a17ed78678e7c0d3be2eefb387142fc705cccc55a4fb6fac415,1.0,compatible,3.2233687347245894,-4.379,-4.379,-4.379,NONE
7B_WT_SAM_BOUND,S,1,3,ACCEPTED_ON_SITE_SAM_BOUND,analysis/dcmb/controlled_campaign/raw/7B_WT_SAM_BOUND_S_s7.pdbqt,2,9982f18f5f0480b2135531ed9701d1bacf96f0ade8acf3d9122fcbcfe5601cbd,1.0,compatible,3.746109448481184,-5.033,-4.947,-4.838,NONE
7B_WT_SAM_BOUND,S,2,3,ACCEPTED_ON_SITE_SAM_BOUND,analysis/dcmb/controlled_campaign/raw/7B_WT_SAM_BOUND_S_s1.pdbqt,2,829d9644a3b41e160922b4bf897204bfad532602967749e9c100d1d30c8678d4,1.0,compatible,3.8310233619752307,-4.659,-4.644666666666667,-4.636,NONE
7B_WT_SAM_BOUND,S,3,3,ACCEPTED_ON_SITE_SAM_BOUND,analysis/dcmb/controlled_campaign/raw/7B_WT_SAM_BOUND_S_s7.pdbqt,3,9982f18f5f0480b2135531ed9701d1bacf96f0ade8acf3d9122fcbcfe5601cbd,1.0,compatible,3.2105784525533716,-4.648,-4.635000000000001,-4.626,NONE
7B_WT_SAM_BOUND,S,4,3,ACCEPTED_ON_SITE_SAM_BOUND,analysis/dcmb/controlled_campaign/raw/7B_WT_SAM_BOUND_S_s7.pdbqt,4,9982f18f5f0480b2135531ed9701d1bacf96f0ade8acf3d9122fcbcfe5601cbd,1.0,compatible,3.6202776136644546,-4.644,-4.600333333333333,-4.541,NONE
7B_WT_SAM_BOUND,S,5,3,ACCEPTED_ON_SITE_SAM_BOUND,analysis/dcmb/controlled_campaign/raw/7B_WT_SAM_BOUND_S_s1.pdbqt,5,829d9644a3b41e160922b4bf897204bfad532602967749e9c100d1d30c8678d4,1.0,compatible,3.096095928746395,-4.504,-4.492333333333334,-4.473,NONE
7B_WT_SAM_BOUND,S,6,2,ACCEPTED_ON_SITE_SAM_BOUND,analysis/dcmb/controlled_campaign/raw/7B_WT_SAM_BOUND_S_s1.pdbqt,7,829d9644a3b41e160922b4bf897204bfad532602967749e9c100d1d30c8678d4,1.0,compatible,3.26804008543347,-4.393,-4.371499999999999,-4.35,NONE
7B_WT_SAM_BOUND,S,7,2,ACCEPTED_ON_SITE_SAM_BOUND,analysis/dcmb/controlled_campaign/raw/7B_WT_SAM_BOUND_S_s1.pdbqt,8,829d9644a3b41e160922b4bf897204bfad532602967749e9c100d1d30c8678d4,1.0,compatible,3.3302591490753386,-4.342,-4.3004999999999995,-4.259,NONE
7B_WT_SAM_BOUND,S,8,2,ACCEPTED_ON_SITE_SAM_BOUND,analysis/dcmb/controlled_campaign/raw/7B_WT_SAM_BOUND_S_s42.pdbqt,1,70da40e23e8cf2fad242753e3305485650b3c739ab1ca91c01d7257ae74efbb5,1.0,compatible,3.8727634836121867,-5.157,-5.1530000000000005,-5.149,NONE
7B_WT_SAM_BOUND,S,9,1,ACCEPTED_ON_SITE_SAM_BOUND,analysis/dcmb/controlled_campaign/raw/7B_WT_SAM_BOUND_S_s7.pdbqt,6,9982f18f5f0480b2135531ed9701d1bacf96f0ade8acf3d9122fcbcfe5601cbd,1.0,compatible,3.649063167444488,-4.486,-4.486,-4.486,NONE
7B_WT_SAM_BOUND,S,10,1,ACCEPTED_ON_SITE_SAM_BOUND,analysis/dcmb/controlled_campaign/raw/7B_WT_SAM_BOUND_S_s42.pdbqt,8,70da40e23e8cf2fad242753e3305485650b3c739ab1ca91c01d7257ae74efbb5,1.0,compatible,3.252220318490123,-4.421,-4.421,-4.421,NONE
7A_F43L_F199G_SAM_BOUND,R,1,4,ACCEPTED_ON_SITE_SAM_BOUND,analysis/dcmb/controlled_campaign/raw/7A_F43L_F199G_SAM_BOUND_R_s42.pdbqt,1,e74e07884dd25c01bc77bfb5dbc44792da53b5cb9a3d97157c89497b2b5bf57c,1.0,compatible,3.66132066336725,-6.285,-6.185,-5.906,NONE
7A_F43L_F199G_SAM_BOUND,R,2,3,ACCEPTED_ON_SITE_SAM_BOUND,analysis/dcmb/controlled_campaign/raw/7A_F43L_F199G_SAM_BOUND_R_s7.pdbqt,2,0719c26005e693095f5a3dc7e87d4c35edc88175fe82b7c270531ac7eb2e8878,1.0,compatible,4.711085968224311,-6.217,-6.212666666666666,-6.206,NONE
7A_F43L_F199G_SAM_BOUND,R,3,3,ACCEPTED_ON_SITE_SAM_BOUND,analysis/dcmb/controlled_campaign/raw/7A_F43L_F199G_SAM_BOUND_R_s1.pdbqt,3,62400062e4bdfb509957f994d134500179e93e3ec2b314e16fc4b73c46bde5e3,1.0,compatible,4.820449045472838,-5.983,-5.977666666666667,-5.971,NONE
7A_F43L_F199G_SAM_BOUND,R,4,3,ACCEPTED_ON_SITE_SAM_BOUND,analysis/dcmb/controlled_campaign/raw/7A_F43L_F199G_SAM_BOUND_R_s1.pdbqt,4,62400062e4bdfb509957f994d134500179e93e3ec2b314e16fc4b73c46bde5e3,1.0,compatible,3.7314657977797414,-5.981,-5.963666666666666,-5.936,NONE
7A_F43L_F199G_SAM_BOUND,R,5,3,ACCEPTED_ON_SITE_SAM_BOUND,analysis/dcmb/controlled_campaign/raw/7A_F43L_F199G_SAM_BOUND_R_s42.pdbqt,5,e74e07884dd25c01bc77bfb5dbc44792da53b5cb9a3d97157c89497b2b5bf57c,1.0,compatible,3.6139708078511097,-5.874,-5.8709999999999996,-5.866,NONE
7A_F43L_F199G_SAM_BOUND,R,6,3,ACCEPTED_ON_SITE_SAM_BOUND,analysis/dcmb/controlled_campaign/raw/7A_F43L_F199G_SAM_BOUND_R_s1.pdbqt,7,62400062e4bdfb509957f994d134500179e93e3ec2b314e16fc4b73c46bde5e3,1.0,compatible,3.7406109126718863,-5.732,-5.728999999999999,-5.725,NONE
7A_F43L_F199G_SAM_BOUND,R,7,3,ACCEPTED_ON_SITE_SAM_BOUND,analysis/dcmb/controlled_campaign/raw/7A_F43L_F199G_SAM_BOUND_R_s7.pdbqt,6,0719c26005e693095f5a3dc7e87d4c35edc88175fe82b7c270531ac7eb2e8878,1.0,compatible,3.439712051902019,-5.759,-5.729333333333333,-5.674,NONE
7A_F43L_F199G_SAM_BOUND,R,8,3,ACCEPTED_ON_SITE_SAM_BOUND,analysis/dcmb/controlled_campaign/raw/7A_F43L_F199G_SAM_BOUND_R_s42.pdbqt,9,e74e07884dd25c01bc77bfb5dbc44792da53b5cb9a3d97157c89497b2b5bf57c,1.0,compatible,3.654187050494268,-5.686,-5.675666666666667,-5.67,NONE
7A_F43L_F199G_SAM_BOUND,R,9,1,ACCEPTED_ON_SITE_SAM_BOUND,analysis/dcmb/controlled_campaign/raw/7A_F43L_F199G_SAM_BOUND_R_s7.pdbqt,8,0719c26005e693095f5a3dc7e87d4c35edc88175fe82b7c270531ac7eb2e8878,1.0,compatible,3.629497072598351,-5.722,-5.722,-5.722,NONE
7A_F43L_F199G_SAM_BOUND,R,10,1,ACCEPTED_ON_SITE_SAM_BOUND,analysis/dcmb/controlled_campaign/raw/7A_F43L_F199G_SAM_BOUND_R_s42.pdbqt,7,e74e07884dd25c01bc77bfb5dbc44792da53b5cb9a3d97157c89497b2b5bf57c,1.0,compatible,5.209033019668814,-5.731,-5.731,-5.731,NONE
7A_F43L_F199G_SAM_BOUND,S,1,3,ACCEPTED_ON_SITE_SAM_BOUND,analysis/dcmb/controlled_campaign/raw/7A_F43L_F199G_SAM_BOUND_S_s1.pdbqt,1,efb846783f9d07cb8af80472271cc95f5ccf5a59b065dcd44bc439250d23af1f,1.0,compatible,5.040463867542352,-6.182,-6.1739999999999995,-6.167,NONE
7A_F43L_F199G_SAM_BOUND,S,2,3,ACCEPTED_ON_SITE_SAM_BOUND,analysis/dcmb/controlled_campaign/raw/7A_F43L_F199G_SAM_BOUND_S_s1.pdbqt,2,efb846783f9d07cb8af80472271cc95f5ccf5a59b065dcd44bc439250d23af1f,1.0,compatible,4.769936163094848,-6.112,-6.1063333333333345,-6.102,NONE
7A_F43L_F199G_SAM_BOUND,S,3,3,ACCEPTED_ON_SITE_SAM_BOUND,analysis/dcmb/controlled_campaign/raw/7A_F43L_F199G_SAM_BOUND_S_s7.pdbqt,3,d0a2fe2ed358145d03b64c386c9bcd6e2d90d8ebc8dc2135431234e80d368963,1.0,compatible,4.6464496123384365,-6.026,-6.009,-6.0,NONE
7A_F43L_F199G_SAM_BOUND,S,4,3,ACCEPTED_ON_SITE_SAM_BOUND,analysis/dcmb/controlled_campaign/raw/7A_F43L_F199G_SAM_BOUND_S_s7.pdbqt,4,d0a2fe2ed358145d03b64c386c9bcd6e2d90d8ebc8dc2135431234e80d368963,1.0,compatible,3.5430342928060963,-5.955,-5.947666666666667,-5.934,NONE
7A_F43L_F199G_SAM_BOUND,S,5,3,ACCEPTED_ON_SITE_SAM_BOUND,analysis/dcmb/controlled_campaign/raw/7A_F43L_F199G_SAM_BOUND_S_s42.pdbqt,5,a6aaf67f55df8d5189ec3c2952c6fde9b755ed7035a15665066b61c27e65c141,1.0,compatible,3.7827500578282987,-5.888,-5.877333333333333,-5.862,NONE
7A_F43L_F199G_SAM_BOUND,S,6,3,ACCEPTED_ON_SITE_SAM_BOUND,analysis/dcmb/controlled_campaign/raw/7A_F43L_F199G_SAM_BOUND_S_s42.pdbqt,6,a6aaf67f55df8d5189ec3c2952c6fde9b755ed7035a15665066b61c27e65c141,1.0,compatible,3.815797950625792,-5.762,-5.7523333333333335,-5.746,NONE
7A_F43L_F199G_SAM_BOUND,S,7,3,ACCEPTED_ON_SITE_SAM_BOUND,analysis/dcmb/controlled_campaign/raw/7A_F43L_F199G_SAM_BOUND_S_s1.pdbqt,9,efb846783f9d07cb8af80472271cc95f5ccf5a59b065dcd44bc439250d23af1f,1.0,compatible,3.7353310428929856,-5.654,-5.638000000000001,-5.609,NONE
7A_F43L_F199G_SAM_BOUND,S,8,2,ACCEPTED_ON_SITE_SAM_BOUND,analysis/dcmb/controlled_campaign/raw/7A_F43L_F199G_SAM_BOUND_S_s42.pdbqt,7,a6aaf67f55df8d5189ec3c2952c6fde9b755ed7035a15665066b61c27e65c141,1.0,compatible,3.4395915455181587,-5.665,-5.6625,-5.66,NONE
7A_F43L_F199G_SAM_BOUND,S,9,1,ACCEPTED_ON_SITE_SAM_BOUND,analysis/dcmb/controlled_campaign/raw/7A_F43L_F199G_SAM_BOUND_S_s1.pdbqt,7,efb846783f9d07cb8af80472271cc95f5ccf5a59b065dcd44bc439250d23af1f,1.0,compatible,3.8080803562950187,-5.7,-5.7,-5.7,NONE
7A_F43L_F199G_SAM_BOUND,S,10,1,ACCEPTED_ON_SITE_SAM_BOUND,analysis/dcmb/controlled_campaign/raw/7A_F43L_F199G_SAM_BOUND_S_s7.pdbqt,6,d0a2fe2ed358145d03b64c386c9bcd6e2d90d8ebc8dc2135431234e80d368963,0.7272727272727273,compatible,6.5395355339656955,-5.829,-5.829,-5.829,NONE
7A_F43L_F199G_SAM_BOUND,S,11,1,ACCEPTED_ON_SITE_SAM_BOUND,analysis/dcmb/controlled_campaign/raw/7A_F43L_F199G_SAM_BOUND_S_s7.pdbqt,8,d0a2fe2ed358145d03b64c386c9bcd6e2d90d8ebc8dc2135431234e80d368963,1.0,compatible,6.091149152664053,-5.668,-5.668,-5.668,NONE
7A_F43L_F199G_SAM_BOUND,S,12,1,ACCEPTED_ON_SITE_SAM_BOUND,analysis/dcmb/controlled_campaign/raw/7A_F43L_F199G_SAM_BOUND_S_s42.pdbqt,8,a6aaf67f55df8d5189ec3c2952c6fde9b755ed7035a15665066b61c27e65c141,1.0,compatible,3.789976517077645,-5.642,-5.642,-5.642,NONE
7B_G199F_SAM_BOUND,R,1,3,ACCEPTED_ON_SITE_SAM_BOUND,analysis/dcmb/controlled_campaign/raw/7B_G199F_SAM_BOUND_R_s42.pdbqt,1,d6c3d1cfac72c42346752df39aad0e86b387408a88b076d7bb8fd9914f31cfe4,1.0,compatible,3.404395100454705,-4.685,-4.664666666666666,-4.641,NONE
7B_G199F_SAM_BOUND,R,2,3,ACCEPTED_ON_SITE_SAM_BOUND,analysis/dcmb/controlled_campaign/raw/7B_G199F_SAM_BOUND_R_s1.pdbqt,2,5aba8a548ed35ae6428df3c3abf57d4fb49fca82ee180974bad065c2f532e0c7,1.0,compatible,3.435019941717952,-4.666,-4.554333333333333,-4.35,NONE
7B_G199F_SAM_BOUND,R,3,3,ACCEPTED_ON_SITE_SAM_BOUND,analysis/dcmb/controlled_campaign/raw/7B_G199F_SAM_BOUND_R_s7.pdbqt,2,64dc1b79983fca77509f2976fdce182905867ab7e04b6abf635dfd7009a879cb,1.0,compatible,3.310945786327526,-4.636,-4.632666666666666,-4.628,NONE
7B_G199F_SAM_BOUND,R,4,3,ACCEPTED_ON_SITE_SAM_BOUND,analysis/dcmb/controlled_campaign/raw/7B_G199F_SAM_BOUND_R_s7.pdbqt,3,64dc1b79983fca77509f2976fdce182905867ab7e04b6abf635dfd7009a879cb,1.0,compatible,2.8981038628731026,-4.526,-4.5200000000000005,-4.509,NONE
7B_G199F_SAM_BOUND,R,5,2,ACCEPTED_ON_SITE_SAM_BOUND,analysis/dcmb/controlled_campaign/raw/7B_G199F_SAM_BOUND_R_s1.pdbqt,5,5aba8a548ed35ae6428df3c3abf57d4fb49fca82ee180974bad065c2f532e0c7,1.0,compatible,3.619108315593773,-4.173,-4.15,-4.127,NONE
7B_G199F_SAM_BOUND,R,6,2,ACCEPTED_ON_SITE_SAM_BOUND,analysis/dcmb/controlled_campaign/raw/7B_G199F_SAM_BOUND_R_s7.pdbqt,5,64dc1b79983fca77509f2976fdce182905867ab7e04b6abf635dfd7009a879cb,1.0,compatible,2.9562669027000923,-4.264,-4.224,-4.184,NONE
7B_G199F_SAM_BOUND,R,7,1,ACCEPTED_ON_SITE_SAM_BOUND,analysis/dcmb/controlled_campaign/raw/7B_G199F_SAM_BOUND_R_s1.pdbqt,8,5aba8a548ed35ae6428df3c3abf57d4fb49fca82ee180974bad065c2f532e0c7,1.0,compatible,3.2447204810276036,-3.993,-3.993,-3.993,NONE
7B_G199F_SAM_BOUND,R,8,1,ACCEPTED_ON_SITE_SAM_BOUND,analysis/dcmb/controlled_campaign/raw/7B_G199F_SAM_BOUND_R_s42.pdbqt,7,d6c3d1cfac72c42346752df39aad0e86b387408a88b076d7bb8fd9914f31cfe4,0.5454545454545454,compatible,6.31418759619953,-4.142,-4.142,-4.142,NONE
7B_G199F_SAM_BOUND,S,1,3,ACCEPTED_ON_SITE_SAM_BOUND,analysis/dcmb/controlled_campaign/raw/7B_G199F_SAM_BOUND_S_s42.pdbqt,1,755cef8459826e5a2cd6e82a114e6343141963f599dbb3c4cb1bbb5b3dd2fa61,1.0,compatible,3.088026878121367,-4.523,-4.506333333333333,-4.487,NONE
7B_G199F_SAM_BOUND,S,2,3,ACCEPTED_ON_SITE_SAM_BOUND,analysis/dcmb/controlled_campaign/raw/7B_G199F_SAM_BOUND_S_s42.pdbqt,3,755cef8459826e5a2cd6e82a114e6343141963f599dbb3c4cb1bbb5b3dd2fa61,1.0,compatible,3.4264188302074228,-4.38,-4.361,-4.349,NONE
7B_G199F_SAM_BOUND,S,3,2,ACCEPTED_ON_SITE_SAM_BOUND,analysis/dcmb/controlled_campaign/raw/7B_G199F_SAM_BOUND_S_s7.pdbqt,1,f8f4696f25a488bbcaa52005264e1a0de154fe044055253b118521a0eec083d0,1.0,compatible,3.5141863923246874,-4.866,-4.853,-4.84,NONE
7B_G199F_SAM_BOUND,S,4,2,ACCEPTED_ON_SITE_SAM_BOUND,analysis/dcmb/controlled_campaign/raw/7B_G199F_SAM_BOUND_S_s1.pdbqt,2,1b460f2a6e7cbdad6239738b3fa857185e13f01b1c6e1b3ed88b2dca34c355e3,1.0,compatible,3.258307843037548,-4.657,-4.6419999999999995,-4.627,NONE
7B_G199F_SAM_BOUND,S,5,2,ACCEPTED_ON_SITE_SAM_BOUND,analysis/dcmb/controlled_campaign/raw/7B_G199F_SAM_BOUND_S_s1.pdbqt,3,1b460f2a6e7cbdad6239738b3fa857185e13f01b1c6e1b3ed88b2dca34c355e3,1.0,compatible,3.3489298290648017,-4.626,-4.567500000000001,-4.509,NONE
7B_G199F_SAM_BOUND,S,6,1,ACCEPTED_ON_SITE_SAM_BOUND,analysis/dcmb/controlled_campaign/raw/7B_G199F_SAM_BOUND_S_s1.pdbqt,9,1b460f2a6e7cbdad6239738b3fa857185e13f01b1c6e1b3ed88b2dca34c355e3,1.0,compatible,2.9785464575863174,-4.005,-4.005,-4.005,NONE
