system,enantiomer,family,population,representative_seed,representative_mode,medoid_mean_direct_rmsd_A,representative_engine_score,score_min,score_mean,score_max,superpocket_atom_fraction,sam_min_distance_A,sam_pairs_lt_2A,sam_pairs_lt_2p5A,sam_shared_occupied_volume_A3,sam_compatibility,local_accessible_volume_A3,centroid_x,centroid_y,centroid_z,axis_x,axis_y,axis_z,common_7A_centroid_x,common_7A_centroid_y,common_7A_centroid_z,common_7A_axis_x,common_7A_axis_y,common_7A_axis_z
7A_WT,R,1,3,42,1,0.04013261656118971,-5.986,-5.986,-5.982666666666667,-5.979,1.0,3.374229097142042,0,0,0.0,compatible,292.75,8.626181818181818,-1.5238181818181815,-1.9393636363636366,0.1749749800401213,0.8422454337806103,0.5099082129517724,8.626181818181818,-1.5238181818181815,-1.9393636363636366,0.1749749800401213,0.8422454337806103,0.5099082129517724
7A_WT,R,2,3,1,2,0.018478183160151266,-5.696,-5.703,-5.696333333333333,-5.69,1.0,3.514191514416936,0,0,0.0,compatible,296.875,8.53409090909091,-1.6414545454545453,-2.2771818181818184,0.4403854615457743,0.7215072345581329,0.534310729575395,8.53409090909091,-1.6414545454545453,-2.2771818181818184,0.4403854615457743,0.7215072345581329,0.534310729575395
7A_WT,R,3,3,42,3,0.03902378945490062,-5.492,-5.516,-5.5,-5.492,1.0,3.2051795581527096,0,0,0.125,compatible,290.0,8.244545454545454,-1.8411818181818183,-2.649545454545454,0.9272018052919208,0.10445930577199886,0.35970135626799515,8.244545454545454,-1.8411818181818183,-2.649545454545454,0.9272018052919208,0.10445930577199886,0.35970135626799515
7A_WT,R,4,3,1,4,0.045235266446873035,-5.466,-5.487,-5.476333333333334,-5.466,1.0,3.1686961040781423,0,0,0.125,compatible,303.0,8.372363636363637,-1.743181818181818,-2.3535454545454546,0.43004008522945736,0.663037427751737,0.6127372148777976,8.372363636363637,-1.743181818181818,-2.3535454545454546,0.43004008522945736,0.663037427751737,0.6127372148777976
7A_WT,R,5,2,1,6,0.011582706545064986,-4.923,-4.932,-4.9275,-4.923,1.0,3.1596275096916093,0,0,0.375,compatible,284.75,7.804636363636363,-1.7451818181818182,-2.5347272727272734,0.9587200466147738,-0.06551146880515085,0.2767022220256963,7.804636363636363,-1.7451818181818182,-2.5347272727272734,0.9587200466147738,-0.06551146880515085,0.2767022220256963
7A_WT,S,1,3,42,1,0.017588401725953925,-5.986,-5.986,-5.9799999999999995,-5.973,1.0,3.426334922333192,0,0,0.0,compatible,293.375,8.566,-1.4285454545454543,-1.9416363636363636,0.1486301363229189,0.8263376561398927,0.5432082111141722,8.566,-1.4285454545454543,-1.9416363636363636,0.1486301363229189,0.8263376561398927,0.5432082111141722
7A_WT,S,2,3,1,2,0.0281753847663532,-5.727,-5.745,-5.729,-5.715,1.0,3.12711256593043,0,0,0.25,compatible,280.5,8.290999999999999,-2.076909090909091,-2.8514545454545455,0.8807836238033229,0.18659509393803603,0.4352039509909602,8.290999999999999,-2.076909090909091,-2.8514545454545455,0.8807836238033229,0.18659509393803603,0.4352039509909602
7A_WT,S,3,3,7,3,0.04821613727275589,-5.406,-5.41,-5.401,-5.387,1.0,3.4666544390809992,0,0,0.0,compatible,298.375,8.606272727272726,-1.6241818181818184,-2.247181818181818,0.481546529167138,0.6960039122975176,0.5326269748272539,8.606272727272726,-1.6241818181818184,-2.247181818181818,0.481546529167138,0.6960039122975176,0.5326269748272539
7A_WT,S,4,3,7,4,0.09033446246732085,-5.358,-5.398,-5.368333333333333,-5.349,1.0,3.139312345084509,0,0,0.25,compatible,303.625,8.295727272727271,-1.8106363636363634,-2.405,0.4567348560999945,0.647513410257787,0.6100161102459906,8.295727272727271,-1.8106363636363634,-2.405,0.4567348560999945,0.647513410257787,0.6100161102459906
7A_WT,S,5,2,1,5,0.06529548223269357,-5.111,-5.111,-5.1065000000000005,-5.102,1.0,3.122584506462555,0,0,0.375,compatible,284.5,7.818454545454544,-1.5935454545454546,-2.515090909090909,0.967617473725636,-0.03831358290745311,0.24949648074794958,7.818454545454544,-1.5935454545454546,-2.515090909090909,0.967617473725636,-0.03831358290745311,0.24949648074794958
7A_WT,S,6,2,1,6,0.020006817020024038,-5.086,-5.086,-5.082000000000001,-5.078,1.0,3.1953885522734162,0,0,0.25,compatible,293.625,8.06509090909091,-1.221,-2.036,0.40404379791111295,0.6319866095895922,0.6613180283865059,8.06509090909091,-1.221,-2.036,0.40404379791111295,0.6319866095895922,0.6613180283865059
7B_WT,R,1,4,7,4,0.5253423315607073,-4.56,-4.56,-4.4670000000000005,-4.266,1.0,2.9060724354358407,0,0,0.375,compatible,349.625,9.293727272727274,-4.804454545454544,4.876545454545454,0.5775179854551249,0.815284158371032,-0.042245917969579945,-1.4303516841253097,-5.448075310935792,-11.601721394410395,0.9503604958990471,-0.3105158809514513,0.01986996505939581
7B_WT,R,2,3,42,1,0.09472237832968626,-5.099,-5.136,-5.089333333333333,-5.033,1.0,4.003201718624731,0,0,0.0,compatible,358.25,6.4658181818181815,6.881545454545454,-3.6483636363636376,-0.5961916791640757,0.7261154612620359,-0.3425081292637317,8.43930770501261,-1.1789520036536636,-1.5221306009142195,0.30246974117537584,0.1418128762628299,0.9425503508032687
7B_WT,R,3,3,7,2,0.03891054829693776,-4.955,-4.993,-4.96,-4.932,1.0,3.941742761774289,0,0,0.0,compatible,370.75,6.807636363636363,7.268363636363636,-3.480818181818182,-0.5697578018842189,0.6317393069336399,-0.5256248617284645,8.864892380914455,-1.5091992365205757,-1.5881147154170516,0.312150022232018,0.3415693748475517,0.8865059084895053
7B_WT,R,4,3,1,3,0.12216582493420458,-4.652,-4.666,-4.652333333333334,-4.639,1.0,3.9924912022445334,0,0,0.0,compatible,329.125,8.167181818181819,6.939818181818182,-2.746090909090909,0.7616968357109065,0.4686970094035757,0.4473712595195813,9.164620768061578,-2.245222892954107,-2.9536044426121504,0.6342881223588589,-0.6698013188517716,-0.38606316982962846
7B_WT,R,5,3,7,5,0.05145868402986566,-4.548,-4.548,-4.533,-4.523,1.0,4.082528750664226,0,0,0.0,compatible,345.875,7.828000000000002,7.117272727272726,-2.899636363636364,0.8288754098652529,0.40248800079638997,0.3885472482667119,9.14956767622774,-2.122101769573552,-2.560253172749036,0.6454010151118826,-0.6004099523588147,-0.47219214182474195
7B_WT,R,6,3,42,8,0.482030837880856,-4.227,-4.369,-4.285666666666667,-4.227,1.0,3.6932359794629965,0,0,0.0,compatible,337.375,7.729727272727273,6.638727272727272,-2.721909090909091,0.5757375785237311,0.8038757205140283,0.14936554704376287,8.679552897094549,-2.111405977292974,-2.7821134258064064,0.8745747109397365,-0.4848420791577615,-0.00687264597193999
7B_WT,R,7,2,7,6,0.02657066051117298,-4.488,-4.488,-4.477,-4.466,1.0,3.324600878301033,0,0,0.0,compatible,326.25,6.89809090909091,5.993636363636364,-2.816363636363636,0.15505920302644352,0.9692152189293342,-0.1912550730113257,7.752732594958045,-1.7012596420037787,-2.4830029200271686,0.8677745456614553,-0.17346267528859013,0.46570166220852205
7B_WT,R,8,1,7,8,0.0,-4.288,-4.288,-4.288,-4.288,1.0,3.611551744056839,0,0,0.0,compatible,350.875,7.7019090909090915,6.856181818181819,-2.738090909090909,0.8502871136031244,0.38133831456064193,0.36275737661488844,8.828369372439091,-2.1676406157607855,-2.6304114023505387,0.6513476510014393,-0.5717191174729808,-0.49888223886085903
7B_WT,R,9,1,42,7,0.0,-4.379,-4.379,-4.379,-4.379,1.0,3.2233687347245894,0,0,0.125,compatible,340.375,6.672090909090909,6.836181818181819,-3.3687272727272726,0.5860363233047454,-0.5217834564621329,0.6199221340861165,8.429817329203487,-1.448782162168423,-1.7455235544990004,-0.25465280680086766,-0.46912251777218666,-0.8456216714982675
7B_WT,S,1,3,7,2,0.4900066868774862,-5.033,-5.033,-4.947,-4.838,1.0,3.746109448481184,0,0,0.0,compatible,364.5,6.46,6.819454545454545,-3.222454545454546,-0.570523106566928,0.6717504976545933,-0.47249831086896776,8.242824883906497,-1.5536008984690017,-1.6016314976025092,0.3226427944671801,0.27844243982787487,0.9046388422354573
7B_WT,S,2,3,42,3,0.02947992033537024,-4.639,-4.659,-4.644666666666667,-4.636,1.0,3.8124172122158932,0,0,0.0,compatible,337.25,7.907454545454544,6.9384545454545465,-2.744727272727273,0.7918989118806743,0.44243148838675905,0.4208924939293655,9.01123220195166,-2.2145893383289743,-2.746250859753342,0.6418629764252528,-0.6397760444877609,-0.42272749188349446
7B_WT,S,3,3,7,3,0.04540299070424878,-4.648,-4.648,-4.635000000000001,-4.626,1.0,3.2105784525533716,0,0,0.0,compatible,343.625,7.189454545454546,6.563090909090909,-3.2172727272727273,-0.5695490626016938,0.6279077142499071,-0.5304203688349355,8.479674381882848,-1.5586806355078626,-2.337654330640669,0.31112325720043105,0.3473262014644113,0.8846280736022895
7B_WT,S,4,3,7,4,0.14003312238075147,-4.644,-4.644,-4.600333333333333,-4.541,1.0,3.6202776136644546,0,0,0.0,compatible,336.75,8.412999999999998,6.9057272727272725,-2.5023636363636363,0.8124237364975309,0.41430355547916187,0.41026849293202594,9.19896773848227,-2.490266013399184,-3.1980751091788666,0.6369192908597106,-0.622706466368942,-0.45450024606491646
7B_WT,S,5,3,42,6,0.045659268187433065,-4.5,-4.504,-4.492333333333334,-4.473,1.0,3.094096798744345,0,0,0.25,compatible,338.25,8.940363636363635,-4.834818181818182,5.232,0.41150255666673186,0.8410056516324373,-0.3512479747685982,-1.7824404664574194,-5.72593647218157,-11.375972843520925,0.9791647737527467,-0.011463112707969325,0.20274353969677036
7B_WT,S,6,2,1,7,0.24919201249419912,-4.393,-4.393,-4.371499999999999,-4.35,1.0,3.26804008543347,0,0,0.0,compatible,343.875,7.353818181818181,6.325636363636363,-3.0158181818181817,0.3962799843243392,0.9121460060212193,-0.10465102829613616,8.331874537951048,-1.684660118788289,-2.631369117340509,0.9370102330056904,-0.26372043897404485,0.22904880115372422
7B_WT,S,7,2,1,8,0.1371198049484133,-4.342,-4.342,-4.3004999999999995,-4.259,1.0,3.3302591490753386,0,0,0.0,compatible,351.5,10.659818181818183,-3.7889090909090912,4.207454545454546,0.8551871821381152,0.5164293438778309,-0.04422235055470869,0.34527187845409935,-5.338983941292682,-12.026550329228932,0.8942745303442087,-0.23965697398538674,-0.3779386182937822
7B_WT,S,8,2,7,1,0.05649477047399249,-5.149,-5.157,-5.1530000000000005,-5.149,1.0,3.985934645726144,0,0,0.0,compatible,369.75,6.7930909090909095,7.245909090909091,-3.5667272727272734,-0.5670313061433805,0.6233221708773898,-0.5384653834240698,8.869676772503308,-1.4197157087630392,-1.5799933474583032,0.3120197847240446,0.3560889269367002,0.8808202597884716
7B_WT,S,9,1,7,6,0.0,-4.486,-4.486,-4.486,-4.486,1.0,3.649063167444488,0,0,0.0,compatible,348.125,6.829636363636364,6.243,-2.8710909090909094,0.6581938056476974,-0.49114739257704326,0.5705744061660784,7.914535631018617,-1.7276336756406732,-2.275668624298386,-0.17288398271484526,-0.4424156275792877,-0.8799883754881527
7B_WT,S,10,1,42,8,0.0,-4.421,-4.421,-4.421,-4.421,1.0,3.252220318490123,0,0,0.125,compatible,340.625,6.572363636363636,6.032727272727271,-2.919545454545455,-0.13733590413455135,0.9183685241067743,-0.37113084399641383,7.626626013930946,-1.579160361453341,-2.1872636110303274,0.7217717055917259,0.046916085114018784,0.6905392718483033
7A_F43L,R,1,4,7,1,0.4786062462457305,-6.069,-6.078,-6.0595,-6.025,1.0,3.6359891363974124,0,0,0.0,compatible,328.0,8.653636363636362,-1.2890909090909093,-1.5235454545454545,0.17513307679082327,0.5926982032988929,0.7861534489017039,8.653636363636362,-1.2890909090909093,-1.5235454545454545,0.17513307679082327,0.5926982032988929,0.7861534489017039
7A_F43L,R,2,4,42,6,0.3671435049011493,-5.985,-6.008,-5.95975,-5.869,1.0,3.710446603847036,0,0,0.0,compatible,340.875,9.205272727272726,-2.022545454545455,-0.655,0.31900563239300206,0.28730837562337075,0.9031551936396094,9.205272727272726,-2.022545454545455,-0.655,0.31900563239300206,0.28730837562337075,0.9031551936396094
7A_F43L,R,3,3,42,3,0.023860910784716766,-6.051,-6.051,-6.042000000000001,-6.037,1.0,3.512822369548452,0,0,0.0,compatible,337.0,8.957363636363636,-0.7129090909090908,-0.8208181818181818,0.5332134037685768,0.2555730513035698,0.8064526529740672,8.957363636363636,-0.7129090909090908,-0.8208181818181818,0.5332134037685768,0.2555730513035698,0.8064526529740672
7A_F43L,R,4,3,42,4,0.023597349643238518,-6.041,-6.041,-6.035333333333334,-6.027,1.0,3.7155586390205166,0,0,0.0,compatible,323.375,8.854272727272727,-1.3847272727272726,-1.204090909090909,0.12492779615886562,0.7277059250330029,0.6744161418729172,8.854272727272727,-1.3847272727272726,-1.204090909090909,0.12492779615886562,0.7277059250330029,0.6744161418729172
7A_F43L,R,5,3,42,2,0.055466655945588715,-6.061,-6.061,-6.044999999999999,-6.019,1.0,3.6815959854389226,0,0,0.0,compatible,335.75,8.822727272727274,-1.2762727272727272,-0.9536363636363636,0.17236481886845947,0.6715534208246406,0.7206291502535587,8.822727272727274,-1.2762727272727272,-0.9536363636363636,0.17236481886845947,0.6715534208246406,0.7206291502535587
7A_F43L,R,6,3,42,5,0.06181954442397306,-5.991,-5.991,-5.9623333333333335,-5.938,1.0,3.691508634691242,0,0,0.0,compatible,331.25,8.358363636363636,-2.0427272727272725,-0.9346363636363635,-0.424960130639353,0.6756181544324702,-0.602452485071019,8.358363636363636,-2.0427272727272725,-0.9346363636363635,-0.424960130639353,0.6756181544324702,-0.602452485071019
7A_F43L,R,7,3,7,8,0.06081335334181325,-5.835,-5.835,-5.821666666666666,-5.8,1.0,5.198108598326895,0,0,0.0,compatible,327.625,9.45709090909091,-0.9660000000000001,-0.6903636363636364,0.35384686019593886,-0.01371535415738702,0.935202806128068,9.45709090909091,-0.9660000000000001,-0.6903636363636364,0.35384686019593886,-0.01371535415738702,0.935202806128068
7A_F43L,R,8,2,1,9,0.13578576039950846,-5.774,-5.774,-5.7445,-5.715,1.0,3.893984078036273,0,0,0.0,compatible,345.0,9.112363636363638,-1.7884545454545453,-0.09672727272727269,0.21932651802979072,0.817240383856944,0.5329296702964499,9.112363636363638,-1.7884545454545453,-0.09672727272727269,0.21932651802979072,0.817240383856944,0.5329296702964499
7A_F43L,R,9,1,7,9,0.0,-5.632,-5.632,-5.632,-5.632,1.0,3.7030779089832824,0,0,0.0,compatible,323.25,8.194363636363635,-2.4149999999999996,-1.3865454545454545,-0.4629880005044392,0.8721682193109674,-0.15800224242977434,8.194363636363635,-2.4149999999999996,-1.3865454545454545,-0.4629880005044392,0.8721682193109674,-0.15800224242977434
7A_F43L,R,10,1,42,9,0.0,-5.519,-5.519,-5.519,-5.519,1.0,4.725995662291703,0,0,0.0,compatible,332.625,9.000454545454547,-1.8890909090909092,-0.644,0.07028129217608416,-0.4016923102210903,0.9130738348454102,9.000454545454547,-1.8890909090909092,-0.644,0.07028129217608416,-0.4016923102210903,0.9130738348454102
7A_F43L,S,1,5,42,2,0.6634529358517083,-6.067,-6.099,-5.906000000000001,-5.421,1.0,3.6088992781733324,0,0,0.0,compatible,333.375,8.653636363636364,-1.4054545454545453,-1.3768181818181817,0.17507954676158494,0.5880406335421571,0.7896552194528295,8.653636363636364,-1.4054545454545453,-1.3768181818181817,0.17507954676158494,0.5880406335421571,0.7896552194528295
7A_F43L,S,2,4,1,3,0.33422285078419744,-6.014,-6.037,-5.9335,-5.655,1.0,3.7246321966067995,0,0,0.0,compatible,332.75,8.682181818181819,-1.3176363636363637,-1.092818181818182,0.09542904226195682,0.7432928800912316,0.6621246048129064,8.682181818181819,-1.3176363636363637,-1.092818181818182,0.09542904226195682,0.7432928800912316,0.6621246048129064
7A_F43L,S,3,3,7,1,0.04359823477892855,-6.153,-6.153,-6.140666666666665,-6.134,1.0,3.5452511899722983,0,0,0.0,compatible,339.625,8.999363636363636,-0.7705454545454544,-0.8016363636363636,0.5416380924123576,0.2823559662698781,0.7917722432364663,8.999363636363636,-0.7705454545454544,-0.8016363636363636,0.5416380924123576,0.2823559662698781,0.7917722432364663
7A_F43L,S,4,3,7,4,0.04237800634259087,-5.982,-5.982,-5.958666666666667,-5.912,1.0,3.7380247457714884,0,0,0.0,compatible,321.875,8.795818181818184,-1.3761818181818182,-1.2558181818181817,0.08622037427889005,0.7302101505694301,0.6777604171568142,8.795818181818184,-1.3761818181818182,-1.2558181818181817,0.08622037427889005,0.7302101505694301,0.6777604171568142
7A_F43L,S,5,3,1,5,0.15408321405167616,-5.707,-5.793,-5.749333333333333,-5.707,1.0,3.6709308083917893,0,0,0.0,compatible,347.75,9.097818181818182,-2.1628181818181815,-0.6435454545454543,0.36251617322871016,0.36062873814108576,0.8593770635607983,9.097818181818182,-2.1628181818181815,-0.6435454545454543,0.36251617322871016,0.36062873814108576,0.8593770635607983
7A_F43L,S,6,3,42,7,0.06293853688170797,-5.586,-5.586,-5.566,-5.552,1.0,3.6564082102522413,0,0,0.0,compatible,339.875,8.90409090909091,-1.2888181818181819,-1.280909090909091,0.714003199360335,0.11466769764245235,0.6906886059727528,8.90409090909091,-1.2888181818181819,-1.280909090909091,0.714003199360335,0.11466769764245235,0.6906886059727528
7A_F43L,S,7,2,1,6,0.03003596329251136,-5.678,-5.682,-5.68,-5.678,1.0,3.4956282697106107,0,0,0.0,compatible,348.875,8.149545454545455,-2.027727272727273,-1.087909090909091,0.43681847175507593,-0.011575927852528962,0.8994751917801365,8.149545454545455,-2.027727272727273,-1.087909090909091,0.43681847175507593,-0.011575927852528962,0.8994751917801365
7A_F43L,S,8,2,1,7,0.03667981857791971,-5.608,-5.641,-5.624499999999999,-5.608,1.0,3.6740344309763895,0,0,0.0,compatible,334.25,8.713000000000001,-1.8571818181818187,-0.3156363636363636,-0.06950305614953764,0.8139788987407175,-0.5767214904880196,8.713000000000001,-1.8571818181818187,-0.3156363636363636,-0.06950305614953764,0.8139788987407175,-0.5767214904880196
7A_F43L,S,9,2,1,9,0.05725798872408343,-5.438,-5.504,-5.471,-5.438,1.0,3.7470540428448587,0,0,0.0,compatible,328.625,8.463545454545455,-2.2873636363636365,-0.8048181818181818,-0.3568760339008514,0.7508909034703956,-0.5556998717946696,8.463545454545455,-2.2873636363636365,-0.8048181818181818,-0.3568760339008514,0.7508909034703956,-0.5556998717946696
7A_F199G,R,1,5,7,1,0.7634807774561985,-5.882,-5.898,-5.558199999999999,-5.055,1.0,3.5215726600483483,0,0,0.0,compatible,310.75,8.361818181818181,-1.3330000000000002,-2.478090909090909,-0.24350226211231157,0.61693375275651,0.7483978841872526,8.361818181818181,-1.3330000000000002,-2.478090909090909,-0.24350226211231157,0.61693375275651,0.7483978841872526
7A_F199G,R,2,3,42,2,0.0346357221148749,-5.72,-5.728,-5.722999999999999,-5.72,1.0,3.517949829090802,0,0,0.0,compatible,305.5,8.577545454545453,-1.344181818181818,-2.0164545454545455,0.09638472862717319,0.7879373477773135,0.6081650434422544,8.577545454545453,-1.344181818181818,-2.0164545454545455,0.09638472862717319,0.7879373477773135,0.6081650434422544
7A_F199G,R,3,3,42,3,0.40500799600390813,-5.237,-5.256,-5.174333333333333,-5.03,1.0,3.349187065542921,0,0,0.0,compatible,314.25,8.110454545454546,-1.8013636363636365,-2.837636363636363,0.41940492228447473,0.6225820573351893,0.6606747256009092,8.110454545454546,-1.8013636363636365,-2.837636363636363,0.41940492228447473,0.6225820573351893,0.6606747256009092
7A_F199G,R,4,3,7,3,0.03475963807021286,-5.155,-5.155,-5.144,-5.128,1.0,3.5978150313766823,0,0,0.0,compatible,318.375,8.612000000000002,-1.9055454545454544,-3.012272727272727,0.6836419455822934,-0.5535163574933406,-0.47566094250817004,8.612000000000002,-1.9055454545454544,-3.012272727272727,0.6836419455822934,-0.5535163574933406,-0.47566094250817004
7A_F199G,R,5,3,7,5,0.38975147831269363,-4.914,-4.976,-4.929666666666667,-4.899,1.0,3.5654246591394974,0,0,0.0,compatible,317.25,8.733909090909092,-1.8780909090909086,-2.903909090909091,0.6113931064742539,-0.5439528668559114,-0.5747292823538722,8.733909090909092,-1.8780909090909086,-2.903909090909091,0.6113931064742539,-0.5439528668559114,-0.5747292823538722
7A_F199G,R,6,3,1,9,0.06998080974578512,-4.655,-4.686,-4.667333333333333,-4.655,1.0,7.874240344312586,0,0,0.0,compatible,357.875,13.509272727272725,-5.03909090909091,-6.200545454545455,0.23083717096055875,0.9395495931195522,0.2529046511470472,13.509272727272725,-5.03909090909091,-6.200545454545455,0.23083717096055875,0.9395495931195522,0.2529046511470472
7A_F199G,R,7,2,1,5,0.05652071221323127,-5.134,-5.134,-5.1305,-5.127,1.0,3.3099040771599406,0,0,0.0,compatible,303.625,8.05672727272727,-1.7174545454545453,-2.648636363636364,0.9213855592984115,0.0885478267873665,0.3784282408695046,8.05672727272727,-1.7174545454545453,-2.648636363636364,0.9213855592984115,0.0885478267873665,0.3784282408695046
7A_F199G,R,8,2,1,8,0.04054234598764386,-4.891,-4.893,-4.8919999999999995,-4.891,1.0,6.312015605177161,0,0,0.0,compatible,336.375,12.303636363636365,-4.04109090909091,-5.739090909090908,0.713474694748467,-0.4837892843390837,-0.5068548000288235,12.303636363636365,-4.04109090909091,-5.739090909090908,0.713474694748467,-0.4837892843390837,-0.5068548000288235
7A_F199G,R,9,1,7,9,0.0,-4.506,-4.506,-4.506,-4.506,1.0,6.168685192162103,0,0,0.0,compatible,329.5,4.225727272727273,-5.607181818181819,-14.166181818181816,0.7706529894782012,-0.48346659813731385,0.4151554146266729,4.225727272727273,-5.607181818181819,-14.166181818181816,0.7706529894782012,-0.48346659813731385,0.4151554146266729
7A_F199G,S,1,3,1,1,0.01766734435277653,-5.721,-5.721,-5.712666666666666,-5.702,1.0,3.586348282027277,0,0,0.0,compatible,306.5,8.593636363636364,-1.3466363636363636,-2.0762727272727273,0.10351108236936493,0.7927885907900519,0.6006427441831342,8.593636363636364,-1.3466363636363636,-2.0762727272727273,0.10351108236936493,0.7927885907900519,0.6006427441831342
7A_F199G,S,2,3,7,2,0.04559081384489198,-5.594,-5.594,-5.583333333333333,-5.576,1.0,3.5213138173130774,0,0,0.0,compatible,310.75,8.56818181818182,-1.1293636363636361,-2.2254545454545456,-0.3553943103625821,0.6092135964497131,0.7089102045130333,8.56818181818182,-1.1293636363636361,-2.2254545454545456,-0.3553943103625821,0.6092135964497131,0.7089102045130333
7A_F199G,S,3,3,42,3,0.08650671762468103,-5.512,-5.583,-5.528333333333333,-5.49,1.0,3.572193863720165,0,0,0.0,compatible,312.875,8.626727272727274,-1.6507272727272726,-2.9910909090909086,0.7518181612897881,-0.42745143373091293,-0.5020505195259033,8.626727272727274,-1.6507272727272726,-2.9910909090909086,0.7518181612897881,-0.42745143373091293,-0.5020505195259033
7A_F199G,S,4,3,7,4,0.08530212653318103,-5.325,-5.388,-5.341,-5.31,1.0,3.3082844496808312,0,0,0.0,compatible,316.0,8.020909090909091,-1.7120909090909089,-2.772818181818182,0.45881074440066266,0.5855742466581515,0.6682780128608513,8.020909090909091,-1.7120909090909089,-2.772818181818182,0.45881074440066266,0.5855742466581515,0.6682780128608513
7A_F199G,S,5,3,1,5,0.03774518210929565,-5.179,-5.179,-5.158333333333334,-5.146,1.0,3.565378661516894,0,0,0.0,compatible,308.75,8.46490909090909,-1.8301818181818186,-2.9109090909090907,0.6913538813338014,-0.5294138457604318,-0.4916815948170498,8.46490909090909,-1.8301818181818186,-2.9109090909090907,0.6913538813338014,-0.5294138457604318,-0.4916815948170498
7A_F199G,S,6,3,42,6,0.04598187903232193,-5.032,-5.055,-5.045,-5.032,1.0,3.3415280935524088,0,0,0.125,compatible,306.125,8.61309090909091,-1.625727272727273,-2.2344545454545455,0.33932408477206094,0.7741068389317532,0.5344321915946785,8.61309090909091,-1.625727272727273,-2.2344545454545455,0.33932408477206094,0.7741068389317532,0.5344321915946785
7A_F199G,S,7,2,1,7,0.018496314129134973,-4.91,-4.933,-4.9215,-4.91,1.0,3.057058390021362,0,0,0.125,compatible,292.125,8.265454545454546,-2.082181818181818,-2.8455454545454546,0.87177511692208,0.20147377827183838,0.446560703806732,8.265454545454546,-2.082181818181818,-2.8455454545454546,0.87177511692208,0.20147377827183838,0.446560703806732
7A_F199G,S,8,2,7,8,0.040676383588246615,-4.86,-4.866,-4.8629999999999995,-4.86,1.0,3.393469316201341,0,0,0.0,compatible,309.125,8.197363636363635,-1.2361818181818183,-2.095,0.2523234561059339,0.6720322791349365,0.6962079353896073,8.197363636363635,-1.2361818181818183,-2.095,0.2523234561059339,0.6720322791349365,0.6962079353896073
7A_F199G,S,9,1,7,5,0.0,-5.164,-5.164,-5.164,-5.164,1.0,3.4295881676959405,0,0,0.0,compatible,301.0,8.109,-1.5097272727272726,-2.6194545454545453,0.9365036562937196,0.07680629838532933,0.3421427980782862,8.109,-1.5097272727272726,-2.6194545454545453,0.9365036562937196,0.07680629838532933,0.3421427980782862
7A_F43L_F199G,R,1,4,1,5,0.5338795068071395,-5.467,-5.485,-5.4647499999999996,-5.453,1.0,3.512633769694757,0,0,0.0,compatible,350.25,8.326818181818181,-1.509818181818182,-1.4873636363636364,0.2315093800675496,0.41284811287381173,0.880885828378043,8.326818181818181,-1.509818181818182,-1.4873636363636364,0.2315093800675496,0.41284811287381173,0.880885828378043
7A_F43L_F199G,R,2,3,7,1,0.055522915400868816,-5.627,-5.697,-5.646666666666666,-5.616,1.0,4.129947820493619,0,0,0.0,compatible,348.25,8.784272727272729,-2.140727272727273,-2.1310000000000002,-0.05843506758059391,0.3934600978968424,0.9174826942454329,8.784272727272729,-2.140727272727273,-2.1310000000000002,-0.05843506758059391,0.3934600978968424,0.9174826942454329
7A_F43L_F199G,R,3,3,1,2,0.04142082751736353,-5.585,-5.605,-5.592666666666667,-5.585,1.0,3.4936950353458154,0,0,0.0,compatible,344.625,8.922090909090906,-0.7013636363636363,-0.7932727272727272,0.5541484145230715,0.250213747153263,0.7939222980979238,8.922090909090906,-0.7013636363636363,-0.7932727272727272,0.5541484145230715,0.250213747153263,0.7939222980979238
7A_F43L_F199G,R,4,3,7,2,0.07143486731877752,-5.609,-5.609,-5.582333333333334,-5.567,1.0,3.716973231003958,0,0,0.0,compatible,335.125,8.806545454545455,-1.4343636363636365,-1.3546363636363636,0.08033395556949374,0.7247273226025581,0.6843367325051946,8.806545454545455,-1.4343636363636365,-1.3546363636363636,0.08033395556949374,0.7247273226025581,0.6843367325051946
7A_F43L_F199G,R,5,3,7,4,0.44241929209889785,-5.539,-5.539,-5.5073333333333325,-5.455,1.0,3.71943893618379,0,0,0.0,compatible,342.875,9.234363636363637,-1.435090909090909,-1.6621818181818184,0.23294358584130195,0.4573680407343778,0.858225938276275,9.234363636363637,-1.435090909090909,-1.6621818181818184,0.23294358584130195,0.4573680407343778,0.858225938276275
7A_F43L_F199G,R,6,3,1,9,0.5029165705728642,-5.315,-5.315,-5.239333333333334,-5.092,1.0,3.546357426994634,0,0,0.0,compatible,344.625,8.593909090909092,-1.4313636363636364,-1.7304545454545455,0.19120006036256026,0.6086665303365313,0.7700438895059436,8.593909090909092,-1.4313636363636364,-1.7304545454545455,0.19120006036256026,0.6086665303365313,0.7700438895059436
7A_F43L_F199G,R,7,2,1,8,0.037198179329834685,-5.365,-5.388,-5.3765,-5.365,1.0,3.908713982884908,0,0,0.0,compatible,344.625,8.938454545454546,-1.5648181818181817,-1.1485454545454545,0.2279395540935779,0.6254198397517341,0.746253029290023,8.938454545454546,-1.5648181818181817,-1.1485454545454545,0.2279395540935779,0.6254198397517341,0.746253029290023
7A_F43L_F199G,R,8,2,7,6,0.09272858733470979,-5.418,-5.427,-5.422499999999999,-5.418,1.0,3.5077565479947435,0,0,0.0,compatible,363.375,8.930363636363635,-2.0287272727272727,-0.5867272727272728,0.4309859226310146,0.26084381090415487,0.8638354246075409,8.930363636363635,-2.0287272727272727,-0.5867272727272728,0.4309859226310146,0.26084381090415487,0.8638354246075409
7A_F43L_F199G,R,9,1,1,7,0.0,-5.434,-5.434,-5.434,-5.434,1.0,3.6457501285743645,0,0,0.0,compatible,334.75,8.367272727272727,-2.021636363636364,-0.9081818181818182,-0.4048952048400949,0.6732609678272848,-0.6186917991195333,8.367272727272727,-2.021636363636364,-0.9081818181818182,-0.4048952048400949,0.6732609678272848,-0.6186917991195333
7A_F43L_F199G,R,10,1,7,9,0.0,-4.925,-4.925,-4.925,-4.925,1.0,3.761523627467998,0,0,0.0,compatible,345.625,9.682636363636364,-2.298545454545455,-1.4449090909090907,-0.17230483043333558,0.09143164838337436,0.9807911597701309,9.682636363636364,-2.298545454545455,-1.4449090909090907,-0.17230483043333558,0.09143164838337436,0.9807911597701309
7A_F43L_F199G,R,11,1,42,8,0.0,-4.989,-4.989,-4.989,-4.989,1.0,3.520905565334009,0,0,0.0,compatible,333.375,8.74,-1.8417272727272724,-0.3088181818181818,-0.057340655170513156,0.8107230778848519,-0.5826149159174772,8.74,-1.8417272727272724,-0.3088181818181818,-0.057340655170513156,0.8107230778848519,-0.5826149159174772
7A_F43L_F199G,R,12,1,42,9,0.0,-4.924,-4.924,-4.924,-4.924,1.0,3.8592348982667533,0,0,0.0,compatible,339.625,8.876999999999999,-1.3193636363636365,-0.8998181818181817,-0.3631942177638475,0.8609777010514192,0.35610020847385093,8.876999999999999,-1.3193636363636365,-0.8998181818181817,-0.3631942177638475,0.8609777010514192,0.35610020847385093
7A_F43L_F199G,S,1,5,7,3,0.7487255888795202,-5.619,-5.619,-5.556,-5.471,1.0,3.874227277793599,0,0,0.0,compatible,331.0,8.835818181818182,-1.3424545454545453,-1.4607272727272729,0.07411248878713282,0.6893459860222283,0.7206312861379386,8.835818181818182,-1.3424545454545453,-1.4607272727272729,0.07411248878713282,0.6893459860222283,0.7206312861379386
7A_F43L_F199G,S,2,4,42,2,0.4271039747803766,-5.626,-5.644,-5.62,-5.567,1.0,4.347590827113333,0,0,0.0,compatible,351.0,8.866090909090909,-2.079,-2.0494545454545454,-0.0043450460480373865,0.4098430382718234,0.9121457145406987,8.866090909090909,-2.079,-2.0494545454545454,-0.0043450460480373865,0.4098430382718234,0.9121457145406987
7A_F43L_F199G,S,3,3,1,1,0.031400905891593646,-5.674,-5.705,-5.6853333333333325,-5.674,1.0,3.565617057396938,0,0,0.0,compatible,347.625,8.976545454545452,-0.7963636363636365,-0.7859999999999999,0.5277806347618742,0.262595666784789,0.8077692228329857,8.976545454545452,-0.7963636363636365,-0.7859999999999999,0.5277806347618742,0.262595666784789,0.8077692228329857
7A_F43L_F199G,S,4,3,7,5,0.08133022274907749,-5.566,-5.587,-5.573999999999999,-5.566,1.0,3.8050988160624692,0,0,0.0,compatible,342.375,8.865363636363638,-1.3270000000000002,-0.9669090909090908,0.15075408053274067,0.6925382346122781,0.7054530464905782,8.865363636363638,-1.3270000000000002,-0.9669090909090908,0.15075408053274067,0.6925382346122781,0.7054530464905782
7A_F43L_F199G,S,5,3,1,6,0.049445801065299035,-5.465,-5.479,-5.470333333333333,-5.465,1.0,3.6264728042548446,0,0,0.0,compatible,346.5,8.621727272727274,-1.4083636363636365,-1.4163636363636363,0.17329837835869252,0.5773066379052949,0.7979252583348471,8.621727272727274,-1.4083636363636365,-1.4163636363636363,0.17329837835869252,0.5773066379052949,0.7979252583348471
7A_F43L_F199G,S,6,3,1,7,0.0395224825844103,-5.449,-5.453,-5.444,-5.43,1.0,3.6508326447537964,0,0,0.0,compatible,356.375,8.29209090909091,-1.6532727272727272,-1.5225454545454544,0.25102139631843223,0.27035591533789677,0.9294600247628472,8.29209090909091,-1.6532727272727272,-1.5225454545454544,0.25102139631843223,0.27035591533789677,0.9294600247628472
7A_F43L_F199G,S,7,2,1,9,0.8449589823288358,-5.312,-5.513,-5.4125,-5.312,1.0,3.7365046500707053,0,0,0.0,compatible,348.875,9.271545454545455,-1.9142727272727276,0.12609090909090923,0.3015536979011046,0.8115719187075198,0.5004162148127941,9.271545454545455,-1.9142727272727276,0.12609090909090923,0.3015536979011046,0.8115719187075198,0.5004162148127941
7A_F43L_F199G,S,8,2,7,9,0.63256661524876,-5.232,-5.287,-5.2595,-5.232,1.0,3.6266272209864634,0,0,0.0,compatible,344.75,8.905818181818182,-1.2149090909090907,-1.2106363636363637,0.6992691112986209,0.12705349155102427,0.7034771639991809,8.905818181818182,-1.2149090909090907,-1.2106363636363637,0.6992691112986209,0.12705349155102427,0.7034771639991809
7A_F43L_F199G,S,9,1,1,8,0.0,-5.325,-5.325,-5.325,-5.325,1.0,3.5873002383408052,0,0,0.0,compatible,335.375,8.69,-1.886,-0.2664545454545455,-0.04970647849133769,0.8107782362484575,-0.5832391598836882,8.69,-1.886,-0.2664545454545455,-0.04970647849133769,0.8107782362484575,-0.5832391598836882
7A_F43L_F199G,S,10,1,42,9,0.0,-5.026,-5.026,-5.026,-5.026,1.0,3.774065579716389,0,0,0.0,compatible,337.375,8.910636363636364,-1.1693636363636366,-1.4791818181818182,-0.49460207400971695,0.7311901839561255,0.4698187983377147,8.910636363636364,-1.1693636363636366,-1.4791818181818182,-0.49460207400971695,0.7311901839561255,0.4698187983377147
7B_L43F,R,1,6,42,3,0.9745658987798418,-4.532,-4.532,-4.379499999999999,-4.196,1.0,2.926199924817168,0,0,0.375,compatible,350.625,9.317636363636364,-4.829181818181818,4.852454545454545,0.5832205531551232,0.810980968681413,-0.04651510307404527,-1.4261566734274451,-5.420040563462225,-11.63270379852616,0.9520189074968856,-0.30575223533596657,0.0132502964305048
7B_L43F,R,2,3,1,1,0.11690180759474655,-4.965,-5.018,-4.937666666666667,-4.83,1.0,4.011637695505415,0,0,0.0,compatible,359.625,6.491090909090909,6.773181818181819,-3.639181818181818,-0.5901965341670243,0.7342660285704505,-0.335442171386681,8.37143491118627,-1.153350948549338,-1.607004413428021,0.30950622370088116,0.13170746262693409,0.9417319373254766
7B_L43F,R,3,3,7,2,0.05191454367848077,-4.761,-4.805,-4.774,-4.756,1.0,3.9662540261561667,0,0,0.0,compatible,371.75,6.801000000000001,7.279,-3.5351818181818184,-0.5714573187052178,0.6291065114034018,-0.5269359830264814,8.88764395015134,-1.4614163668102784,-1.570458499177301,0.3096792582692137,0.3439002836701815,0.886471292196988
7B_L43F,R,4,2,1,4,0.030798096163119067,-4.466,-4.466,-4.459,-4.452,1.0,3.9196696289355817,0,0,0.0,compatible,333.125,8.060818181818183,6.889909090909089,-2.7370909090909086,0.7645036678846804,0.46289734274802274,0.4486203203909626,9.06268678538509,-2.2235932316951477,-2.8985884319843347,0.6312436663753604,-0.6693127890939662,-0.39185689226584847
7B_L43F,R,5,2,1,6,0.3178862718303227,-4.182,-4.182,-4.1725,-4.163,1.0,3.5261110305831265,0,0,0.0,compatible,344.75,7.854090909090909,6.659181818181818,-2.562181818181818,0.6346696803089811,0.745920876463194,0.2019812935716463,8.711963173338237,-2.2822455474412844,-2.8877586784095395,0.8483132175749484,-0.5210776029389389,-0.09403625153656185
7B_L43F,R,6,2,7,5,0.06274225776214072,-4.344,-4.344,-4.3365,-4.329,1.0,4.052690094246043,0,0,0.0,compatible,351.0,7.767272727272727,7.101,-2.9119090909090914,0.8249853722769425,0.4179752132706601,0.38038908583241515,9.106364929181598,-2.0977335338972525,-2.5197200396578507,0.6573102029781764,-0.597659164989148,-0.459071693273788
7B_L43F,R,7,1,7,4,0.0,-4.456,-4.456,-4.456,-4.456,1.0,3.8534725897558944,0,0,0.0,compatible,331.125,7.189545454545454,6.545909090909092,-3.3893636363636372,0.6704656308460876,-0.4696527718514448,0.5743710575459152,8.526741536949846,-1.392512892913338,-2.3285182282347803,-0.15125711776300554,-0.45481808965022713,-0.8776455945613505
7B_L43F,R,8,1,7,6,0.0,-4.251,-4.251,-4.251,-4.251,1.0,3.324430477540476,0,0,0.0,compatible,341.25,6.66709090909091,6.819454545454545,-3.330636363636363,0.5987466755467742,-0.5053391415285893,0.621397433661288,8.401429633223081,-1.477909306837179,-1.7555966458136787,-0.23566919958183177,-0.4776817954600934,-0.8463333448792388
7B_L43F,S,1,3,42,1,0.49973866808173345,-4.803,-4.84,-4.803666666666667,-4.768,1.0,3.9675380275430254,0,0,0.0,compatible,353.0,6.539636363636364,6.931272727272726,-3.850727272727273,-0.5928692352103123,0.6795448919552245,-0.43211666220906325,8.589056715808795,-1.0164890078088207,-1.529477415790859,0.3012999579177035,0.24086063103797353,0.9226074418596347
7B_L43F,S,2,3,42,3,0.11772655920848928,-4.475,-4.509,-4.494666666666666,-4.475,1.0,3.244285129269621,0,0,0.125,compatible,344.0,6.941272727272727,6.732363636363638,-3.355454545454546,0.5832144089379105,-0.578169082985052,0.5705974629170967,8.506524958649972,-1.458072918586667,-2.023809114373811,-0.2805698633165364,-0.403479447022203,-0.8709103786436334
7B_L43F,S,3,3,7,4,0.06279207999017783,-4.475,-4.501,-4.484666666666667,-4.475,1.0,3.075838259726933,0,0,0.0,compatible,339.125,8.88809090909091,-4.897454545454545,5.2962727272727275,0.4197165602735719,0.8471471218431988,-0.3258523637859711,-1.8812179656003092,-5.757961886880539,-11.378001146660319,0.9796759025403916,-0.03821867488182298,0.19691231264688835
7B_L43F,S,4,3,7,6,0.08873854395965493,-4.353,-4.353,-4.3183333333333325,-4.265,1.0,3.3834764665946784,0,0,0.0,compatible,351.25,10.663818181818181,-3.804363636363637,4.244454545454546,0.857747521756921,0.5116321002260239,-0.05001782620394467,0.32345966942346793,-5.368621392434662,-12.042972631205735,0.8942614252986929,-0.23292183663605145,-0.38215693273946877
7B_L43F,S,5,2,1,1,0.05311501243014589,-4.971,-4.971,-4.968999999999999,-4.967,1.0,3.89864566227812,0,0,0.0,compatible,374.125,6.813818181818181,7.233545454545453,-3.458545454545455,-0.5778087556113893,0.6201758624387705,-0.5305835858629108,8.835256753585398,-1.5187350027240951,-1.6159964979469983,0.3006780884664039,0.35113297602640814,0.8867346391469249
7B_L43F,S,6,2,1,6,0.1695313728005421,-4.428,-4.428,-4.3715,-4.315,1.0,3.642903924069368,0,0,0.0,compatible,345.75,8.223454545454544,6.881,-2.580363636363636,0.8092380594144318,0.4207693254338151,0.4099840703846148,9.096986883034234,-2.386187645943895,-3.051820140356264,0.639896513456665,-0.6242763054187537,-0.4481200135663609
7B_L43F,S,7,2,7,8,0.19402700140116386,-4.22,-4.257,-4.2385,-4.22,1.0,3.3086397507132745,0,0,0.0,compatible,349.5,7.417000000000001,6.35490909090909,-3.005454545454545,0.407278949727766,0.9063817871157696,-0.11223151559821178,8.386708545842666,-1.712011506662103,-2.6660299429126177,0.9418421075722373,-0.2560121035163359,0.21769530830274483
7B_G199F,R,1,6,42,1,0.9430308045787464,-4.543,-4.543,-4.394166666666667,-4.231,1.0,2.9112641584026693,0,0,0.375,compatible,350.375,9.295454545454545,-4.807181818181818,4.861363636363635,0.5781028110626039,0.814338901644963,-0.051471284316511406,-1.4260823452421616,-5.43320809674826,-11.603005052741873,0.9532051315971957,-0.30166992966352885,0.019880408284918695
7B_G199F,R,2,1,1,8,0.0,-3.974,-3.974,-3.974,-3.974,1.0,3.4099346034784888,0,0,0.0,compatible,360.5,10.976636363636363,-3.761454545454545,3.894636363636363,0.6276704961664132,-0.5578384370894242,-0.5429972618235172,0.6590815100326162,-5.095410452028224,-12.229474447383522,0.1461112523669175,0.6213162253649964,-0.7698166340304454
7B_G199F,R,3,1,7,8,0.0,-3.885,-3.885,-3.885,-3.885,1.0,3.6308269030621667,0,0,0.0,compatible,370.75,10.85218181818182,-3.569454545454545,5.278727272727273,0.6963143962744498,0.27897698828105594,-0.6613003111677628,0.24762834495945696,-6.435366216429854,-12.17215585606692,0.8409667226413416,0.4358332884961401,-0.32066230843134874
7B_G199F,R,4,1,42,2,0.0,-4.31,-4.31,-4.31,-4.31,1.0,4.4125839368787085,0,0,0.0,compatible,325.25,5.602181818181818,8.494363636363637,-3.802636363636363,0.9678928481980281,-0.1808655887018471,0.17455965522033826,9.170450060826251,-1.4845732662338655,0.1340326851094381,0.3730087106070033,-0.2176157690602799,-0.9019467162020185
7B_G199F,R,5,1,42,3,0.0,-4.248,-4.248,-4.248,-4.248,1.0,4.34571674180451,0,0,0.0,compatible,321.125,5.903363636363637,7.4820909090909105,-3.7886363636363627,0.8263188637078209,-0.5604300979468236,-0.05581434220636703,8.599359325843324,-1.1864563768568668,-0.7029764275460398,0.09163283005223195,0.14442062627711028,-0.985264485893177
7B_G199F,R,6,1,42,5,0.0,-4.169,-4.169,-4.169,-4.169,1.0,3.6375192095712716,0,0,0.0,compatible,356.375,8.825545454545455,-5.069545454545454,5.565909090909091,0.40665592668843475,0.8755762591807377,-0.2607626730347672,-2.137419767248605,-5.942425415697275,-11.45902476568415,0.9703385140504317,-0.10702226228862581,0.2167703935620026
7B_G199F,S,1,3,1,1,0.05784939430041549,-4.508,-4.534,-4.519333333333333,-4.508,1.0,3.08433753016754,0,0,0.25,compatible,338.5,8.928363636363637,-4.825272727272727,5.212909090909092,0.4104922151974097,0.8412766649216114,-0.35178077593964,-1.7758452625426364,-5.709981429968807,-11.358608557595266,0.9789571520669446,-0.010937663633578062,0.20377257404080873
7B_G199F,S,2,3,1,3,0.04908831477559388,-4.353,-4.372,-4.365666666666667,-4.353,1.0,3.4030922702741986,0,0,0.0,compatible,351.375,10.699181818181819,-3.793636363636364,4.2281818181818185,0.8605084462963328,0.5064562695438606,-0.05502054972815097,0.3576486401455732,-5.361429440255316,-12.063217455599403,0.8938133640405032,-0.22681930961068494,-0.3868470900114563
7B_G199F,S,3,1,1,9,0.0,-4.001,-4.001,-4.001,-4.001,1.0,2.995243228854712,0,0,0.375,compatible,348.0,9.751545454545456,-4.82109090909091,4.442181818181818,0.6448443385034718,0.763168598561407,-0.04182665740694816,-1.0243013071325504,-5.093224190830388,-11.929974039026346,0.9513731407458709,-0.3011588294635058,-0.06474956759321795
7B_G199F,S,4,1,7,8,0.0,-4.078,-4.078,-4.078,-4.078,1.0,3.5223781739046705,0,0,0.0,compatible,362.0,10.316999999999998,-3.677181818181818,4.481000000000001,-0.48440329948199307,0.44208956808042466,0.7549240075964087,0.13193580222919965,-5.590627774796727,-11.716715688494501,-0.22061895402155998,-0.7962887765656727,0.5632507979949767
7B_G199F,S,5,1,42,9,0.0,-2.009,-2.009,-2.009,-2.009,1.0,3.7937528912674328,0,0,0.0,compatible,331.625,5.1975454545454545,8.377818181818181,-4.2041818181818185,0.9732879388026168,-0.21485981423577097,0.08090641759418134,8.98740304166665,-1.021594840545938,0.435192024899017,0.38367591489772773,-0.11937043790570068,-0.9157202033817937
7B_L43F_G199F,R,1,6,42,3,0.9400325245135742,-4.232,-4.53,-4.381333333333333,-4.231,1.0,2.9598113115534916,0,0,0.75,compatible,369.5,10.457818181818181,-4.1001818181818175,4.0373636363636365,0.8324766885326039,0.5427314398318747,-0.11146814463249112,0.05775478209396545,-5.04923032701544,-12.028096425308263,0.9235761349591752,-0.1833102130261871,-0.3367558295474116
7B_L43F_G199F,R,2,3,1,3,0.051675475352596846,-4.16,-4.169,-4.163333333333333,-4.16,1.0,3.5514958820192937,0,0,0.0,compatible,355.125,8.802727272727273,-5.068636363636363,5.551909090909091,0.3839750629018186,0.879097237715093,-0.28240254551125643,-2.1452496973115815,-5.926936819141929,-11.43862154437664,0.9671510488980095,-0.08533172018374437,0.23945217924663512
7B_L43F_G199F,R,3,2,1,9,0.08631101267561919,-1.529,-4.334,-2.9314999999999998,-1.529,1.0,4.172124758441434,0,0,0.0,compatible,323.375,6.14209090909091,7.457272727272727,-3.676727272727273,0.8389949596943003,-0.5329888400034537,-0.10959176081865019,8.682023459310805,-1.311055273894705,-0.9215446169416736,0.13780206277479648,0.18354938613891847,-0.9733037626265696
7B_L43F_G199F,R,4,1,1,8,0.0,-3.978,-3.978,-3.978,-3.978,1.0,3.4213070601745175,0,0,0.0,compatible,360.25,10.977363636363638,-3.7901818181818183,3.884909090909091,0.627628042929473,-0.5605813439600154,-0.5402143986719548,0.641807914769597,-5.076574102586386,-12.245821306564178,0.1431107341404237,0.6196714141431839,-0.7717037360720599
7B_L43F_G199F,R,5,1,42,6,0.0,-4.122,-4.122,-4.122,-4.122,1.0,4.459418011355294,0,0,0.0,compatible,334.0,5.509818181818182,8.506545454545455,-3.8678181818181825,0.9626087604602679,-0.1786405580497813,0.20364656958763008,9.147940260404248,-1.4168697253610223,0.2225631706850716,0.3614736638948795,-0.24483067956215615,-0.8996636753006897
7B_L43F_G199F,S,1,3,1,1,0.05154913819891854,-4.522,-4.528,-4.523333333333333,-4.52,1.0,3.121621533754532,0,0,0.0,compatible,337.625,8.912545454545453,-4.836363636363636,5.279545454545454,0.42326431480854415,0.8444484855202838,-0.32825915845891024,-1.8163154778868469,-5.766320820233295,-11.35989808223347,0.980605571785227,-0.035479778283844146,0.19275346408481642
7B_L43F_G199F,S,2,3,1,3,0.05025981119017803,-4.362,-4.368,-4.362,-4.356,1.0,3.4336355368617686,0,0,0.0,compatible,351.625,10.721636363636362,-3.8069999999999995,4.230727272727273,0.8626271901424996,0.5023040354834784,-0.0597075101127895,0.3600997211600152,-5.3619288996818995,-12.089352020248818,0.8936310106609711,-0.2212846444741582,-0.39045706922144163
7B_L43F_G199F,S,3,1,1,4,0.0,-4.293,-4.293,-4.293,-4.293,1.0,3.967929056825487,0,0,0.0,compatible,338.5,5.410454545454545,8.44890909090909,-3.974909090909091,0.9680882936925764,-0.22075983119495457,0.1186176738356077,9.084649255524791,-1.2853113454959773,0.2804439692557418,0.36324370683604923,-0.1518378424581758,-0.9192384233927846
7B_L43F_G199F,S,4,1,1,9,0.0,-4.019,-4.019,-4.019,-4.019,1.0,2.995243228854712,0,0,0.375,compatible,348.0,9.751545454545456,-4.82109090909091,4.442181818181818,0.6448443385034718,0.763168598561407,-0.04182665740694816,-1.0243013071325504,-5.093224190830388,-11.929974039026346,0.9513731407458709,-0.3011588294635058,-0.06474956759321795
7B_L43F_G199F,S,5,1,7,8,0.0,-4.085,-4.085,-4.085,-4.085,1.0,3.534478603698146,0,0,0.0,compatible,363.375,10.328909090909091,-3.72790909090909,4.448363636363637,-0.47626445632823516,0.44886280576739,0.756104721078368,0.11300374604965469,-5.544253497832082,-11.752369840578853,-0.2112999995904466,-0.8006993975015179,0.5605647018978133
