axis,angle_degrees,candidate_id,source_archive_member,qm_energy_hartree,target_angle_after_minimization_degrees,final_restraint_center_degrees,restraint_center_correction_history,target_angle_error_degrees,target_angle_pass,minimization_converged,minimization_steps,final_rms_kcal_mol_angstrom,final_gmax_kcal_mol_angstrom,restart_readback_pass,aligned_cartesian_rmsd_angstrom,aligned_max_atom_displacement_angstrom,mm_bond_kcal_mol_absolute,mm_angle_kcal_mol_absolute,mm_dihedral_kcal_mol_absolute,mm_imp_kcal_mol_absolute,mm_elec_kcal_mol_absolute,mm_vdw_kcal_mol_absolute,mm_elec_14_kcal_mol_absolute,mm_vdw_14_kcal_mol_absolute,mm_tot_kcal_mol_absolute,mm_other_kcal_mol_absolute,input_rst7_sha256,final_rst7_sha256,mdout_sha256,restraint_sha256,run_directory,qm_relative_kcal_mol,mm_relative_kcal_mol,relaxed_profile_residual_kcal_mol
CHI,-180,ba08a7a7f9a13513d1f2,TSL_RSH_TORSIONDRIVE_BACKUP/results/CHI/candidates/ba08a7a7f9a13513d1f2/final.xyz,-1477.9408591079934,-179.4868166017833,-180.0,"[{'attempt': 1, 'restraint_center_degrees': -180.0, 'actual_degrees': -179.4868166017833, 'target_error_degrees': 0.5131833982167109, 'steps': 4705, 'rms': 0.00099683}]",0.5131833982167109,True,True,4705,0.00099683,0.0056346,True,0.1765767101863198,0.7672061623194633,3.7262654709423213,12.459097962662316,66.40764128606503,0.0,-48.739502679649064,-4.967329862980238,13.95001245613851,10.832353593889277,53.668538227068154,0.0,100a8aa253ce2044859e3e24286236dbf1edc8039c76fd1848333a7b677ade97,27a215d161d6cb26399903d39fc8a547a7e40236b6300377efda8dcb1052dff3,f7ac80b3d717a4a45d98039b8019749c91b18e07bb6b95052db46c7913b5b736,df2eddd1e61e9f8f5d8008f4707fdad228fe8bf6c21824a5807a0eaf70c4c442,03_PREFIT_BASELINE/relaxed-runs/CHI/-180,1.8361875979134048,1.0373859581861424,0.7988016397272624
CHI,-165,1bd7080eebaf0d339e66,TSL_RSH_TORSIONDRIVE_BACKUP/results/CHI/candidates/1bd7080eebaf0d339e66/final.xyz,-1477.9415334957814,-165.5617979229482,-165.0,"[{'attempt': 1, 'restraint_center_degrees': -165.0, 'actual_degrees': -165.5617979229482, 'target_error_degrees': 0.5617979229481875, 'steps': 4335, 'rms': 0.00099236}]",0.5617979229481875,True,True,4335,0.00099236,0.0054504,True,0.16606524251663665,0.7394403292210279,3.7290505349829033,12.458010485797619,66.54113877883074,0.0,-48.78322067336285,-4.947435341465738,13.95402166792022,10.828607563721906,53.7801730164248,-7.105427357601002e-15,4433fd4395787ceea3d8f882e477570016459af247b1997e08c2c4f4385a5612,2e59a433544c63420fc63f7a3d39ef5265e7c94b86978e9dea93a7ba927e042d,e0c868e3104f2a5c76610964afa3d3b1912744f459cf4e429a931c01d3ad536d,6dea1a6b3a591e0b8447e50ef604fa5117e879e99e543cf3c05a0d28b6bf41d7,03_PREFIT_BASELINE/relaxed-runs/CHI/-165,1.4130028718141248,1.1490207475427852,0.2639821242713396
CHI,-150,dfa537b18dce072c8daf,TSL_RSH_TORSIONDRIVE_BACKUP/results/CHI/candidates/dfa537b18dce072c8daf/final.xyz,-1477.941557019549,-150.59831719423232,-150.0,"[{'attempt': 1, 'restraint_center_degrees': -150.0, 'actual_degrees': -150.59831719423232, 'target_error_degrees': 0.5983171942323224, 'steps': 4076, 'rms': 0.0009955}]",0.5983171942323224,True,True,4076,0.0009955,0.0052636,True,0.15899401305464403,0.7212999030040709,3.732300420228886,12.457827389098766,66.96246459822322,0.0,-48.8105647736917,-4.920102790422895,13.918126718190859,10.827636101088665,54.16768766271581,7.105427357601002e-15,4f75d8c09724d5daf85541c2a67b2f2d03a796ed24979d70d142b48798bf176c,219dc5e6492600d884a16390c92b91568d5ae99e790f79b6e145314bf2532dfe,6f943630506523eb8cd66f37afd1835e75218ab570e79d48f286dc508786f408,41e7a4c4071950b046bacb120f1a438b7407965d725f2ae9d6a4b32364b2616a,03_PREFIT_BASELINE/relaxed-runs/CHI/-150,1.3982414847839755,1.5365353938337947,-0.1382939090498192
CHI,-135,d24d9aa996702014c248,TSL_RSH_TORSIONDRIVE_BACKUP/results/CHI/candidates/d24d9aa996702014c248/final.xyz,-1477.9410439769779,-135.5695800928673,-135.0,"[{'attempt': 1, 'restraint_center_degrees': -135.0, 'actual_degrees': -135.5695800928673, 'target_error_degrees': 0.5695800928673123, 'steps': 4018, 'rms': 0.00099561}]",0.5695800928673123,True,True,4018,0.00099561,0.0053281,True,0.15701384908024868,0.7188537728198069,3.7340347101730313,12.444876028864014,67.43365800684253,0.0,-48.810235819332036,-4.890960294526953,13.831206447188173,10.834510663926428,54.5770897431352,7.105427357601002e-15,8da92d27b30582dea9ab0e4dc92bb7be77fc019f090bc77347c46503e663ac9a,7ae11036a57e80791bd0b50cc3a57fe00a2b9c9e114335836314adfb83817047,b89e50ff450534b1ebcecc53d2abe88bad7f5cbb4bdc4e65bee2556c9a477f02,1c4b48b3bd821594f9e2f3d0edbb1233082256cfcc28a8414f6f22658ddee9e4,03_PREFIT_BASELINE/relaxed-runs/CHI/-135,1.7201805587324959,1.945937474253185,-0.2257569155206891
CHI,-120,86010686d1c3498cb40c,TSL_RSH_TORSIONDRIVE_BACKUP/results/CHI/candidates/86010686d1c3498cb40c/final.xyz,-1477.9404379850855,-119.48245265031018,-120.0,"[{'attempt': 1, 'restraint_center_degrees': -120.0, 'actual_degrees': -119.48245265031018, 'target_error_degrees': 0.5175473496898348, 'steps': 4244, 'rms': 0.00099893}]",0.5175473496898348,True,True,4244,0.00099893,0.0051548,True,0.15966606075703602,0.7301157746899779,3.734597054679572,12.421780764853603,67.67133042625716,0.0,-48.76652996710718,-4.861470376616522,13.66976929768828,10.849750925283999,54.71922812503891,0.0,db489b7f328c57dc042684001a7fed47501e1a6af44e2bcd9f101f254c51293b,c18a589402a8cdec5810ce8c3cb0bbb108bb0b5dfdebabccb61995ed5fe11713,f3494782dfbf5657d2d75884e6a4ef8e3b5753e3cbdf615734c9b8d59f7f21bd,9b42fa64b0381f322f82ab6a4b62bbdfcb945efcdc238ad0aa62b2044f7b8479,03_PREFIT_BASELINE/relaxed-runs/CHI/-120,2.1004462123625456,2.088075856156898,0.012370356205647415
CHI,-105,3ed6d67ea18b0cf3896d,TSL_RSH_TORSIONDRIVE_BACKUP/results/CHI/candidates/3ed6d67ea18b0cf3896d/final.xyz,-1477.9401480148308,-104.39721018580454,-105.0,"[{'attempt': 1, 'restraint_center_degrees': -105.0, 'actual_degrees': -104.39721018580454, 'target_error_degrees': 0.6027898141954608, 'steps': 5213, 'rms': 0.00099028}]",0.6027898141954608,True,True,5213,0.00099028,0.0051142,True,0.16464016670154497,0.7458874525750063,3.7349673026461683,12.404534854005398,67.49362034550487,0.0,-48.67343315702828,-4.8402958067162665,13.44910581527881,10.86459248022065,54.43309183391135,0.0,bc90e1764824bc6d99fb7232e840d85935c083bc16525fa6fa698a9b4d726483,a044b3b56cebcc3060ebc4c3f5fa530141428c9dfc904e7357f76bf7513595ec,8892afb3888420903c9c32495f66071f7441f1d8ff12c23f0e75d91e81fb95c9,78024df871e35bd8baa4a606133fc503a716a2dded62c8401645770fdfbddfed,03_PREFIT_BASELINE/relaxed-runs/CHI/-105,2.282405294363951,1.8019395650293362,0.4804657293346146
CHI,-90,7057d321a221db4e0535,TSL_RSH_TORSIONDRIVE_BACKUP/results/CHI/candidates/7057d321a221db4e0535/final.xyz,-1477.9402923294258,-89.35989708327574,-90.0,"[{'attempt': 1, 'restraint_center_degrees': -90.0, 'actual_degrees': -89.35989708327574, 'target_error_degrees': 0.6401029167242598, 'steps': 5434, 'rms': 0.0009998}]",0.6401029167242598,True,True,5434,0.0009998,0.0051753,True,0.16830899796073212,0.7537542162398901,3.7359991437556306,12.39655308289971,67.03583235502374,0.0,-48.52614112566681,-4.829748373130587,13.168401242918879,10.871382286258173,53.85227861205874,0.0,91b0544bd00d118902151e80f479557ed131b4dbfdebd6c2f139d8b37b2b2b2a,5cf9d7c8540531747c9cadd7e4df4068538b7195e59d700349aa94e46b89ef60,ad6eee66fec2902cf5f7de74b0beaa436f72fdab03e43fc962a65b164cc37993,38214b60884c6502ca80de62e03cdd7afc0c5b01d898de5614665ea6a02b9f7c,03_PREFIT_BASELINE/relaxed-runs/CHI/-090,2.191846518770847,1.2211263431767279,0.9707201755941193
CHI,-75,56ffb37aca93d433d400,TSL_RSH_TORSIONDRIVE_BACKUP/results/CHI/candidates/56ffb37aca93d433d400/final.xyz,-1477.9406787920627,-74.38873361237674,-75.0,"[{'attempt': 1, 'restraint_center_degrees': -75.0, 'actual_degrees': -74.38873361237674, 'target_error_degrees': 0.6112663876232602, 'steps': 5448, 'rms': 0.00099859}]",0.6112663876232602,True,True,5448,0.00099859,0.0052285,True,0.16935574659846464,0.7540240115422459,3.7379728340445646,12.396744033891991,66.57300228891448,0.0,-48.33224012829405,-4.831692601718477,12.844555372695197,10.86681199308557,53.25515379261927,-7.105427357601002e-15,ebcf4eb2e259d3f90eb3b7eb2f82a532e4c6b0eee6ac7b96e49adf142fceb0cf,e0a48c0c1b68accde1c5e87275e32dd5d32af6d9c4138d3ed9d7b56531490a75,53efee1fe588e2c1f270381b49ddba9929facdbc702c7deec14b66d44ccd8957,bc6563b4919a93c986c08fd54047287a9a20d0e908e9f0beced0011a0abcef6b,03_PREFIT_BASELINE/relaxed-runs/CHI/-075,1.9493375527533943,0.624001523737256,1.3253360290161382
CHI,-60,080db778a13d322b3cde,TSL_RSH_TORSIONDRIVE_BACKUP/results/CHI/candidates/080db778a13d322b3cde/final.xyz,-1477.9409832662677,-59.46273296196497,-60.0,"[{'attempt': 1, 'restraint_center_degrees': -60.0, 'actual_degrees': -59.46273296196497, 'target_error_degrees': 0.5372670380350257, 'steps': 5251, 'rms': 0.00099414}]",0.5372670380350257,True,True,5251,0.00099414,0.0053876,True,0.16767897459916734,0.7467680898281178,3.7410084303493765,12.405254922685073,66.36560099965988,0.0,-48.114469679819706,-4.844596944673819,12.500500669207476,10.854582452488042,52.90788084989632,7.105427357601002e-15,1040a10c0fe7369ee7bd50f928a8b704a9aeb02bf17bdb0749cfe92452a20ea3,2ef241fab1eb269d6f440da757df30c466021897c25e8532266e525993aae56b,578404ea5669026a85c346dfb39a059d6160f9ea5a871aad322db11fbc0e1e15,74fc6448c02388efe7ccf24129482cf0c5ec63e76796d9c59d7f489afb6f7c57,03_PREFIT_BASELINE/relaxed-runs/CHI/-060,1.7582771045303314,0.27672858101431075,1.4815485235160206
CHI,-45,187d13f913eac35533db,TSL_RSH_TORSIONDRIVE_BACKUP/results/CHI/candidates/187d13f913eac35533db/final.xyz,-1477.9409936799948,-45.53218089838048,-45.0,"[{'attempt': 1, 'restraint_center_degrees': -45.0, 'actual_degrees': -45.53218089838048, 'target_error_degrees': 0.5321808983804885, 'steps': 5126, 'rms': 0.00099603}]",0.5321808983804885,True,True,5126,0.00099603,0.0050148,True,0.16542056415404163,0.7356984712953876,3.7442831096938067,12.41901356555255,66.50148777776434,0.0,-47.92497931160826,-4.8636065771374835,12.184795782885235,10.843675799764487,52.90467014691467,-7.105427357601002e-15,a3ad63b16358102cee5df700e238a09b9b7c9c394c2975d9b326442f4d00af45,8762a94f129edddb9a12295957028f2e5d29926a2e7fafc6282c19f61989821e,1b54e08763ea55440b55b683377fb56baa4aebe2369ee64d4a08448aed069277,e492c561d5708bc3ce8ef48a6ace2cfecd96d74a8c4c49de16b395a20faefcc1,03_PREFIT_BASELINE/relaxed-runs/CHI/-045,1.7517423921353694,0.27351787803265637,1.478224514102713
CHI,-30,d91d2228afc45675bb8f,TSL_RSH_TORSIONDRIVE_BACKUP/results/CHI/candidates/d91d2228afc45675bb8f/final.xyz,-1477.9408001543177,-30.564860334127346,-30.0,"[{'attempt': 1, 'restraint_center_degrees': -30.0, 'actual_degrees': -30.564860334127346, 'target_error_degrees': 0.5648603341273315, 'steps': 5121, 'rms': 0.00099713}]",0.5648603341273315,True,True,5121,0.00099713,0.0047594,True,0.16423711916794959,0.7317377392819142,3.7465028828573534,12.432824573743584,66.92139361540826,0.0,-47.78468176652008,-4.8889027398181275,11.88044117697337,10.841228015155467,53.14880575779983,0.0,575f93b785b0c6a660e474eec6b3624c36dae636935ccd6bd3b5d06e5dfaff87,1782a25e9d138eb0fbe02a30a0458c6f3686c8daf178f327213f4a17c9b18b78,cc6040b0946682162d85777dbf9ca8c6912911c42edcdb956ab0d6c4ef5dca28,4f21f149ee325dcdb3de85625f4c2300f7bc529fe1ab3e53753e9324a97c2426,03_PREFIT_BASELINE/relaxed-runs/CHI/-030,1.8731815879809242,0.5176534889178157,1.3555280990631084
CHI,-15,78ce1b628974546ce51d,TSL_RSH_TORSIONDRIVE_BACKUP/results/CHI/candidates/78ce1b628974546ce51d/final.xyz,-1477.9407844319912,-15.53709437700943,-15.0,"[{'attempt': 1, 'restraint_center_degrees': -15.0, 'actual_degrees': -15.53709437700943, 'target_error_degrees': 0.5370943770094243, 'steps': 5203, 'rms': 0.00099892}]",0.5370943770094243,True,True,5203,0.00099892,0.0050681,True,0.16391608232640348,0.7333803246190367,3.7449944307557614,12.440537688446051,67.38704283438929,0.0,-47.746627150940874,-4.920108419422752,11.644213362309788,10.85374531237371,53.403798057910976,0.0,ef3c5a7c97c66eb83bb75b09b2cc4f6ee9b24623400cb7011f713f5b1f8051fa,88c9b46d81ab89c47086d0f2ce4f258419f917040a6583939244ae1ff438badf,b48fe13862251b3182899c7b5f045f309d2e7e697eae41a765f5b57eae34f599,8e051c1fa86de51c07c8292f80e4aed52764ea2e2d193ae395f2f052487cda74,03_PREFIT_BASELINE/relaxed-runs/CHI/-015,1.8830474967830666,0.7726457890289637,1.1104017077541029
CHI,0,6d139c9f39a07b6a37ba,TSL_RSH_TORSIONDRIVE_BACKUP/results/CHI/candidates/6d139c9f39a07b6a37ba/final.xyz,-1477.9413349083907,0.5296736144224939,0.0,"[{'attempt': 1, 'restraint_center_degrees': 0.0, 'actual_degrees': 0.5296736144224939, 'target_error_degrees': 0.5296736144225065, 'steps': 5318, 'rms': 0.00098868}]",0.5296736144225065,True,True,5318,0.00098868,0.0053095,True,0.16527975665040154,0.7405722068240891,3.738615198212004,12.449093613913597,67.61800292811391,0.0,-47.811823343231076,-4.959500984780775,11.513360281497736,10.877755764865121,53.42550345859051,-7.105427357601002e-15,c7607f1c45f8f699448fcd3a3a78d8127209285c02dec17bdf3508810873e5e0,0d52100bf3f33e8830f7517ca8c3090fdd12f1c75a6cf2dff20372a42a13f1a8,ef4c0178b341ae62a2651cc36df5d48bd6e312a709e657daf87b6b7cb3e19d24,f1c5e5f0def9c2a0c6ccddb536f3bc44ef1805c8329bcf9ee61e7aa774a734f5,03_PREFIT_BASELINE/relaxed-runs/CHI/+000,1.53761834092137,0.7943511897085003,0.7432671512128697
CHI,15,a931964e5b4679e1db1a,TSL_RSH_TORSIONDRIVE_BACKUP/results/CHI/candidates/a931964e5b4679e1db1a/final.xyz,-1477.9424306894537,15.573367509154606,15.0,"[{'attempt': 1, 'restraint_center_degrees': 15.0, 'actual_degrees': 15.573367509154606, 'target_error_degrees': 0.5733675091545933, 'steps': 5515, 'rms': 0.00099649}]",0.5733675091545933,True,True,5515,0.00099649,0.0054529,True,0.1659553983471345,0.7427660005929488,3.7302641946143793,12.464671550431405,67.44458092039567,0.0,-47.906993692458094,-4.993363657020706,11.543074272870498,10.890508233255463,53.17274182208861,0.0,848df0bdbabd6a89d097b33b6244ada4569238a5a4f0f10ae6725f25a02e06f1,6144f7e21416ee6a41a7d9e429afd08983ab1029abf4ed2193fda2cdea3624e8,090f796b9f7ea153dea933b5af61dd712678a72dd333ec0454a0b445de9505d8,6e0e7cb03cccdc1973d62db6450828f9160031591ba3ebea6d87c413a8ee50a2,03_PREFIT_BASELINE/relaxed-runs/CHI/+015,0.8500053424677801,0.5415895532065989,0.3084157892611813
CHI,30,d6d25499326fe479409f,TSL_RSH_TORSIONDRIVE_BACKUP/results/CHI/candidates/d6d25499326fe479409f/final.xyz,-1477.9434698591697,30.567219603854454,30.0,"[{'attempt': 1, 'restraint_center_degrees': 30.0, 'actual_degrees': 30.567219603854454, 'target_error_degrees': 0.5672196038544541, 'steps': 5390, 'rms': 0.00099462}]",0.5672196038544541,True,True,5390,0.00099462,0.0054006,True,0.16508627868558978,0.7407476306272025,3.7230701003613125,12.484040670528156,67.00374186583612,0.0,-47.96214957305487,-5.0175832365347315,11.719043789841592,10.880704375784417,52.830867992761995,0.0,8c50a821c4ac0e7207a6fac9cf588ba681c31ba3ab9cc9c68fbebda1e31db74d,416bbe1f5e54cf49942cb94f765e68d17167445f3db26c796d79d9d02a0d65a9,5f35d841063c8a1e21fb35059efda6a95e4258e4d1e304db7c78bd39b98bd28e,21a42c32e4905bc2bf78ce7ecf7aab9ea27961189a8ca1fe9dcd500ef77581b0,03_PREFIT_BASELINE/relaxed-runs/CHI/+030,0.1979165005694423,0.19971572387998293,-0.0017992233105406374
CHI,45,3b720e68df21b2650818,TSL_RSH_TORSIONDRIVE_BACKUP/results/CHI/candidates/3b720e68df21b2650818/final.xyz,-1477.9437852591896,45.51360918622238,45.0,"[{'attempt': 1, 'restraint_center_degrees': 45.0, 'actual_degrees': 45.51360918622238, 'target_error_degrees': 0.513609186222368, 'steps': 4795, 'rms': 0.00099864}]",0.513609186222368,True,True,4795,0.00099864,0.0051217,True,0.16476130156867766,0.73442710237472,3.7196241792975484,12.505739929673481,66.55759588840263,0.0,-47.969318640315784,-5.034750785226408,11.997386039481022,10.854875657569522,52.63115226888201,0.0,8d2b1893a0dcb1e9e44aab19c8f768542ef1ba39d48627fe9345c0c1aec62beb,551d9ccd3f202960bca413379607c3a99890f14cdb813ae82fade4397dfeeb30,2bc0b7ce105229b638e396a70ab4d5d560ccadf581d4f461f0eaa7671d56c153,41aa0e54a81df81f77e8bb587cb7d1f38b6ee52e93b31bfc9cf6217962e46ca9,03_PREFIT_BASELINE/relaxed-runs/CHI/+045,0.0,0.0,0.0
CHI,60,3f92bc1cc9bd4228f7e4,TSL_RSH_TORSIONDRIVE_BACKUP/results/CHI/candidates/3f92bc1cc9bd4228f7e4/final.xyz,-1477.9432654507455,59.438505479678824,60.0,"[{'attempt': 1, 'restraint_center_degrees': 60.0, 'actual_degrees': 59.438505479678824, 'target_error_degrees': 0.5614945203211619, 'steps': 4718, 'rms': 0.00099604}]",0.5614945203211619,True,True,4718,0.00099604,0.0044325,True,0.1663220072051891,0.7291023492153881,3.7199475084372824,12.534328934263506,66.36152683478207,0.0,-47.9699891371181,-5.045587528535549,12.30258028968176,10.825405536882856,52.728212438393825,0.0,744227d93415886821e2d17e495af560d1c67db19dbe93bcb7c50cfb8a02569b,aed069828ca101981e8a38d265f32d24f735fb89a93b3856063a12ade7ad905c,fea293a820adf3bdce91d6cdfdf24ee4773d1c49807b5b563fc6f295b144f327,e5de6ca295335dd931ad81b0a914f353cb1457ca9f25b0486357f3590bff6a41,03_PREFIT_BASELINE/relaxed-runs/CHI/+060,0.32618472333560894,0.0970601695118134,0.22912455382379554
CHI,75,ddbefa49f13f20e384df,TSL_RSH_TORSIONDRIVE_BACKUP/results/CHI/candidates/ddbefa49f13f20e384df/final.xyz,-1477.9421266364168,74.36317976689152,75.0,"[{'attempt': 1, 'restraint_center_degrees': 75.0, 'actual_degrees': 74.36317976689152, 'target_error_degrees': 0.6368202331084944, 'steps': 4694, 'rms': 0.00099596}]",0.6368202331084944,True,True,4694,0.00099596,0.0043782,True,0.16825355593122335,0.7332903942437488,3.72231420397681,12.580938901236948,66.50287856479966,0.0,-48.000759035426384,-5.0490077607177035,12.640191563185038,10.79269158933812,53.18924802639249,7.105427357601002e-15,35f1d45e1f1564371eec35005e574b078f994da7734bdabd44e93bb63e7bb0a0,ea58ae900c00b0ec024d76931550cd5496e6bfa7cb96fb17d88fbe383d86efa9,c15b4147257bd1afc51460e221d3bbfd43ac88686a52a12213138946e45c190e,38481da7c33d3f8c36b8521dcde6deba55f3aa153930a0c7cd8ba2a8554ffa67,03_PREFIT_BASELINE/relaxed-runs/CHI/+075,1.0408015037026501,0.558095757510479,0.4827057461921711
CHI,90,67dd42706d6c90c3b568,TSL_RSH_TORSIONDRIVE_BACKUP/results/CHI/candidates/67dd42706d6c90c3b568/final.xyz,-1477.940562423563,89.34021941942446,90.0,"[{'attempt': 1, 'restraint_center_degrees': 90.0, 'actual_degrees': 89.34021941942446, 'target_error_degrees': 0.659780580575557, 'steps': 4776, 'rms': 0.00099373}]",0.659780580575557,True,True,4776,0.00099373,0.0048549,True,0.17006086210487392,0.7459451996936595,3.723549514380955,12.617850980818096,66.9372970156051,0.0,-48.07309515853169,-5.0442427597348365,12.96248433211214,10.76936597126221,53.89320989591197,7.105427357601002e-15,ac7b1840685625cd756fbff42b9347259c7a039393abdc22af3044b3752827b6,5a1825a91aa8514a2349ca0887f3355427914081d250164dc1a835e84b41d5c6,9b5cf54a85555176d65cf2c8d2b4849c20e7f5463adcec4436ef1fb4aa3e1e0b,57d1b42e439404ffe882db24e01a3cd7005ea83d05ad0a8fc7b05dca8f53c223,03_PREFIT_BASELINE/relaxed-runs/CHI/+090,2.0223598887749024,1.2620576270299608,0.7603022617449415
CHI,105,67e5c570e20323b843f0,TSL_RSH_TORSIONDRIVE_BACKUP/results/CHI/candidates/67e5c570e20323b843f0/final.xyz,-1477.9389279564416,104.38638873442808,105.0,"[{'attempt': 1, 'restraint_center_degrees': 105.0, 'actual_degrees': 104.38638873442808, 'target_error_degrees': 0.613611265571933, 'steps': 4949, 'rms': 0.00099483}]",0.613611265571933,True,True,4949,0.00099483,0.0053,True,0.17424694354972214,0.766033348656678,3.721990922256456,12.591526416253519,67.42160435223764,0.0,-48.176715327796536,-5.042149601439778,13.251618008869258,10.773990465242125,54.541865235622666,-1.4210854715202004e-14,fe13c0d0c398a4286bec2a08a7be4c86fc2d9b88c401c3a2113b76365a845c0b,36246d8fd59bf6397754b35ff58bb109d7c7a0dd6921381444280dec3fd9d2d8,0e993e2ab90cfd46ddb1b805f219e2afaa979ae24531cfe713cd128dec62da4b,3296991fddd388129d25588dc5e5f775c2bce5ee72039b572b07e5c99d043e56,03_PREFIT_BASELINE/relaxed-runs/CHI/+105,3.0480034924252344,1.910712966740654,1.1372905256845804
CHI,120,e3e4f8139e8687d89679,TSL_RSH_TORSIONDRIVE_BACKUP/results/CHI/candidates/e3e4f8139e8687d89679/final.xyz,-1477.9378294367405,119.4679316413167,120.0,"[{'attempt': 1, 'restraint_center_degrees': 120.0, 'actual_degrees': 119.4679316413167, 'target_error_degrees': 0.5320683586833184, 'steps': 4551, 'rms': 0.00099882}]",0.5320683586833184,True,True,4551,0.00099882,0.0051442,True,0.18233830110238242,0.7898086174353188,3.7217231417388352,12.5423649748497,67.67043870483278,0.0,-48.30891542767949,-5.03534004746737,13.49563078069546,10.796429615982982,54.882331742952886,-1.4210854715202004e-14,3c6c60080eccfd612263bad86c9da3fca5697571f0c85d873491d67db531d338,7eba2e133e1ae4faad9f3cc58a0881067ff791710039a37a0f3ff181781075f5,f84f2f90603c0ec378ec5ee5a112a3bf4227aa954bda6a6d396b73c2c666578e,36e759837222f81ded93acb0ddee985074f1978c51f605df60aaaff7b38ca7af,03_PREFIT_BASELINE/relaxed-runs/CHI/+120,3.7373350122694022,2.2511794740708737,1.4861555381985285
CHI,135,0f6f231a99ae46e3824a,TSL_RSH_TORSIONDRIVE_BACKUP/results/CHI/candidates/0f6f231a99ae46e3824a/final.xyz,-1477.9377247869083,135.55333809607245,135.0,"[{'attempt': 1, 'restraint_center_degrees': 135.0, 'actual_degrees': 135.55333809607245, 'target_error_degrees': 0.5533380960724514, 'steps': 4753, 'rms': 0.00099296}]",0.5533380960724514,True,True,4753,0.00099296,0.0051926,True,0.18917302238802106,0.8051229078098816,3.729127307121229,12.538350555638942,67.5165856221992,0.0,-48.46590353430475,-5.001302714240331,13.695260176685252,10.812682842574961,54.8248002556745,0.0,668e7904bb0773191e8979ce15c4471da17445247ebf787fae97dcfc17e82d3b,ffe2aad1dfa8fa7037f06856efd1b14562c8b2c86004197d72b54e726b332af9,cb80042b9fa550325bad5d4e91bfc273137d3bc25219eb78e1b412b955de4796,16faa981ee0f69e91e1545f2a1f2e59e13f83706d451972391eb29fced520581,03_PREFIT_BASELINE/relaxed-runs/CHI/+135,3.8030037733710786,2.1936479867924916,1.609355786578587
CHI,150,9c092d7e3a6c2deb89a2,TSL_RSH_TORSIONDRIVE_BACKUP/results/CHI/candidates/9c092d7e3a6c2deb89a2/final.xyz,-1477.9385377237527,150.61044931755924,150.0,"[{'attempt': 1, 'restraint_center_degrees': 150.0, 'actual_degrees': 150.61044931755924, 'target_error_degrees': 0.6104493175592438, 'steps': 4916, 'rms': 0.00099365}]",0.6104493175592438,True,True,4916,0.00099365,0.0051319,True,0.19122044389915985,0.8065915914809845,3.7337611484934503,12.539831161836526,67.07779627345532,0.0,-48.59104361383742,-4.9737713875652165,13.82452284006818,10.822270975967722,54.43336739841857,7.105427357601002e-15,c215660c163e63a82519bebb065332f6213c91735fc33147c8821ac42551ee28,0255b1d0c0bda5ee8a55db252ce4f059c0d7e9bd47cede402076c13fce0c6568,ee7b4d1831791ce33ad0d7b6a435b3a20e0556cc2e75b844d46c3ec3ec1369bd,e6e9170f9d9fdf8c7c19cdbb33940235526cb546b50601b21e20965306e054c8,03_PREFIT_BASELINE/relaxed-runs/CHI/+150,3.292878201783699,1.802215129536556,1.490663072247143
CHI,165,627913490138c9fd14b4,TSL_RSH_TORSIONDRIVE_BACKUP/results/CHI/candidates/627913490138c9fd14b4/final.xyz,-1477.939750845474,165.59544706280028,165.0,"[{'attempt': 1, 'restraint_center_degrees': 165.0, 'actual_degrees': 165.59544706280028, 'target_error_degrees': 0.5954470628002753, 'steps': 4969, 'rms': 0.00099049}]",0.5954470628002753,True,True,4969,0.00099049,0.0050993,True,0.18791510437009354,0.7952538072087123,3.7282803616899507,12.490812803633471,66.61924418672201,0.0,-48.67693232493455,-4.972830470144386,13.907714373402019,10.830879436242114,53.92716836661063,-7.105427357601002e-15,f43b60d310ac7ea316b0830fe0d7bab2550fe8e08e91ad863c8242125147161a,adda1aee0d53f504a41672adf8252d31f51d9431f7690331fb9ea6659cab67ca,740027594dbb6f3e10989acc3adefd293988ac705c3cdc9db2cc88fc0add1028,822a586104ab768eccc44e789a161a9fb8c14fe32e4842ec9ec41ee0cdab5858,03_PREFIT_BASELINE/relaxed-runs/CHI/+165,2.5316328285396272,1.296016097728618,1.2356167308110093
PHI,-180,4a40d6e4c9e115d1a3b9,results/PHI/candidates/4a40d6e4c9e115d1a3b9/final.xyz,-1477.9241046089987,-179.36391380306853,-180.0,"[{'attempt': 1, 'restraint_center_degrees': -180.0, 'actual_degrees': -179.36391380306853, 'target_error_degrees': 0.6360861969314726, 'steps': 7999, 'rms': 0.00099955}]",0.6360861969314726,True,True,7999,0.00099955,0.005759,True,0.21813334361899792,0.8107355112734553,4.528437577979664,16.759543764976662,71.37930443859346,0.0,-47.349945011568614,-2.101024472586373,11.415515639124038,11.543592851633623,66.17542478815247,0.0,f5a2c69e4aae676a7842ea5fcc999dd61c944b0e344d17efb5424f9550576223,96a6f4aa73e21eb07fd6db26fac654b368729b9ca17116b797a766e0728b05e1,d161f07b534fd794443d0201101308018f3b64331fd05d5cf89e13078e1db9fa,bf1122ac0b2b0b132870d16ec66d9b53a4272645206253fcd48036f2a42d6e9b,03_PREFIT_BASELINE/relaxed-runs/PHI/-180,12.297421019351964,13.388430925986597,-1.0910099066346337
PHI,-165,2c3c895f210789f5833d,results/PHI/candidates/2c3c895f210789f5833d/final.xyz,-1477.924551383645,-164.4532709130698,-165.0,"[{'attempt': 1, 'restraint_center_degrees': -165.0, 'actual_degrees': -164.4532709130698, 'target_error_degrees': 0.5467290869302133, 'steps': 7543, 'rms': 0.00099942}]",0.5467290869302133,True,True,7543,0.00099942,0.0051525,True,0.253103704473319,0.8541727801050749,4.256327919104121,16.20058708421037,72.16548574919031,0.0,-47.51039209175051,-2.486839845994029,11.41231230412631,11.676441977318873,65.71392309620545,0.0,c0afcde106701f8fdae27ba308855b190dde18f34e07d6a691ca2842dfcd2d37,e54d9bda03509b13796ab815d8a53deaaccac3dd559cfeb92b9103340c2243b9,d8fdc131c325fdbc289be6827d338efee2eaa6b2243fa721746cfb75b08f18eb,0fc0706be5d371c06de73f5e818bc76b178ce2eb0e808e26e36ecd60a8a8d177,03_PREFIT_BASELINE/relaxed-runs/PHI/-165,12.017065696114134,12.926929234039576,-0.9098635379254425
PHI,-150,08427ce4bdf6f6c9d08c,results/PHI/candidates/08427ce4bdf6f6c9d08c/final.xyz,-1477.924346949788,-149.463826183048,-150.0,"[{'attempt': 1, 'restraint_center_degrees': -150.0, 'actual_degrees': -149.463826183048, 'target_error_degrees': 0.5361738169519867, 'steps': 8018, 'rms': 0.00099562}]",0.5361738169519867,True,True,8018,0.00099562,0.0060896,True,0.2727630807320957,0.8679012948772585,4.06600467921808,16.554692207341233,72.46240616975143,0.0,-47.53872233726762,-2.812900440741114,11.266590796069458,11.632278538238726,65.63034961261019,0.0,d3bd53e3dcccfbb4b5a53aaf9f0e3847ffffc14f287fba53f03de1fcb2db7021,5eff25dab0df840b38fcc3ef3b4d0df47cd70121ad790ce0a1f25126bf6eb22b,7017bcd2aa1c1a9ce7ac96f58dc2110732e687f954c42bf9ce39105ef46bb091,628e07714dacce8aee78ffa4d8c804a6dcf8d2902083b44998da3c50b6952fb2,03_PREFIT_BASELINE/relaxed-runs/PHI/-150,12.14534987811232,12.843355750444317,-0.6980058723319971
PHI,-135,1e97524cf1d5e51c1360,results/PHI/candidates/1e97524cf1d5e51c1360/final.xyz,-1477.9244372711948,-135.02400517397473,-135.8381455707319,"[{'attempt': 1, 'restraint_center_degrees': -135.0, 'actual_degrees': -134.1618544292681, 'target_error_degrees': 0.8381455707319105, 'steps': 9453, 'rms': 0.00099426}, {'attempt': 2, 'restraint_center_degrees': -135.8381455707319, 'actual_degrees': -135.02400517397473, 'target_error_degrees': 0.024005173974728677, 'steps': 8153, 'rms': 0.00099505}]",0.024005173974728677,True,True,8153,0.00099505,0.0063687,True,0.22296900916335574,0.7904493007949933,3.9069671771572176,17.011297052714237,72.15730256587142,0.0,-47.574286434686755,-3.1948268110463562,11.183305951726634,11.470793718120028,64.96055321985642,0.0,cf3f58006ab2604f01de8f59a336c177d424843f0e350226706dd55ff9e3575c,d7dbbe24adecf3d7631a4c4ae532d9f9f3460dfe1cfdcd4af5a31b1e927359fd,dab9b6e0a5c328314ef95fcf479edb8b7d22c48765b83be5152130b04194bb43,c8e9e00b25c6f66935add9009e22adc2da8996820b3cce25135482a1d709543c,03_PREFIT_BASELINE/relaxed-runs/PHI/-135,12.088672339648122,12.17355935769055,-0.08488701804242815
PHI,-120,c493fb0d694458ebe2d9,results/PHI/candidates/c493fb0d694458ebe2d9/final.xyz,-1477.928712237524,-120.02453759865496,-121.24013551663364,"[{'attempt': 1, 'restraint_center_degrees': -120.0, 'actual_degrees': -118.75986448336634, 'target_error_degrees': 1.240135516633643, 'steps': 4549, 'rms': 0.00098225}, {'attempt': 2, 'restraint_center_degrees': -121.24013551663364, 'actual_degrees': -120.02453759865496, 'target_error_degrees': 0.02453759865494476, 'steps': 4335, 'rms': 0.00098237}]",0.02453759865494476,True,True,4335,0.00098237,0.0036808,True,0.19350820597019303,0.7046411761353557,3.7587710747502965,16.986405884591964,70.70655599868914,0.0,-47.645976375088544,-3.674594474395261,11.290893694270416,11.14048398627683,62.56253978909485,7.105427357601002e-15,b0ab6ab29731f27c525885a389cf137053668d9cd961c73aabf72c62f9c5d569,bd69e937fda15584f6cdca53cf870b913ca2407ffa352b06f1cafe432e7eadf1,6a24adcaa8dddce77f4c960510929787134a11c95b205cd597a2f602c60c4b92,c36e858f0cc7148a64413704553530bcb334b8d2afd95922845a36dcb14341df,03_PREFIT_BASELINE/relaxed-runs/PHI/-120,9.406090467076242,9.775545926928977,-0.36945545985273576
PHI,-105,04a362c18479f5cdda2e,results/PHI/candidates/04a362c18479f5cdda2e/final.xyz,-1477.9351127595178,-104.99761419755112,-106.35948170533194,"[{'attempt': 1, 'restraint_center_degrees': -105.0, 'actual_degrees': -103.64051829466806, 'target_error_degrees': 1.3594817053319446, 'steps': 6662, 'rms': 0.00099556}, {'attempt': 2, 'restraint_center_degrees': -106.35948170533194, 'actual_degrees': -104.99761419755112, 'target_error_degrees': 0.002385802448884533, 'steps': 6307, 'rms': 0.00099756}]",0.002385802448884533,True,True,6307,0.00099756,0.005921,True,0.17849510022832996,0.7194908809793333,3.661190419529828,15.940430559210032,68.82325178958132,0.0,-47.766703488150796,-4.181684734411752,11.539037141219396,10.806113834337555,58.821635521315585,0.0,0099e16922c7965f597c7264ef51ce8a9833ecc2165faebfed2ff5e01bc86b39,403c3be92dd89d9ea20f8b5a831b644835338e45030dc6fbf616b2d4b758fbd0,adcf6c961089f0258ac3fcd85e17b8db740e3175699aca4fafd6be4742fc5804,0d39f2f3bf33d9f4cfff686ed0128d579783f4ff7b6e5b0e2c56b06bff27f82a,03_PREFIT_BASELINE/relaxed-runs/PHI/-105,5.389702277432289,6.034641659149713,-0.6449393817174238
PHI,-90,457c6e61ae526c218c97,results/PHI/candidates/457c6e61ae526c218c97/final.xyz,-1477.9406993692571,-89.97592615775291,-91.17811785881509,"[{'attempt': 1, 'restraint_center_degrees': -90.0, 'actual_degrees': -88.8218821411849, 'target_error_degrees': 1.1781178588150851, 'steps': 6297, 'rms': 0.00099863}, {'attempt': 2, 'restraint_center_degrees': -91.17811785881509, 'actual_degrees': -89.97592615775291, 'target_error_degrees': 0.024073842247105404, 'steps': 6148, 'rms': 0.00099813}]",0.024073842247105404,True,True,6148,0.00099813,0.0058433,True,0.16364691268071888,0.7297483017488019,3.620586656523011,14.288938982420348,67.33736611395545,0.0,-47.86005400858818,-4.636917833406676,11.757964012507873,10.622159674703479,55.13004359811531,0.0,661cb93454dd8b418201a73558ad8aa58bf4f489b78d1599a1f3d4f71f9e54f9,61da56896bdd32665acd587337d85ff615ed7ddf8c0b24b230a99af45becc12b,785257e1c94435f0e6f082b5621501648718548a82b2a8eadd3f5ee5c140569d,1e4a05f37ccf877a5ab0175cf0b72f055be6ee57634bd705f98668c2ecee5908,03_PREFIT_BASELINE/relaxed-runs/PHI/-090,1.8840517384563273,2.3430497359494353,-0.458997997493108
PHI,-75,6c904431996435df4e8a,results/PHI/candidates/6c904431996435df4e8a/final.xyz,-1477.9437017968164,-74.28133811511611,-75.0,"[{'attempt': 1, 'restraint_center_degrees': -75.0, 'actual_degrees': -74.28133811511611, 'target_error_degrees': 0.7186618848838862, 'steps': 5841, 'rms': 0.0009992}]",0.7186618848838862,True,True,5841,0.0009992,0.0051192,True,0.1652518951157447,0.7378680470116754,3.6716883632410307,12.786519693887067,66.54833136199377,0.0,-47.93767518212038,-4.983248829447033,11.975668079921785,10.725710374689626,52.78699386216587,0.0,b033e34819b1caa4725cdc779f30b4cfc4a544103253e28efe1740f0992604aa,4007c32bce593cc7a257568c87e26bac7594fe4dfa98d5aa291f1b0f42fefb04,4d40648c85b49a08404e93399edf126c6fb47baf9da284a1c3c14f395c7c6b30,c53ef2a9d709c451f0e0af03cc478d4fd9d43768830ec37eef9e18a7dfc7eac7,03_PREFIT_BASELINE/relaxed-runs/PHI/-075,0.0,0.0,0.0
PHI,-60,a14624dc51ac1cb2f4db,results/PHI/candidates/a14624dc51ac1cb2f4db/final.xyz,-1477.9418405357717,-60.06078488012163,-59.006833802344374,"[{'attempt': 1, 'restraint_center_degrees': -60.0, 'actual_degrees': -60.99316619765562, 'target_error_degrees': 0.9931661976556256, 'steps': 6340, 'rms': 0.00099885}, {'attempt': 2, 'restraint_center_degrees': -59.006833802344374, 'actual_degrees': -60.06078488012163, 'target_error_degrees': 0.060784880121616425, 'steps': 6359, 'rms': 0.00099642}]",0.060784880121616425,True,True,6359,0.00099642,0.0046016,True,0.18700674429062383,0.7506603710760501,3.890559643677572,12.383205296996628,66.66270422088579,0.0,-48.0618483926103,-5.019600235538963,12.266692870492971,11.269806301315608,53.39151970521931,7.105427357601002e-15,29a7f46d4f57ad6712de10a1491f2407dadf604d063aca3c4f1dacd530a7c53c,1f53449b917c5e22c619125a330e4ba50ddae268e145e7e15f43333ec32f87e8,9ab916ebeb5ab4081a36205871a9df70c38109aa29d1a14c0cc1bdfe654f4c1b,4de752a7b576c69c7d1ecb5379b89df9f11222988757ec69907b6e5102739706,03_PREFIT_BASELINE/relaxed-runs/PHI/-060,1.1679589391511374,0.6045258430534375,0.5634330960976999
PHI,-45,95184b2140b31fed261f,results/PHI/candidates/95184b2140b31fed261f/final.xyz,-1477.9351785861832,-45.13588633144561,-43.083633726769904,"[{'attempt': 1, 'restraint_center_degrees': -45.0, 'actual_degrees': -46.916366273230096, 'target_error_degrees': 1.9163662732300963, 'steps': 6719, 'rms': 0.00099}, {'attempt': 2, 'restraint_center_degrees': -43.083633726769904, 'actual_degrees': -45.13588633144561, 'target_error_degrees': 0.13588633144561868, 'steps': 6671, 'rms': 0.00099327}]",0.13588633144561868,True,True,6671,0.00099327,0.0037594,True,0.2109622955594381,0.7451804761293148,4.459469279926599,13.937883662593896,67.32313499052076,0.0,-48.8286978462111,-4.360878749632275,13.145275712356582,12.391416369836959,58.06760341939142,0.0,569cc019b5d601448ef659c6c23fdf8ef3f01b5083bf0766fb00bc36cf5ac9b9,a084234923ea4ddb115ca98bd420f75c1425a23d7758cb3705d91fdadf5aae46,6509a5ac6814b5b4c25c16a66265ebbd06ebf014c9f2d7f5df9ff0a3907c5ae2,8570ceac4f03d837713706636ece1594a4ab70a0baafc9c6a87b4e2be20d4a8a,03_PREFIT_BASELINE/relaxed-runs/PHI/-045,5.348395421266241,5.280609557225546,0.06778586404069475
PHI,-30,bdc0c207f6bdb0881c94,results/PHI/candidates/bdc0c207f6bdb0881c94/final.xyz,-1477.9235923578171,-30.208396523516143,-27.014509231020384,"[{'attempt': 1, 'restraint_center_degrees': -30.0, 'actual_degrees': -32.98549076897961, 'target_error_degrees': 2.9854907689796164, 'steps': 7026, 'rms': 0.00099422}, {'attempt': 2, 'restraint_center_degrees': -27.014509231020384, 'actual_degrees': -30.208396523516143, 'target_error_degrees': 0.2083965235161429, 'steps': 6930, 'rms': 0.00099307}]",0.2083965235161429,True,True,6930,0.00099307,0.0030657,True,0.2229406461199253,0.7339700773377754,5.533564945800737,18.72434287608469,68.71871700859155,0.0,-49.50436109805497,-3.435924070236417,13.766664122889775,13.937852017371704,67.74085580244707,0.0,3ad4dc69e42c52ecaf31eee9b74f1cb1449a5f05d8529a3b43780f25e7e43651,5f4cec0a2902056c821786f9a0d0f689de82bc4b746626d858a92c6c56cb4769,149f503240bd25567fee6d1076f093d2fde74746a6400bc33152e155566a310b,5754a79c7444cf953208b632c36b84f00c0d365663e6a68ed1fbcd17623b07fa,03_PREFIT_BASELINE/relaxed-runs/PHI/-030,12.61886348886727,14.9538619402812,-2.334998451413931
PHI,-15,b1ee3267f365b429d213,results/PHI/candidates/b1ee3267f365b429d213/final.xyz,-1477.9052638851444,-15.248407817690554,-11.007395962991723,"[{'attempt': 1, 'restraint_center_degrees': -15.0, 'actual_degrees': -18.992604037008284, 'target_error_degrees': 3.9926040370082774, 'steps': 7357, 'rms': 0.00099916}, {'attempt': 2, 'restraint_center_degrees': -11.007395962991723, 'actual_degrees': -15.248407817690554, 'target_error_degrees': 0.24840781769054843, 'steps': 7237, 'rms': 0.00099554}]",0.24840781769054843,True,True,7237,0.00099554,0.0028902,True,0.2254691001303089,0.7116819907006502,7.2328563195550695,27.142993749157522,70.39807872309268,0.0,-50.15512073717677,-2.211243544289366,14.37604959734793,15.681403556513,82.46501766420006,0.0,5e8fa3fc15f914ea23c1267781179b350f9a16de94803ae558fa9a906b14c5c2,30b64cd79ea1f0d8e376f182553edac5422db7ec2c11c3c1aa08d8b9626d586d,fe1bb7c55bcf553f1340dd6f61c304ca8800c2de456b0c5b2746a2fc202d2f49,6ebec0383de4b927663eabc8764764ad05a4546a7e2c367419c7a4e2a62d266f,03_PREFIT_BASELINE/relaxed-runs/PHI/-015,24.120153734931876,29.67802380203419,-5.557870067102314
PHI,0,bef577364be0ac4447a7,results/PHI/candidates/bef577364be0ac4447a7/final.xyz,-1477.8805530057086,-0.24875885312962126,4.871022936341205,"[{'attempt': 1, 'restraint_center_degrees': 0.0, 'actual_degrees': -4.871022936341205, 'target_error_degrees': 4.871022936341205, 'steps': 7794, 'rms': 0.00099797}, {'attempt': 2, 'restraint_center_degrees': 4.871022936341205, 'actual_degrees': -0.24875885312962126, 'target_error_degrees': 0.24875885312962964, 'steps': 7717, 'rms': 0.0009994}]",0.24875885312962964,True,True,7717,0.0009994,0.0028361,True,0.22649725935512788,0.6781878540237922,9.536621031896555,39.008993362364194,72.01337951580771,0.0,-50.720179236445325,-0.8474637031819442,14.986714974623812,17.67209815234382,101.65016409740882,0.0,29b796916e44d36ccd6ca62f5b6cd241969e586b3160859c58461b2546b38033,78d6c4e686df6a08eab5708ba021766fbfbf3ce2faa78d0d84512cb8a64841eb,f1d99fe6595d8e5d85f685ccf3257ba826fa50366aad5afabe3aa03b48c37ebb,d4a3de077c697d5ebf02c5ba30b4777dc06790fe2ee563d0ace56ae809822829,03_PREFIT_BASELINE/relaxed-runs/PHI/+000,39.62646469177788,48.86317023524295,-9.236705543465064
PHI,105,0f99b394d6ec79ee1869,results/PHI/candidates/0f99b394d6ec79ee1869/final.xyz,-1477.8855907149164,104.98064734113106,102.57199232338832,"[{'attempt': 1, 'restraint_center_degrees': 105.0, 'actual_degrees': 107.4280076766117, 'target_error_degrees': 2.428007676611685, 'steps': 15291, 'rms': 0.00099872}, {'attempt': 2, 'restraint_center_degrees': 102.57199232338832, 'actual_degrees': 104.98064734113106, 'target_error_degrees': 0.019352658868939443, 'steps': 18417, 'rms': 0.00099877}]",0.019352658868939443,True,True,18417,0.00099877,0.0090072,True,0.2073922059608151,0.7507787374977707,4.778030840420091,42.14665001670963,72.95596050403557,0.0,-48.10235446967131,-3.557734849384477,13.132715442029575,13.075223718382015,94.42849120252112,2.842170943040401e-14,23784455ca7ed951527bd553a769646f9003cb71f45a389c02f578a46dc0cae7,830275d2c5bc62e2a1e18d52dddcb5cda16e37d57389ab6e40a08bf0d039a4e7,081d494eee65049d6220705d14d945234706aceebe0923a7bb092cf209c8396d,3d6855eef3eb42033a263a0ce3343a5681fe6aa5524c7488f47d4d778bd2194d,03_PREFIT_BASELINE/relaxed-runs/PHI/+105,36.46525443667219,41.641497340355244,-5.176242903683054
PHI,120,e9595dc56ca6cdc07e3c,results/PHI/candidates/e9595dc56ca6cdc07e3c/final.xyz,-1477.902408477335,120.00731953538218,117.5683438420979,"[{'attempt': 1, 'restraint_center_degrees': 120.0, 'actual_degrees': 122.4316561579021, 'target_error_degrees': 2.431656157902097, 'steps': 3937, 'rms': 0.00097058}, {'attempt': 2, 'restraint_center_degrees': 117.5683438420979, 'actual_degrees': 120.00731953538218, 'target_error_degrees': 0.00731953538218022, 'steps': 4110, 'rms': 0.00098922}]",0.00731953538218022,True,True,4110,0.00098922,0.0071941,True,0.17492799874327528,0.6876986996329127,4.742103660042265,34.42072240789713,72.44297783450125,0.0,-48.208469701743915,-3.647140538213695,13.127443823393946,12.691278769091426,85.5689162549684,0.0,a505f038e2260bd12dfff4c1b2acc86dcf71c2b9456e8a205bdfaac82975d763,d736c5f46e38641b896da8f5c6a562005a56e46054094ab1be8b13aac64010c2,3dc8ebea719e1401123ac120e8832598854650a61a65133fec09ec68b6227c29,893fd8b99fe018a2ed54e3a7f8eadb4d31285182407e1c35c82ef0f68c64d59c,03_PREFIT_BASELINE/relaxed-runs/PHI/+120,25.91194918747669,32.78192239280253,-6.869973205325838
PHI,135,83b6c0db10abc2e9e083,results/PHI/candidates/83b6c0db10abc2e9e083/final.xyz,-1477.9148800633304,135.06012030153303,132.79606566625822,"[{'attempt': 1, 'restraint_center_degrees': 135.0, 'actual_degrees': 137.20393433374178, 'target_error_degrees': 2.2039343337417847, 'steps': 3518, 'rms': 0.00098875}, {'attempt': 2, 'restraint_center_degrees': 132.79606566625822, 'actual_degrees': 135.06012030153303, 'target_error_degrees': 0.060120301533032716, 'steps': 3072, 'rms': 0.00098336}]",0.060120301533032716,True,True,3072,0.00098336,0.0039905,True,0.1711171349065579,0.678493670745978,4.6411764377274976,27.015246238919552,71.66674454044028,0.0,-47.91279152465337,-3.5046752425958876,12.65502206799004,12.38159677821379,76.94231929604189,-1.4210854715202004e-14,f408544eb12171d397eb7299c6450c6925498c7e13011755f15f35c4cc76e97e,0b8ceea03ad114c3a2cd6d6c2ac4d6f2fb64750b554ab4fd73aee791b16ab7a7,fafaf81273a20ec947e923080f5007305e1e1021315ae20ea8470f925b52fc20,f15f4dc8b409cf5247bfc594950740036e5cab3c72af64358ecccd2619470b11,03_PREFIT_BASELINE/relaxed-runs/PHI/+135,18.085910819557824,24.155325433876015,-6.069414614318191
PHI,150,d015dd2ae5762e079aa2,results/PHI/candidates/d015dd2ae5762e079aa2/final.xyz,-1477.9220778470838,150.08225183539426,148.45104319881145,"[{'attempt': 1, 'restraint_center_degrees': 150.0, 'actual_degrees': 151.54895680118855, 'target_error_degrees': 1.5489568011885524, 'steps': 2890, 'rms': 0.00099425}, {'attempt': 2, 'restraint_center_degrees': 148.45104319881145, 'actual_degrees': 150.08225183539426, 'target_error_degrees': 0.08225183539425984, 'steps': 2837, 'rms': 0.00098903}]",0.08225183539425984,True,True,2837,0.00098903,0.0047867,True,0.17327864481009358,0.6813273419189657,4.471972930038134,21.248892482672222,70.92840711742663,0.0,-47.52632491402774,-2.9940557807278267,12.05101079589743,11.958781679893054,70.1386843111719,0.0,c9b500b6b0a5bfbdce6d3815178b137a4cba84006ec53710dbc7a572b11b2cb2,f768e42bcd898561c4a90d50237ff48b752ba650ba463a409d22df83c3cf146a,d0fb00063f4f452ca9b34ad16f698e089f90b942229e8296412e195842ff6903,64faaf42b0cbb95e10a74830dac199696967f1aa9e05c8a672650a1ed4a4734c,03_PREFIT_BASELINE/relaxed-runs/PHI/+150,13.569233322541978,17.35169044900603,-3.7824571264640507
PHI,165,a41eb9dd4b8c73f9a42e,results/PHI/candidates/a41eb9dd4b8c73f9a42e/final.xyz,-1477.9242383498352,165.03180019571423,164.20643465524813,"[{'attempt': 1, 'restraint_center_degrees': 165.0, 'actual_degrees': 165.79356534475187, 'target_error_degrees': 0.7935653447518689, 'steps': 5728, 'rms': 0.0009879}, {'attempt': 2, 'restraint_center_degrees': 164.20643465524813, 'actual_degrees': 165.03180019571423, 'target_error_degrees': 0.031800195714225765, 'steps': 5886, 'rms': 0.0009988}]",0.031800195714225765,True,True,5886,0.0009988,0.0052536,True,0.18096227904090673,0.7375529281467503,4.517986362934393,18.257925284574824,70.58675430377596,0.0,-47.18375980986787,-2.2401490441075516,11.465872696596332,11.48811841074142,66.8927482046475,0.0,5c28d620a2998f4c67a7d66ab3dffe92d9d2651cf849509b57c7d111ba3e88f5,152c669ed9ebaf1dbd1e57c3edb36cfbfb7341d491ff34c379512993d4b2c79a,d923222022857430a59d602140b974de1c76236e3e5d235007e574f7909c4aec,fd3c0ffa3d15f549c29e36b778c9fb6a8b3834048a4e5c38c80fb6da331d75b9,03_PREFIT_BASELINE/relaxed-runs/PHI/+165,12.21349737743903,14.105754342481632,-1.892256965042602
PSI,-105,6d0fdeef6419e8f0a525,results/PSI/candidates/6d0fdeef6419e8f0a525/final.xyz,-1477.8921979615557,-104.29484123369367,-110.59207806833825,"[{'attempt': 1, 'restraint_center_degrees': -105.0, 'actual_degrees': -99.40792193166173, 'target_error_degrees': 5.592078068338253, 'steps': 5745, 'rms': 0.00099585}, {'attempt': 2, 'restraint_center_degrees': -110.59207806833825, 'actual_degrees': -104.29484123369367, 'target_error_degrees': 0.7051587663063401, 'steps': 5332, 'rms': 0.00098474}]",0.7051587663063401,True,True,5332,0.00098474,0.0033256,True,0.2399737947996484,0.7242667487227363,8.886595317532917,34.21876165579031,72.81925308721723,0.0,-49.141615983263726,-3.0279943111552745,13.801768652299735,15.390484229732582,92.94725264815378,0.0,cabd4e20d16af1df81edeba9dbaeada6a62f83beaea575ea31a3f3482cddbc8e,883a2e128812dc3d36ba6d55418cefa4f647fcf5301a1db02711643c94320b74,b3a73d840a13f2c92aaafc4e2cf0b99132f52b2a49fc014f55da95acdc8ec3ec,9e27f157240dac021f662c0789917e1364e72a8359fcff2294c8bac414d870a3,03_PREFIT_BASELINE/relaxed-runs/PSI/-105,32.011747071349355,40.11349259916366,-8.101745527814309
PSI,-90,739d1637fad647effcb0,results/PSI/candidates/739d1637fad647effcb0/final.xyz,-1477.919790954512,-89.56222351038726,-93.80672261705274,"[{'attempt': 1, 'restraint_center_degrees': -90.0, 'actual_degrees': -86.19327738294724, 'target_error_degrees': 3.806722617052742, 'steps': 5735, 'rms': 0.00099837}, {'attempt': 2, 'restraint_center_degrees': -93.80672261705274, 'actual_degrees': -89.56222351038726, 'target_error_degrees': 0.4377764896127587, 'steps': 5423, 'rms': 0.00099218}]",0.4377764896127587,True,True,5423,0.00099218,0.0033984,True,0.1980303457272256,0.7163676193391519,5.73126202408794,22.704414428000014,70.06515982777674,0.0,-48.60380968181434,-4.606460725059458,13.07016144917046,13.251763240844692,71.61249056300605,0.0,148be44639084a8bf1eb57b75f79430712cec2f89ce7a20937e1fe73e7b95032,bbc4d79e43d5d0a9d3da3ed59a5f1c4c3cc6b13319e07ab4508500745c3b6ed5,bf3b8fc0bd0248e83ddeadda8481ac90cb22b86d1ce290c1dec1269bc0c2bc79,7dd9a6cd3c232ec407564ddc67a4ff5c5c7ac8adb19ad65219c4923f56b3569d,03_PREFIT_BASELINE/relaxed-runs/PSI/-090,14.696882575166297,18.778730514015933,-4.081847938849636
PSI,-75,3b471d0c6b08831843a7,results/PSI/candidates/3b471d0c6b08831843a7/final.xyz,-1477.936310249713,-74.78350984323282,-77.23891532134562,"[{'attempt': 1, 'restraint_center_degrees': -75.0, 'actual_degrees': -72.76108467865438, 'target_error_degrees': 2.2389153213456154, 'steps': 5778, 'rms': 0.00099647}, {'attempt': 2, 'restraint_center_degrees': -77.23891532134562, 'actual_degrees': -74.78350984323282, 'target_error_degrees': 0.2164901567671791, 'steps': 5773, 'rms': 0.00099873}]",0.2164901567671791,True,True,5773,0.00099873,0.0038171,True,0.17619250465353162,0.7218558639235002,4.300111264150426,15.643778669150485,68.06518969756323,0.0,-48.23237056743721,-5.38653361141812,12.553718297395381,11.965125526382133,58.90901927578632,-7.105427357601002e-15,e5faa66c5e2edadc949be99a121a8460391a7266780ace484eda3d369802b339,e2baf31fdf1c70be196d408dffda3aa80a26a80262a0cde9801edef5ae599edf,58bb4a7ab6360ffe00738840ed88e845f14ea3456170e0dc188d688a8e8373c2,0f999a10b9792dedbe541d256f8f07a797f97cee1aa5a24d22135e54b8c5b0a8,03_PREFIT_BASELINE/relaxed-runs/PSI/-075,4.330868332829533,6.075259226796206,-1.7443908939666724
PSI,-60,6a869045b88f0718c753,results/PSI/candidates/6a869045b88f0718c753/final.xyz,-1477.943211927715,-59.93002309396472,-61.008658032089414,"[{'attempt': 1, 'restraint_center_degrees': -60.0, 'actual_degrees': -58.99134196791059, 'target_error_degrees': 1.0086580320894143, 'steps': 6786, 'rms': 0.00099978}, {'attempt': 2, 'restraint_center_degrees': -61.008658032089414, 'actual_degrees': -59.93002309396472, 'target_error_degrees': 0.06997690603526507, 'steps': 6848, 'rms': 0.00099911}]",0.06997690603526507,True,True,6848,0.00099911,0.0038063,True,0.1708722669192253,0.7391606309270433,3.805839986875293,12.748712483331163,66.79875218033354,0.0,-48.02270181680574,-5.320295235895025,12.217339269173237,11.13917969086725,53.36682655787971,0.0,1b9ca1bf6b66e3cfb26bd5c708cfa3ac3b6e95528bb0a751cb5123c64c2e2b3d,245de87f98501d8a5fb55658ca0eeaa2cd1dd01588501b7b87c84f0270329f16,0d1b9356e57e382b535239dc62bd41bfc1b92a20307a676abf352c4853807342,adee08c8ab83b08f55d557a0defdfa12e4e530112f92b8a1700f8fc39f02dc90,03_PREFIT_BASELINE/relaxed-runs/PSI/-060,0.0,0.533066508889597,-0.533066508889597
PSI,-45,9ce617b456dca05e750d,results/PSI/candidates/9ce617b456dca05e750d/final.xyz,-1477.9428989668718,-45.748369182564424,-45.0,"[{'attempt': 1, 'restraint_center_degrees': -45.0, 'actual_degrees': -45.748369182564424, 'target_error_degrees': 0.7483691825644314, 'steps': 8168, 'rms': 0.00099722}]",0.7483691825644314,True,True,8168,0.00099722,0.0046693,True,0.1741024857718877,0.7604471475919816,3.7025963191715863,12.700017095000723,66.5088480806139,0.0,-47.95848376494174,-4.841549955067537,11.97060248286627,10.75172979134691,52.833760048990115,0.0,8e2baebe0acf122265e99db121d5c1fd9d8df4cad2b5b31c2bcfdc6ca7a3fba6,ec575aec4a3b5d2a2fe3a1c40ee35c6cf384ce34a96365ab1b196343e76cfc5f,f75bdf41cfeccbd523d7eda8b845d37a33d8b81269c4d3f99f6493fed1c959c4,e0e64a00c0f7a3a17fd5a3167ff5ac087918c0c88f6ab0ec3d069038bc3e67d1,03_PREFIT_BASELINE/relaxed-runs/PSI/-045,0.19638589416353,0.0,0.19638589416353
PSI,-30,344ccafc6333119c936d,results/PSI/candidates/344ccafc6333119c936d/final.xyz,-1477.9383068328877,-30.01950152707046,-28.83792836355579,"[{'attempt': 1, 'restraint_center_degrees': -30.0, 'actual_degrees': -31.16207163644421, 'target_error_degrees': 1.1620716364442103, 'steps': 9272, 'rms': 0.00099704}, {'attempt': 2, 'restraint_center_degrees': -28.83792836355579, 'actual_degrees': -30.01950152707046, 'target_error_degrees': 0.019501527070474367, 'steps': 9171, 'rms': 0.0009949}]",0.019501527070474367,True,True,9171,0.0009949,0.0049787,True,0.17254590230757375,0.758335655279386,3.704682692909871,13.909527111214997,67.4031298174475,0.0,-48.02358646310962,-4.2959410850861675,11.794128450286461,10.740279365995699,55.23221988965874,-7.105427357601002e-15,a3fb98034f2a3e9ebb19ee17bc918f57833f0e177c200f221b81727fee39cc58,5e420f58e477bf1455b8b51be7a9b3d89490ab0988caa7513f10476ebfc04754,9bf1f242987707b8a993dff747389a2721729600da5e3c6bc2be1aa20678bf8f,96536ee40bb1cc8c21bcda60b05b00e78cfa6eb30f1665f7c1923dd2bf12f791,03_PREFIT_BASELINE/relaxed-runs/PSI/-030,3.0779934750218234,2.3984598406686217,0.6795336343532017
PSI,-15,4e33d77d5341624a8965,results/PSI/candidates/4e33d77d5341624a8965/final.xyz,-1477.9320963355515,-15.007755118243232,-13.67127636040368,"[{'attempt': 1, 'restraint_center_degrees': -15.0, 'actual_degrees': -16.32872363959633, 'target_error_degrees': 1.3287236395963191, 'steps': 9939, 'rms': 0.00099668}, {'attempt': 2, 'restraint_center_degrees': -13.67127636040368, 'actual_degrees': -15.007755118243232, 'target_error_degrees': 0.007755118243238712, 'steps': 9795, 'rms': 0.00099972}]",0.007755118243238712,True,True,9795,0.00099972,0.0040671,True,0.1735823612766361,0.7545578615605893,3.744417497183099,15.087294538532419,69.24918267062506,0.0,-48.14183811249633,-3.8939035558897888,11.721720488919114,11.005661229036384,58.77253475590996,0.0,475b195a96a73023a707de40f8179167b761eb2d2e9c6c082ae4bf638492fb46,fa553859e5eb0bdfa6a54ad4b0d2f094a2468f8b03fe2480eb2dd1309341271f,e06dee6821c584cebc091364d32995ee09b89b0b3f3eb9de0b07fab01a6c4d36,5eb230a38043cb8ed6422bed208ef5d6a48be67c2ece632ecec815c0e476f2a4,03_PREFIT_BASELINE/relaxed-runs/PSI/-015,6.97513939178259,5.938774706919844,1.036364684862746
PSI,0,7eb3ae2d64c8782dd1a9,results/PSI/candidates/7eb3ae2d64c8782dd1a9/final.xyz,-1477.926618197433,0.009417157363918741,1.3446637222698996,"[{'attempt': 1, 'restraint_center_degrees': 0.0, 'actual_degrees': -1.3446637222698912, 'target_error_degrees': 1.3446637222698996, 'steps': 10741, 'rms': 0.00099054}, {'attempt': 2, 'restraint_center_degrees': 1.3446637222698996, 'actual_degrees': 0.009417157363918741, 'target_error_degrees': 0.00941715736391302, 'steps': 10611, 'rms': 0.00099182}]",0.00941715736391302,True,True,10611,0.00099182,0.0023208,True,0.1908725707194146,0.7296824056390384,3.854778188919977,15.834701655540854,71.61732521367263,0.0,-48.16382875760282,-3.497710878975131,11.632345306867972,11.39943857759932,62.677049306022795,-7.105427357601002e-15,52feb62e14b6d46f94014327fdc9a3379ae7c6ccdd62991eba782f05ee8ffd1e,016597fcdeb72782018a3361dae9ca1075216814c25d0ceee4ba084ad9a6a03a,df48dbf0f8f5e70320fc7050c30f2b6b058766c40607450b83293c40f1e478c4,e5ed0c78d6b359549fd37e58ad0dc18afdb7abe816e4e0bee88ea5082bfa0a01,03_PREFIT_BASELINE/relaxed-runs/PSI/+000,10.412722960962697,9.84328925703268,0.5694337039300166
PSI,15,6883845786126318243c,results/PSI/candidates/6883845786126318243c/final.xyz,-1477.9241755948333,14.270831141836817,15.0,"[{'attempt': 1, 'restraint_center_degrees': 15.0, 'actual_degrees': 14.270831141836817, 'target_error_degrees': 0.7291688581631774, 'steps': 29367, 'rms': 0.00099783}]",0.7291688581631774,True,True,29367,0.00099783,0.0037115,True,0.22568304559040936,0.7940787725589193,4.015735407839503,16.468071918395424,72.72537627319329,0.0,-47.73607403402547,-2.9650911643599605,11.335683037238137,11.627034831868528,65.47073627014944,0.0,37de3064016328a3ab5e20161b311ba9e4a6017f1380cba0bea64d695daac660,72ed3800bf52562fe83861554cce8e1335ea8c9a8dee67e0f9a1bc40c9ec1b58,90040a14a05ceddb7ceb1b4f2f1693f7d961e02a3a42fb9eb54683e115f7f4cb,7630b37ba15a0a4c1f19e5fa46aef4c6b1887bc6e7129547dfc7381a3f7f5224,03_PREFIT_BASELINE/relaxed-runs/PSI/+015,11.945479233545104,12.63697622115933,-0.6914969876142258
PSI,30,944077ca9a56f012032f,results/PSI/candidates/944077ca9a56f012032f/final.xyz,-1477.9245718048671,29.424657646291745,30.0,"[{'attempt': 1, 'restraint_center_degrees': 30.0, 'actual_degrees': 29.424657646291745, 'target_error_degrees': 0.5753423537082654, 'steps': 23418, 'rms': 0.00099674}]",0.5753423537082654,True,True,23418,0.00099674,0.003358,True,0.2667228723587221,0.8723099681682436,4.264579079152739,16.026843422832158,72.31504274504823,0.0,-47.574352096215605,-2.4819340333851336,11.464736627818183,11.708216084509287,65.72313182975986,0.0,d1ac8583a070a6d4fc4e2f0fcb5bc58b0e2910c6e39da43ecbb162f727584f6f,033d460c197e35f3f8bf5bb4fd50d8de157afb3fb02263d1d5afb8cd55a00cfa,c021a5ca4980954f8a446414c4a1916cf98c1135ceba81d58118c1f6a200eda8,7c405232bfa3d03ffc07c00991c592918a560580d46cb2d2a97d2254299e0d06,03_PREFIT_BASELINE/relaxed-runs/PSI/+030,11.696853683615846,12.88937178076975,-1.1925180971539042
PSI,45,044377f6cf75577fea47,results/PSI/candidates/044377f6cf75577fea47/final.xyz,-1477.9234356803127,44.943156574777525,46.10845616268844,"[{'attempt': 1, 'restraint_center_degrees': 45.0, 'actual_degrees': 43.89154383731156, 'target_error_degrees': 1.1084561626884408, 'steps': 21618, 'rms': 0.00099772}, {'attempt': 2, 'restraint_center_degrees': 46.10845616268844, 'actual_degrees': 44.943156574777525, 'target_error_degrees': 0.05684342522246766, 'steps': 21301, 'rms': 0.00099953}]",0.05684342522246766,True,True,21301,0.00099953,0.0032122,True,0.3403338977777963,0.9717875009467226,4.756477874753614,15.460485553325976,72.96872879625474,0.0,-47.91729556174108,-1.9658437089713992,11.978190907037739,11.972216933225292,67.25296079388488,0.0,9a3b8e07935876eb2da5295f7675e3c382146985736f2147d1f59ee4014b7852,ceb546323bfc0664a1eb5ba70a2f1efba29f31dd92fc3868008da766ea53b0d3,8d2db5c2a9e2414b412f920465645365e3354a92acfa567f647b2a0c16ae3065,56b0ec224078b230961e84f86223202d868ba0dfc636a10e90c7e920aec1491a,03_PREFIT_BASELINE/relaxed-runs/PSI/+045,12.409782605194598,14.419200744894766,-2.009418139700168
PSI,60,41b6e49a4c00a2e28ca7,results/PSI/candidates/41b6e49a4c00a2e28ca7/final.xyz,-1477.9182187941753,59.854271299136244,62.03523207085135,"[{'attempt': 1, 'restraint_center_degrees': 60.0, 'actual_degrees': 57.964767929148636, 'target_error_degrees': 2.0352320708513503, 'steps': 17945, 'rms': 0.00099622}, {'attempt': 2, 'restraint_center_degrees': 62.03523207085135, 'actual_degrees': 59.854271299136244, 'target_error_degrees': 0.14572870086374223, 'steps': 17297, 'rms': 0.00099919}]",0.14572870086374223,True,True,17297,0.00099919,0.0030656,True,0.3730274168348735,1.0117004796987583,5.6238279177184465,15.904724660341113,75.58783534158215,0.0,-48.32063349864411,-1.3959645753635521,12.490269394789497,12.566677958904863,72.4567371993284,0.0,7e4065ad0d7b6d8c0589ed9ddd24f53108e016a2288a5c33bb9737d96d9b65c4,b6b4e98754b67c8c5a2bcdeac797c9a834c87b324469be371766669610729ed5,b18f3a7314a46b98c258f3d425dc47f90572a43e10e4fc0cd595f36ce84f7956,37cad16004123c8d9de0add0a3eb2b13b234f8e9e4c55b16974336c557f36e0b,03_PREFIT_BASELINE/relaxed-runs/PSI/+060,15.683428081132595,19.622977150338286,-3.9395490692056914
PSI,75,a31c67362a92bb69e2f9,results/PSI/candidates/a31c67362a92bb69e2f9/final.xyz,-1477.9062288461485,74.72362558025284,78.1944982668457,"[{'attempt': 1, 'restraint_center_degrees': 75.0, 'actual_degrees': 71.80550173315429, 'target_error_degrees': 3.1944982668456987, 'steps': 14032, 'rms': 0.0009963}, {'attempt': 2, 'restraint_center_degrees': 78.1944982668457, 'actual_degrees': 74.72362558025284, 'target_error_degrees': 0.2763744197471567, 'steps': 13091, 'rms': 0.00099637}]",0.2763744197471567,True,True,13091,0.00099637,0.0029667,True,0.3351695411614743,0.9690820169828683,7.065979074333397,18.003998778651088,80.86330830908872,0.0,-48.615252543525806,-1.005073240289459,12.83628243347352,13.746906422491458,82.89614923422292,0.0,d363f5fe59065570ff464911ef802d3f1b35f41f22fca76a0f908d3c2370fa41,6e5762a7439f0b5ff02c77f8a59588030381bc1090ff2a3a15fd9a9296917683,68ad437c91684c98a954214f8be1759df2bbd18d7adec94e8abcecf984381cbf,3f0a06585448b92231c6d876f8f309b7a3f4c42bfcb58e3ebb933de6ebc332d2,03_PREFIT_BASELINE/relaxed-runs/PSI/+075,23.207234060776265,30.062389185232803,-6.855155124456537
PSI,90,aed568273c9392fba47d,results/PSI/candidates/aed568273c9392fba47d/final.xyz,-1477.8845996114715,89.54308663257802,94.58033061881366,"[{'attempt': 1, 'restraint_center_degrees': 90.0, 'actual_degrees': 85.41966938118635, 'target_error_degrees': 4.580330618813662, 'steps': 10681, 'rms': 0.00099941}, {'attempt': 2, 'restraint_center_degrees': 94.58033061881366, 'actual_degrees': 89.54308663257802, 'target_error_degrees': 0.45691336742197564, 'steps': 9999, 'rms': 0.00099426}]",0.45691336742197564,True,True,9999,0.00099426,0.0028924,True,0.3057363160138142,0.9420650911969564,9.60993996633246,22.98923229859805,87.76810948717471,0.0,-48.81056218969888,-0.5151619637091042,13.083873104916965,15.639273309050957,99.76470401266516,0.0,f39cd9844f48cd623f50a5dffb03134cc521392bc870a47142e76b37ebc5c518,bcfb71d424aba5e3c17bf9b3104984e34ba00e14fd6c1c0277e1ebf5229eb19d,cda4017338873c468d890061a0099e8a1262363fafacbc2b915ccef3fec57973,a6e04f3d8ea6271aab1a9cc3cce4007ed647d324a2d842c68d9a8e0555791fa1,03_PREFIT_BASELINE/relaxed-runs/PSI/+090,36.77978373595889,46.93094396367505,-10.151160227716161
