axis,angle_degrees,source_candidate_state_identity,source_archive_member,qm_absolute_energy_hartree,qm_relative_energy_kcal_mol,mm_frozen_absolute_energy_kcal_mol,mm_frozen_relative_energy_kcal_mol,frozen_geometry_residual_kcal_mol,mm_relaxed_absolute_energy_kcal_mol,mm_relaxed_relative_energy_kcal_mol,relaxed_profile_residual_kcal_mol,target_angle_after_minimization_degrees,minimization_convergence_status,run_directory
CHI,-180,ba08a7a7f9a13513d1f2,TSL_RSH_TORSIONDRIVE_BACKUP/results/CHI/candidates/ba08a7a7f9a13513d1f2/final.xyz,-1477.9408591079934,1.8361875979134048,69.27371932712869,0.6270040681196463,1.2091835298266176,53.668538227068154,1.0373859581861424,0.7988016397272624,-179.4868166017833,CONVERGED,03_PREFIT_BASELINE/relaxed-runs/CHI/-180
CHI,-165,1bd7080eebaf0d339e66,TSL_RSH_TORSIONDRIVE_BACKUP/results/CHI/candidates/1bd7080eebaf0d339e66/final.xyz,-1477.9415334957814,1.4130028718141248,69.22682526104364,0.5801100020346013,0.8328928697572309,53.7801730164248,1.1490207475427852,0.2639821242713396,-165.5617979229482,CONVERGED,03_PREFIT_BASELINE/relaxed-runs/CHI/-165
CHI,-150,dfa537b18dce072c8daf,TSL_RSH_TORSIONDRIVE_BACKUP/results/CHI/candidates/dfa537b18dce072c8daf/final.xyz,-1477.941557019549,1.3982414847839755,69.53475108911927,0.8880358301102262,0.5102056546603251,54.16768766271581,1.5365353938337947,-0.1382939090498192,-150.59831719423232,CONVERGED,03_PREFIT_BASELINE/relaxed-runs/CHI/-150
CHI,-135,d24d9aa996702014c248,TSL_RSH_TORSIONDRIVE_BACKUP/results/CHI/candidates/d24d9aa996702014c248/final.xyz,-1477.9410439769779,1.7201805587324959,69.9504226846044,1.3037074255953627,0.41647313314386736,54.5770897431352,1.945937474253185,-0.2257569155206891,-135.5695800928673,CONVERGED,03_PREFIT_BASELINE/relaxed-runs/CHI/-135
CHI,-120,86010686d1c3498cb40c,TSL_RSH_TORSIONDRIVE_BACKUP/results/CHI/candidates/86010686d1c3498cb40c/final.xyz,-1477.9404379850855,2.1004462123625456,70.14111404415345,1.494398785144412,0.6060474271938716,54.71922812503891,2.088075856156898,0.012370356205647415,-119.48245265031018,CONVERGED,03_PREFIT_BASELINE/relaxed-runs/CHI/-120
CHI,-105,3ed6d67ea18b0cf3896d,TSL_RSH_TORSIONDRIVE_BACKUP/results/CHI/candidates/3ed6d67ea18b0cf3896d/final.xyz,-1477.9401480148308,2.282405294363951,69.96895456764612,1.32223930863708,0.9601659857244442,54.43309183391135,1.8019395650293362,0.4804657293346146,-104.39721018580454,CONVERGED,03_PREFIT_BASELINE/relaxed-runs/CHI/-105
CHI,-90,7057d321a221db4e0535,TSL_RSH_TORSIONDRIVE_BACKUP/results/CHI/candidates/7057d321a221db4e0535/final.xyz,-1477.9402923294258,2.191846518770847,69.54539089262198,0.8986756336129389,1.293170885164372,53.85227861205874,1.2211263431767279,0.9707201755941193,-89.35989708327574,CONVERGED,03_PREFIT_BASELINE/relaxed-runs/CHI/-090
CHI,-75,56ffb37aca93d433d400,TSL_RSH_TORSIONDRIVE_BACKUP/results/CHI/candidates/56ffb37aca93d433d400/final.xyz,-1477.9406787920627,1.9493375527533943,69.11851913586632,0.47180387685727965,1.4775336759099673,53.25515379261927,0.624001523737256,1.3253360290161382,-74.38873361237674,CONVERGED,03_PREFIT_BASELINE/relaxed-runs/CHI/-075
CHI,-60,080db778a13d322b3cde,TSL_RSH_TORSIONDRIVE_BACKUP/results/CHI/candidates/080db778a13d322b3cde/final.xyz,-1477.9409832662677,1.7582771045303314,68.9342630875799,0.28754782857085104,1.4707292760145805,52.90788084989632,0.27672858101431075,1.4815485235160206,-59.46273296196497,CONVERGED,03_PREFIT_BASELINE/relaxed-runs/CHI/-060
CHI,-45,187d13f913eac35533db,TSL_RSH_TORSIONDRIVE_BACKUP/results/CHI/candidates/187d13f913eac35533db/final.xyz,-1477.9409936799948,1.7517423921353694,69.06277771748718,0.4160624584781374,1.3356799337181826,52.90467014691467,0.27351787803265637,1.478224514102713,-45.53218089838048,CONVERGED,03_PREFIT_BASELINE/relaxed-runs/CHI/-045
CHI,-30,d91d2228afc45675bb8f,TSL_RSH_TORSIONDRIVE_BACKUP/results/CHI/candidates/d91d2228afc45675bb8f/final.xyz,-1477.9408001543177,1.8731815879809242,69.27345157007463,0.626736311065585,1.2464452769508654,53.14880575779983,0.5176534889178157,1.3555280990631084,-30.564860334127346,CONVERGED,03_PREFIT_BASELINE/relaxed-runs/CHI/-030
CHI,-15,78ce1b628974546ce51d,TSL_RSH_TORSIONDRIVE_BACKUP/results/CHI/candidates/78ce1b628974546ce51d/final.xyz,-1477.9407844319912,1.8830474967830666,69.36775353099016,0.721038271981115,1.162009224802432,53.403798057910976,0.7726457890289637,1.1104017077541029,-15.53709437700943,CONVERGED,03_PREFIT_BASELINE/relaxed-runs/CHI/-015
CHI,0,6d139c9f39a07b6a37ba,TSL_RSH_TORSIONDRIVE_BACKUP/results/CHI/candidates/6d139c9f39a07b6a37ba/final.xyz,-1477.9413349083907,1.53761834092137,69.2281954047637,0.5814801457546537,0.9561381951697285,53.42550345859051,0.7943511897085003,0.7432671512128697,0.5296736144224939,CONVERGED,03_PREFIT_BASELINE/relaxed-runs/CHI/+000
CHI,15,a931964e5b4679e1db1a,TSL_RSH_TORSIONDRIVE_BACKUP/results/CHI/candidates/a931964e5b4679e1db1a/final.xyz,-1477.9424306894537,0.8500053424677801,68.92211121152853,0.2753959525194887,0.5746093899891775,53.17274182208861,0.5415895532065989,0.3084157892611813,15.573367509154606,CONVERGED,03_PREFIT_BASELINE/relaxed-runs/CHI/+015
CHI,30,d6d25499326fe479409f,TSL_RSH_TORSIONDRIVE_BACKUP/results/CHI/candidates/d6d25499326fe479409f/final.xyz,-1477.9434698591697,0.1979165005694423,68.64671525900904,0.0,0.19791650061961263,52.830867992761995,0.19971572387998293,-0.0017992233105406374,30.567219603854454,CONVERGED,03_PREFIT_BASELINE/relaxed-runs/CHI/+030
CHI,45,3b720e68df21b2650818,TSL_RSH_TORSIONDRIVE_BACKUP/results/CHI/candidates/3b720e68df21b2650818/final.xyz,-1477.9437852591896,0.0,68.66518048724106,0.01846522823201724,-0.01846522823201724,52.63115226888201,0.0,0.0,45.51360918622238,CONVERGED,03_PREFIT_BASELINE/relaxed-runs/CHI/+045
CHI,60,3f92bc1cc9bd4228f7e4,TSL_RSH_TORSIONDRIVE_BACKUP/results/CHI/candidates/3f92bc1cc9bd4228f7e4/final.xyz,-1477.9432654507455,0.32618472333560894,69.02043713142096,0.37372187241192023,-0.04753714911851148,52.728212438393825,0.0970601695118134,0.22912455382379554,59.438505479678824,CONVERGED,03_PREFIT_BASELINE/relaxed-runs/CHI/+060
CHI,75,ddbefa49f13f20e384df,TSL_RSH_TORSIONDRIVE_BACKUP/results/CHI/candidates/ddbefa49f13f20e384df/final.xyz,-1477.9421266364168,1.0408015037026501,69.56205137956337,0.9153361205543291,0.12546538314121847,53.18924802639249,0.558095757510479,0.4827057461921711,74.36317976689152,CONVERGED,03_PREFIT_BASELINE/relaxed-runs/CHI/+075
CHI,90,67dd42706d6c90c3b568,TSL_RSH_TORSIONDRIVE_BACKUP/results/CHI/candidates/67dd42706d6c90c3b568/final.xyz,-1477.940562423563,2.0223598887749024,70.14907926355116,1.502364004542116,0.5199958842257075,53.89320989591197,1.2620576270299608,0.7603022617449415,89.34021941942446,CONVERGED,03_PREFIT_BASELINE/relaxed-runs/CHI/+090
CHI,105,67e5c570e20323b843f0,TSL_RSH_TORSIONDRIVE_BACKUP/results/CHI/candidates/67e5c570e20323b843f0/final.xyz,-1477.9389279564416,3.0480034924252344,70.59194379553819,1.945228536529143,1.102774955882083,54.541865235622666,1.910712966740654,1.1372905256845804,104.38638873442808,CONVERGED,03_PREFIT_BASELINE/relaxed-runs/CHI/+105
CHI,120,e3e4f8139e8687d89679,TSL_RSH_TORSIONDRIVE_BACKUP/results/CHI/candidates/e3e4f8139e8687d89679/final.xyz,-1477.9378294367405,3.7373350122694022,70.82297184382571,2.17625658481667,1.5610784274776819,54.882331742952886,2.2511794740708737,1.4861555381985285,119.4679316413167,CONVERGED,03_PREFIT_BASELINE/relaxed-runs/CHI/+120
CHI,135,0f6f231a99ae46e3824a,TSL_RSH_TORSIONDRIVE_BACKUP/results/CHI/candidates/0f6f231a99ae46e3824a/final.xyz,-1477.9377247869083,3.8030037733710786,70.77022344940451,2.1235081903954693,1.6794955829305849,54.8248002556745,2.1936479867924916,1.609355786578587,135.55333809607245,CONVERGED,03_PREFIT_BASELINE/relaxed-runs/CHI/+135
CHI,150,9c092d7e3a6c2deb89a2,TSL_RSH_TORSIONDRIVE_BACKUP/results/CHI/candidates/9c092d7e3a6c2deb89a2/final.xyz,-1477.9385377237527,3.292878201783699,70.35891864004746,1.712203381038421,1.580674820775016,54.43336739841857,1.802215129536556,1.490663072247143,150.61044931755924,CONVERGED,03_PREFIT_BASELINE/relaxed-runs/CHI/+150
CHI,165,627913490138c9fd14b4,TSL_RSH_TORSIONDRIVE_BACKUP/results/CHI/candidates/627913490138c9fd14b4/final.xyz,-1477.939750845474,2.5316328285396272,69.74321500713582,1.0964997481267744,1.4351330803994244,53.92716836661063,1.296016097728618,1.2356167308110093,165.59544706280028,CONVERGED,03_PREFIT_BASELINE/relaxed-runs/CHI/+165
PHI,-180,4a40d6e4c9e115d1a3b9,results/PHI/candidates/4a40d6e4c9e115d1a3b9/final.xyz,-1477.9241046089987,12.297421019351964,83.64897011267088,14.84626712290239,-2.5488461036108845,66.17542478815247,13.388430925986597,-1.0910099066346337,-179.36391380306853,CONVERGED,03_PREFIT_BASELINE/relaxed-runs/PHI/-180
PHI,-165,2c3c895f210789f5833d,results/PHI/candidates/2c3c895f210789f5833d/final.xyz,-1477.924551383645,12.017065696114134,83.94723582151096,15.144532831742467,-3.1274671356734274,65.71392309620545,12.926929234039576,-0.9098635379254425,-164.4532709130698,CONVERGED,03_PREFIT_BASELINE/relaxed-runs/PHI/-165
PHI,-150,08427ce4bdf6f6c9d08c,results/PHI/candidates/08427ce4bdf6f6c9d08c/final.xyz,-1477.924346949788,12.14534987811232,84.0828529406333,15.28014995086481,-3.134800072745506,65.63034961261019,12.843355750444317,-0.6980058723319971,-149.463826183048,CONVERGED,03_PREFIT_BASELINE/relaxed-runs/PHI/-150
PHI,-135,1e97524cf1d5e51c1360,results/PHI/candidates/1e97524cf1d5e51c1360/final.xyz,-1477.9244372711948,12.088672339648122,81.64438041113509,12.841677421366597,-0.7530050816831988,64.96055321985642,12.17355935769055,-0.08488701804242815,-135.02400517397473,CONVERGED,03_PREFIT_BASELINE/relaxed-runs/PHI/-135
PHI,-120,c493fb0d694458ebe2d9,results/PHI/candidates/c493fb0d694458ebe2d9/final.xyz,-1477.928712237524,9.406090467076242,79.02616383103555,10.223460841267055,-0.8173703741465346,62.56253978909485,9.775545926928977,-0.36945545985273576,-120.02453759865496,CONVERGED,03_PREFIT_BASELINE/relaxed-runs/PHI/-120
PHI,-105,04a362c18479f5cdda2e,results/PHI/candidates/04a362c18479f5cdda2e/final.xyz,-1477.9351127595178,5.389702277432289,75.27856049836505,6.475857508596562,-1.0861552312221079,58.821635521315585,6.034641659149713,-0.6449393817174238,-104.99761419755112,CONVERGED,03_PREFIT_BASELINE/relaxed-runs/PHI/-105
PHI,-90,457c6e61ae526c218c97,results/PHI/candidates/457c6e61ae526c218c97/final.xyz,-1477.9406993692571,1.8840517384563273,71.27829914350389,2.4755961537353954,-0.5915444153121001,55.13004359811531,2.3430497359494353,-0.458997997493108,-89.97592615775291,CONVERGED,03_PREFIT_BASELINE/relaxed-runs/PHI/-090
PHI,-75,6c904431996435df4e8a,results/PHI/candidates/6c904431996435df4e8a/final.xyz,-1477.9437017968164,0.0,68.80270298976849,0.0,0.0,52.78699386216587,0.0,0.0,-74.28133811511611,CONVERGED,03_PREFIT_BASELINE/relaxed-runs/PHI/-075
PHI,-60,a14624dc51ac1cb2f4db,results/PHI/candidates/a14624dc51ac1cb2f4db/final.xyz,-1477.9418405357717,1.1679589391511374,69.59553052938547,0.7928275396169795,0.37513139948177354,53.39151970521931,0.6045258430534375,0.5634330960976999,-60.06078488012163,CONVERGED,03_PREFIT_BASELINE/relaxed-runs/PHI/-060
PHI,-45,95184b2140b31fed261f,results/PHI/candidates/95184b2140b31fed261f/final.xyz,-1477.9351785861832,5.348395421266241,74.79656195108528,5.993858961316789,-0.6454635400306756,58.06760341939142,5.280609557225546,0.06778586404069475,-45.13588633144561,CONVERGED,03_PREFIT_BASELINE/relaxed-runs/PHI/-045
PHI,-30,bdc0c207f6bdb0881c94,results/PHI/candidates/bdc0c207f6bdb0881c94/final.xyz,-1477.9235923578171,12.61886348886727,86.12602166069311,17.32331867092462,-4.704455182027871,67.74085580244707,14.9538619402812,-2.334998451413931,-30.208396523516143,CONVERGED,03_PREFIT_BASELINE/relaxed-runs/PHI/-030
PHI,-15,b1ee3267f365b429d213,results/PHI/candidates/b1ee3267f365b429d213/final.xyz,-1477.9052638851444,24.120153734931876,103.62222436401024,34.819521374241745,-10.69936763931561,82.46501766420006,29.67802380203419,-5.557870067102314,-15.248407817690554,CONVERGED,03_PREFIT_BASELINE/relaxed-runs/PHI/-015
PHI,0,bef577364be0ac4447a7,results/PHI/candidates/bef577364be0ac4447a7/final.xyz,-1477.8805530057086,39.62646469177788,126.662048480627,57.859345490858516,-18.23288079903051,101.65016409740882,48.86317023524295,-9.236705543465064,-0.24875885312962126,CONVERGED,03_PREFIT_BASELINE/relaxed-runs/PHI/+000
PHI,105,0f99b394d6ec79ee1869,results/PHI/candidates/0f99b394d6ec79ee1869/final.xyz,-1477.8855907149164,36.46525443667219,122.53503647420686,53.73233348443837,-17.26707904772566,94.42849120252112,41.641497340355244,-5.176242903683054,104.98064734113106,CONVERGED,03_PREFIT_BASELINE/relaxed-runs/PHI/+105
PHI,120,e9595dc56ca6cdc07e3c,results/PHI/candidates/e9595dc56ca6cdc07e3c/final.xyz,-1477.902408477335,25.91194918747669,107.54981687284382,38.74711388307533,-12.835164695558163,85.5689162549684,32.78192239280253,-6.869973205325838,120.00731953538218,CONVERGED,03_PREFIT_BASELINE/relaxed-runs/PHI/+120
PHI,135,83b6c0db10abc2e9e083,results/PHI/candidates/83b6c0db10abc2e9e083/final.xyz,-1477.9148800633304,18.085910819557824,95.63794420239108,26.83524121262259,-8.749330393035294,76.94231929604189,24.155325433876015,-6.069414614318191,135.06012030153303,CONVERGED,03_PREFIT_BASELINE/relaxed-runs/PHI/+135
PHI,150,d015dd2ae5762e079aa2,results/PHI/candidates/d015dd2ae5762e079aa2/final.xyz,-1477.9220778470838,13.569233322541978,87.63138932616246,18.82868633639397,-5.259453013877888,70.1386843111719,17.35169044900603,-3.7824571264640507,150.08225183539426,CONVERGED,03_PREFIT_BASELINE/relaxed-runs/PHI/+150
PHI,165,a41eb9dd4b8c73f9a42e,results/PHI/candidates/a41eb9dd4b8c73f9a42e/final.xyz,-1477.9242383498352,12.21349737743903,83.89032360839215,15.08762061862366,-2.8741232411572497,66.8927482046475,14.105754342481632,-1.892256965042602,165.03180019571423,CONVERGED,03_PREFIT_BASELINE/relaxed-runs/PHI/+165
PSI,-105,6d0fdeef6419e8f0a525,results/PSI/candidates/6d0fdeef6419e8f0a525/final.xyz,-1477.8921979615557,32.011747071349355,119.97104235901448,51.37922308111841,-19.367476009831748,92.94725264815378,40.11349259916366,-8.101745527814309,-104.29484123369367,CONVERGED,03_PREFIT_BASELINE/relaxed-runs/PSI/-105
PSI,-90,739d1637fad647effcb0,results/PSI/candidates/739d1637fad647effcb0/final.xyz,-1477.919790954512,14.696882575166297,93.60048435921121,25.008665081315144,-10.31178250614687,71.61249056300605,18.778730514015933,-4.081847938849636,-89.56222351038726,CONVERGED,03_PREFIT_BASELINE/relaxed-runs/PSI/-090
PSI,-75,3b471d0c6b08831843a7,results/PSI/candidates/3b471d0c6b08831843a7/final.xyz,-1477.936310249713,4.330868332829533,77.24368757453155,8.651868296635485,-4.320999963872282,58.90901927578632,6.075259226796206,-1.7443908939666724,-74.78350984323282,CONVERGED,03_PREFIT_BASELINE/relaxed-runs/PSI/-075
PSI,-60,6a869045b88f0718c753,results/PSI/candidates/6a869045b88f0718c753/final.xyz,-1477.943211927715,0.0,69.73688585674867,1.1450665788526067,-1.1450665788526067,53.36682655787971,0.533066508889597,-0.533066508889597,-59.93002309396472,CONVERGED,03_PREFIT_BASELINE/relaxed-runs/PSI/-060
PSI,-45,9ce617b456dca05e750d,results/PSI/candidates/9ce617b456dca05e750d/final.xyz,-1477.9428989668718,0.19638589416353,68.59181927789606,0.0,0.19638589408714324,52.833760048990115,0.0,0.19638589416353,-45.748369182564424,CONVERGED,03_PREFIT_BASELINE/relaxed-runs/PSI/-045
PSI,-30,344ccafc6333119c936d,results/PSI/candidates/344ccafc6333119c936d/final.xyz,-1477.9383068328877,3.0779934750218234,70.98875345832226,2.3969341804262,0.6810592945909377,55.23221988965874,2.3984598406686217,0.6795336343532017,-30.01950152707046,CONVERGED,03_PREFIT_BASELINE/relaxed-runs/PSI/-030
PSI,-15,4e33d77d5341624a8965,results/PSI/candidates/4e33d77d5341624a8965/final.xyz,-1477.9320963355515,6.97513939178259,74.72455070952353,6.132731431627462,0.8424079600974892,58.77253475590996,5.938774706919844,1.036364684862746,-15.007755118243232,CONVERGED,03_PREFIT_BASELINE/relaxed-runs/PSI/-015
PSI,0,7eb3ae2d64c8782dd1a9,results/PSI/candidates/7eb3ae2d64c8782dd1a9/final.xyz,-1477.926618197433,10.412722960962697,79.55827674593175,10.966457468035685,-0.5537345071062987,62.677049306022795,9.84328925703268,0.5694337039300166,0.009417157363918741,CONVERGED,03_PREFIT_BASELINE/relaxed-runs/PSI/+000
PSI,15,6883845786126318243c,results/PSI/candidates/6883845786126318243c/final.xyz,-1477.9241755948333,11.945479233545104,83.02798626922112,14.436166991325052,-2.490687757808672,65.47073627014944,12.63697622115933,-0.6914969876142258,14.270831141836817,CONVERGED,03_PREFIT_BASELINE/relaxed-runs/PSI/+015
PSI,30,944077ca9a56f012032f,results/PSI/candidates/944077ca9a56f012032f/final.xyz,-1477.9245718048671,11.696853683615846,83.9201763741394,15.328357096243337,-3.631503412680388,65.72313182975986,12.88937178076975,-1.1925180971539042,29.424657646291745,CONVERGED,03_PREFIT_BASELINE/relaxed-runs/PSI/+030
PSI,45,044377f6cf75577fea47,results/PSI/candidates/044377f6cf75577fea47/final.xyz,-1477.9234356803127,12.409782605194598,87.31255474905448,18.72073547115842,-6.310952866029126,67.25296079388488,14.419200744894766,-2.009418139700168,44.943156574777525,CONVERGED,03_PREFIT_BASELINE/relaxed-runs/PSI/+045
PSI,60,41b6e49a4c00a2e28ca7,results/PSI/candidates/41b6e49a4c00a2e28ca7/final.xyz,-1477.9182187941753,15.683428081132595,94.15574362774596,25.5639243498499,-9.88049626874816,72.4567371993284,19.622977150338286,-3.9395490692056914,59.854271299136244,CONVERGED,03_PREFIT_BASELINE/relaxed-runs/PSI/+060
PSI,75,a31c67362a92bb69e2f9,results/PSI/candidates/a31c67362a92bb69e2f9/final.xyz,-1477.9062288461485,23.207234060776265,106.62062985557029,38.02881057767422,-14.821576516933192,82.89614923422292,30.062389185232803,-6.855155124456537,74.72362558025284,CONVERGED,03_PREFIT_BASELINE/relaxed-runs/PSI/+075
PSI,90,aed568273c9392fba47d,results/PSI/candidates/aed568273c9392fba47d/final.xyz,-1477.8845996114715,36.77978373595889,128.03701302208944,59.445193744193375,-22.6654100082103,99.76470401266516,46.93094396367505,-10.151160227716161,89.54308663257802,CONVERGED,03_PREFIT_BASELINE/relaxed-runs/PSI/+090
