group_id,protocol_key,calculation_types,evidence_hashes,comparability_note
"protocol-1","GAFF2|none|none|none|false|AmberTools|unknown","CLASSICAL_FIXED_GEOMETRY_ENERGY;ENERGY_DECOMPOSITION","028173eca4d906a81be2978833fb5d4d3a5e417e21dbdd36a0004c1d6b162af2;1434c7d26d2139e569af62a1714aa158e27a18de9bec0194b33eb29026b0f3ff;2b4c2048bf31f4d06149b54320aeca1695bcd68b67ac48ef6cd5c4b04fb28a2a;3615ca89fa5725d115df9caa2b26b59ac90c4a33f7fbc17a2acfe80c86428348;37c198a850a0f2555771a4ef5600b78ed523d48452c624f291406cc9109b8cb0;3c61ce3603e56d4e107f0cac0285ec64e0c75594a2f2c66c826204df370ba045;3dd9ebb65f743bfb32f32e9c56d402d587d94764f6a5554eb69dbaa1dbfb3d5b;57fc0a5e891eb1a4e4c257ddc614fbfb8869ec2cd7a1e2797c80cfba23d85849;59dd4710ce8575c580910032be643acc6e548c7d35c3a645784e26d5c9af14e5;62a8b9b275306489ed45377f59dbc6e0e382d4937a9e8616c736f9b85b24c80f;68d5602bd8733e04c587d7a86790087bd510554481cf7b7d52c7f35d03869f59;7d0828f90eb1d25012ad927a48b4531a8ee83ded8998395bb7b19818e06d9c73;825365d93bc101b45dcb2a476432d3532e3ccf0b408cdbac79cf384cc435c492;84e8f70d90ee52850cf6c593528357afbbcfbef6b626aabb79d167b418c3178c;8b15c44dd557855547f33249f23fe9c92c83d417fbf42d3df006da7a8b0d70fa;9e6cc8182a548fa67cec129d6cab9db6869980b87430c67bca1e3e1f246f59f0;a01a3740d09e26521bada065d8df80eb4171058b86aaf514a8a69642799a96cd;b2874028bfed224041b29d2ced7d95109222a13e2eec5125bb32e286a9007853;c122fcccc26bc2e134daf680e2a2205968da7819f821b644d0decf4f5ca9cb21;ce6f2596e094a2ad6c20b8484e9a952ed1b442d0923259c9fbf7f5b087a57451;e1442f4d675df074ee771c348934c7608df241aa601b4a1d4d67c7f224e6c80c;f654592c0fb3a59f5f400038c48f859808665a87ebf0bd4f1042fb8a09ac03ca","Exact protocol group only; evidence in another protocol group is not silently interchangeable."
"protocol-2","GFN2-xTB|ALPB(water)|none|none|false|unknown|unknown","SINGLE_POINT","1d7038cd117b7a4a0de57a2ac703480568af61aeb4bf4e56dec6ac6488ec742d;4e53de2e039541e075443c8f6b02d1ed386972a2f8fa3d7525e1cfae7ebf4ed7","Exact protocol group only; evidence in another protocol group is not silently interchangeable."
"protocol-3","HF|6-31G(d)|none|gas|false|AmberTools|26.0","RESP","bc970c7e8f2add42d543921ddada53c4fa31e26a2abdbabe2b194c09ee53b21f;ee5896224e99b0cb8761e2bf2e6f9059fe594d063594912b2654ee2e67717499","Exact protocol group only; evidence in another protocol group is not silently interchangeable."
"protocol-4","PBE0|def2-TZVP|D3(BJ)|none|true|PySCF|2.14.0","COUNTERPOISE_INTERACTION","007a9a9a0e38cb54bb62dd9d82a498a909e084549f431a11d6f9cdb2f4ea52ee;01ae273cfc41f4e0728a7f258f3d65a6489e9a0ac907f72e206101c12e98c8f3;03affe4f312d389974b86ae3ec62122bce659768367c1518b49dd6d6223fac36;060009ccdd3eb569c82df5a2e76cbcc557c908e201efce36b14c8342b71f2a1b;073b3709af5062679da6193967f0d518a33162cd85a0479b91916d6d2312e2ea;0b54f1ba2c3dc82a6f7ec6aad53959a184442385af5fd771c42ab797dfb0505f;0bc31d59e21a032cb0ea318f6f10dcc134908ebfec68e6b0221c40c98079a12d;0e87c947b75ccd981da8773be740ea64ea08c77e195367568097b950a854c2bc;1ff8148cf6a8eb1798eb4108883a9cb3d1ffe2cd0c80087c1a3fc6672e20cb61;21dbb27e872efa0ed18523338d526e58017d6b612186602e50e9975c9c65ac9a;25142d324b60f0c7b7db4621dde06603a617ea0a5331471de1fe67231a53831c;2697ebcdab0fc427cb1a585fb3e3c0a8ddf8768f24983952b9fb53af066e0482;27dc230c55cb07601a9b551af8aa4618e9727d74faf7197d91db122070cde81b;34b54e39f84f43bc125d2d0d77f5a9258714c3b54b9f543003acc0b9281be2d7;40f4ce2e83681d32ca200c15455db86e5f05e9250cbd8e0afbd9a92d35a737c0;4b9027e3b6ce98d535a469f45764b4fc4e7c57e584efa115b464ae6579ea61d3;5320fa0144b13cbec427bb4297668c7b276719c3e05beb69068bac3f867efdb7;557dea6947c98e6df228be3e34593c5f491785d91abb067b72e89a488f977313;564e2d43398d051f835be8364a8a95cf2edf568a50c6b2a1e0a4391b49ea89a7;5ceda3818a59d363ba23dc158075a9533ae0366dead1384ed5d328aba2bce355;6726316db00cae81454694e784efef710d7b31bb7e2620df873c3df9717a9d67;696b839f1e3c9111e678d41543c17687bfe3f62a136326cea1c16f92f8ecf1ca;6e5e340aa05adc166b771adb7e468a44102b99a38a0def9f12b00a818881fee5;77273ff72372de1bbddc15189ac1167f1bcad04647a8a78c3c54949f88e7e093;78289833067a1c222b9c34aac6cb78a0bdd204034f2ac57e28b8e4fc31a6806f;7f0cdf6b09568fc99ee74ec2bf753c8367494aac0387c23c4b1bbf5bff0468a3;82f0194ae7e2d3726a02dabd497ece5d2d375566104ee9b5179d483aa4709213;861664622085d0597533d9397862d7cce875a782d4d0369ffc16e5c15bb784a2;a76e86306b89b1b312cb2c91c8d9def2a627fe8d40022f2074c83e62bfc80a03;ab9a104e69651274f98a4efa3bb7836454656d6c3eb320bc3e39f0c5031c2eae;b49b4b29cedce58763dd1aca678c513d1329752b62893f1a5e344ab27e0bb7ec;b69bd4ce97828d5094fdd45e24b0fe5dc070be83525ae3957e4465f5a3d43fd9;b7d8f1ec8909ebde6e21b292ab6c59c94c3f00b991cb2556a0d06095bd7173bc;c699bc6a506f8e42429e96722154832f98558506b3b42629ae5ef9755921c74f;c91bb95c19a04a98ca02d81cdbae5ae4aac9f476516c22385c83f04bd0eb7985;cb7bd9f67189475a303b5eafa8bfb06f7d761600fbd88f933655502f583362f7;d020ea425160d4ff7e7c6f4c7bbfcdf8599bf7a70e26321f54b95e6736900b82;d171c3a9f3ea31adad61442ff32f35e63ffbd7a36e793acf8bbe3b368e04979c;d4ed45e0aaeb791c4127f4c2c6d58f11ca0da355d90ceebd69cc9eca4ca9be39;d81b8bc0dd9f581c46da3dd52ce4cfb6bb70ab9bc77d2ed7f3c2e028b8859949;daa384b672445d6c5d6871922030ee40d1c5124230e7e13c8ec0460d55d11189;de601f269f6cb7dd69cc1371cc9cf23ded23cc42bbab17f9996c2745e02ac185;df6028e63513139b55a71bc3c93a8fa1ac8b313e4094b570550f0c1ace6da98d;e74632fbc94df14237b014d13c30b38ac7990c3a7c20e9d81b23d35d29f29ea8;e7604671410ac0816a262522a1217e156f9f1f333bd2d24ed1a310f89727ce6a;f54743261ea0a3f28438728bbaa1290ad523dbf8abb9cc02569f463f4d4313a1","Exact protocol group only; evidence in another protocol group is not silently interchangeable."
"protocol-5","PBE|3-21G|none|none|false|unknown|unknown","CONSTRAINED_SCAN","080e915242aa3b0841dfdc2f35abafdc3c41c7923a3bf5625751459efe0afd42;1b3128a3bd6fb32773747168387231e254f3f41603c6b92e3e1c54916cc121eb;5e3cf244ecc6fd1a111586bccbb089e4a468e92a68742e8fd39eaf2bd900c03b;bf7087eed28e21c8e68dcf5f98fd1f4400e8464e2503ad1a5da9baca21d76b2d;ded1fe919b6564ce3d9e3e93bb176c78bba702540e2ab40d7b8f2898ce24df71;e576398d470252b3bd4635cd7d861dc31a69d21e4bf81d12540e66b78ec44814;f4f59db92b889df8c25c236b321e6f600038fad673b6aff184efb18e1fbf4a2f","Exact protocol group only; evidence in another protocol group is not silently interchangeable."
"protocol-6","PBE|def2-SVP|D3(BJ)|gas|false|PySCF|2.14.0","HESSIAN;OPTIMIZATION;SINGLE_POINT","1e8ba0f80629e1a05c16fa7cad214ac9488ab1537e692fecb52777feb0182952;40365d5417613906aab7f5d67be9bdecbe0c469ba9cd45c8d25595e999918ad8;4c84ee2402a3d849faf1da5294a18718e00aa35e0ed482a960b9c784bee5d8e8;981afa9816c2c557ce94d4e7f67e214c6af0542f03cd153566a2378d56aa684e;a3313240b3c3f88080546320e640584d19ce6fd92bfb33e366ecb6ab1bfdbeff;ba8093740400ff2b673408cc9a649a7dead7af3bd30744f0298dec28c24f45b6;d30c00c8093df5d5ee544580acb7a2f6ed46d75f8431478c5889513428ee520b;dd67ad3b9a4a4b357439c23c6f4111e154e06ee2aea9533ca1d29583b3f9a73f;ebc0a26605ac17a3ea25abe4a45ee348a5704d9f09925fbe43ec5585fbc396e2;f8b34aac636b98db4b7063fa878dde3ff5427698060488003a688cf74a019668","Exact protocol group only; evidence in another protocol group is not silently interchangeable."
"protocol-7","PBE|def2-SVP|D3(BJ)|none|false|PySCF|2.14.0","SINGLE_POINT","07a74edf32dd6801e9946669f1c2773eb3c0c6d1425496a3f217e2b91acaa304;14dd0d120cec90d3762e80d68330bcc4690564a811101ef95ce6e74fad8b7c34;19a66164dd670260946e42b0b504afd9d78838b5c2e2ef291c2f6c17d1bedb70;1b63f9fbf15ce92193d0304144d00e63d9a6bd72ebda10920fae0c279e21eafd;2e3c6cf432d6046b6350ab104ad8fe949521d1caa6384c43a1bd474a3cb50a5f;3b3e2d38ff762099a412ee2e812c9cf8b549e5c6d3e09abbe176a5f63864f059;5069b26f7657447c7221c4b3a4de69305b2cb0d9436de70fc16f2f87b5ee4044;5e4089b6adc2fce02b5cd67756316371808cdeb11409be73c3e1e8dc1380e014;68ca25bffb7948592ae96f5047e80f5c44fea6db0c41ea5b680561aebefa94bb;6b1b26dcc4042c5a519d939b2295a6871dc2afa4c956f754720a9589b94729a3;76f903f847b5e258e571120f643ef8af0927a3672be0a9931af64247c128d607;993441766f6927098633a09c6db2c8169bc5628866b71b1481ed0e415711bd63;aa628cb9641a15eabe039e13461640375ae3299b7c0ddf48aa635c8039cde48d;b96c34b7e1bdef9ec8e08fe843050f09b424cfadd00f192b00625e75f47896d0;bba2e3123489068fe527e7a7d4f99d2975df0723280852a8d0fb0cefedecd0b0;c5cc696fb2c795f4c40a6f3cc8efe2c47c92970aa407122851ac505ae11a5cd1;cd9616c2f726006a0cf2490d3190490acdb0532c92bf0f451a1eef95dd37e18b;db97f6fd5de38a464b8a1db9a460b7c58f0a164c0f49f034241991f14c963398;e90ddbe554a820aea8b82bc69b4b16f57941ed2735a42f4879372a10ea7f91ca;e9ea0e722f7a14704924e5bbee5e74ac863509f909990d5d71d11dcfc4cc970f;ed84b6a8ef66465f6de38a4106afca50806baa3d5196589cd82cae1b974366d4","Exact protocol group only; evidence in another protocol group is not silently interchangeable."
"protocol-8","PBE|def2-SVP|D3(BJ)|none|false|unknown|unknown","SINGLE_POINT","5092fce6b796d8c2f9f88ac4acf4e9ddde076da5179e1a59cfd534e614270038;63d392528b257af34207f4aed6838535daafe5d72436e76074cb2103efda1a38;65dc6d6bffb22b9b3197bcce20288416e7a504968138238f856b3f728246d4b5;7723b7a0d9fcab73b25ffe9f9587ada58b7573a4b443091b585c751edded8e62;7ab17db73ba354ec0e7239032fe309112eb441e3f8aecb4468c92dda6f27be81;8ae30445beef4feca25ea1af4196281e393e414dd68b02e94b183fb720138842;afad9b710ff99f3cedefceb736c6e2383c7e1dc2049f6494a2b83a01adcce481;b8b834ecebf2e74f2c085371259e01aec818874c41aeaddaf4f8d4160aceff28;ca18570a6cf6d33110c60d98678d10405a32f56ff70dd2d2c40fa80e69b60904","Exact protocol group only; evidence in another protocol group is not silently interchangeable."
"protocol-9","unknown|none|none|none|false|unknown|unknown","SINGLE_POINT","59c4ab5b3fec1ff62f9dcec0518293a5e587882469425e9af680ddbb1975e7be;685f77c4065ec91f2e4a7439014556bfbbaadbb0a4d2db102f35fb5858de9a19;76fa4c695f13b39baf74c795320b8fb1762a2350ec9febc4d1906fdef71f637f","Exact protocol group only; evidence in another protocol group is not silently interchangeable."
