state,compound_id,best_affinity_kcal_mol,best_pose_class,best_pose_sam_min_A,best_pose_burial,target_site_pose_count,sam_compatible_pose_count,sam_contacting_pose_count,sam_conflict_pose_count
7A_APO,23CL2BA,-6.279,SAM_COMPATIBLE,,1.0,11,11,0,0
7A_APO,24DCMB_R,-6.31,SAM_COMPATIBLE,,1.0,12,12,0,0
7A_APO,24DCMB_S,-6.23,SAM_COMPATIBLE,,1.0,11,11,0,0
7A_APO,25DCMB_R,-6.9,SAM_COMPATIBLE,,1.0,12,12,0,0
7A_APO,25DCMB_S,-6.731,SAM_COMPATIBLE,,1.0,12,12,0,0
7A_APO,26DCMB_R,-6.53,SAM_COMPATIBLE,,1.0,12,12,0,0
7A_APO,26DCMB_S,-6.568,SAM_COMPATIBLE,,1.0,10,10,0,0
7A_APO,2CLBA,-6.045,SAM_COMPATIBLE,,1.0,12,12,0,0
7A_APO,34DCMB_R,-6.842,SAM_COMPATIBLE,,1.0,12,12,0,0
7A_APO,34DCMB_S,-6.605,SAM_COMPATIBLE,,1.0,12,12,0,0
7A_APO,3CLBA,-5.886,SAM_COMPATIBLE,,1.0,12,12,0,0
7A_APO,4CLBA,-5.765,SAM_COMPATIBLE,,1.0,11,11,0,0
7A_APO,AMBA_R,-6.117,SAM_COMPATIBLE,,1.0,11,11,0,0
7A_APO,AMBA_S,-6.148,SAM_COMPATIBLE,,1.0,12,12,0,0
7A_APO,BA,-5.873,SAM_COMPATIBLE,,1.0,10,10,0,0
7A_APO,DCMB_R,-6.671,SAM_COMPATIBLE,,1.0,11,11,0,0
7A_APO,DCMB_S,-6.966,SAM_COMPATIBLE,,1.0,12,12,0,0
7A_APO,SKF64139,-7.202,SAM_COMPATIBLE,,1.0,12,12,0,0
7A_SAM,23CL2BA,-6.436,SAM_CONTACTING,3.589650261515737,1.0,8,0,8,0
7A_SAM,24DCMB_R,-6.633,SAM_CONTACTING,3.5923180538476824,1.0,5,0,5,0
7A_SAM,24DCMB_S,-6.446,SAM_CONTACTING,3.487771924882704,1.0,4,0,4,0
7A_SAM,25DCMB_R,-6.068,SAM_CONTACTING,3.450323028355461,1.0,5,0,5,0
7A_SAM,25DCMB_S,-5.814,SAM_CONTACTING,3.4532924868884187,1.0,5,0,5,0
7A_SAM,26DCMB_R,-6.451,SAM_CONTACTING,3.337900687557975,1.0,6,0,6,0
7A_SAM,26DCMB_S,-6.298,SAM_CONTACTING,3.372442141831346,1.0,7,0,7,0
7A_SAM,2CLBA,-6.009,SAM_CONTACTING,3.5802801566357902,1.0,8,0,8,0
7A_SAM,34DCMB_R,-5.982,SAM_CONTACTING,3.4016556263090476,1.0,5,0,5,0
7A_SAM,34DCMB_S,-6.101,SAM_CONTACTING,3.3184487339719446,1.0,5,0,5,0
7A_SAM,3CLBA,-5.795,SAM_CONTACTING,3.6795569026718415,1.0,8,0,8,0
7A_SAM,4CLBA,-5.93,SAM_CONTACTING,3.533931946147237,1.0,7,0,7,0
7A_SAM,AMBA_R,-6.115,SAM_CONTACTING,3.572582959148745,1.0,8,0,8,0
7A_SAM,AMBA_S,-6.229,SAM_CONTACTING,3.5208569979480844,1.0,6,0,6,0
7A_SAM,BA,-6.04,SAM_CONTACTING,3.5061652841815656,1.0,6,0,6,0
7A_SAM,DCMB_R,-6.063,SAM_CONTACTING,3.3397001362397787,1.0,6,0,6,0
7A_SAM,DCMB_S,-6.164,SAM_CONTACTING,3.445383578065003,1.0,7,0,7,0
7A_SAM,SKF64139,-6.336,SAM_CONTACTING,2.8658487399023693,1.0,6,0,6,0
7B_APO,23CL2BA,-5.282,SAM_COMPATIBLE,,1.0,12,12,0,0
7B_APO,24DCMB_R,-5.5,SAM_COMPATIBLE,,1.0,12,12,0,0
7B_APO,24DCMB_S,-5.682,SAM_COMPATIBLE,,1.0,12,12,0,0
7B_APO,25DCMB_R,-5.656,SAM_COMPATIBLE,,1.0,12,12,0,0
7B_APO,25DCMB_S,-5.522,SAM_COMPATIBLE,,1.0,12,12,0,0
7B_APO,26DCMB_R,-5.437,SAM_COMPATIBLE,,1.0,12,12,0,0
7B_APO,26DCMB_S,-5.392,SAM_COMPATIBLE,,1.0,11,11,0,0
7B_APO,2CLBA,-5.031,SAM_COMPATIBLE,,1.0,12,12,0,0
7B_APO,34DCMB_R,-5.868,SAM_COMPATIBLE,,1.0,12,12,0,0
7B_APO,34DCMB_S,-5.656,SAM_COMPATIBLE,,1.0,12,12,0,0
7B_APO,3CLBA,-5.167,SAM_COMPATIBLE,,1.0,12,12,0,0
7B_APO,4CLBA,-4.937,SAM_COMPATIBLE,,1.0,12,12,0,0
7B_APO,AMBA_R,-5.049,SAM_COMPATIBLE,,1.0,12,12,0,0
7B_APO,AMBA_S,-5.15,SAM_COMPATIBLE,,1.0,12,12,0,0
7B_APO,BA,-4.713,SAM_COMPATIBLE,,1.0,12,12,0,0
7B_APO,DCMB_R,-5.497,SAM_COMPATIBLE,,1.0,12,12,0,0
7B_APO,DCMB_S,-5.426,SAM_COMPATIBLE,,1.0,12,12,0,0
7B_APO,SKF64139,-5.99,SAM_COMPATIBLE,,1.0,12,12,0,0
7B_SAM,23CL2BA,-5.076,SAM_CONTACTING,3.4078694223810864,1.0,10,0,10,0
7B_SAM,24DCMB_R,-5.285,SAM_CONTACTING,3.7654388854421734,1.0,9,3,6,0
7B_SAM,24DCMB_S,-5.183,SAM_COMPATIBLE,4.05288169084665,1.0,8,1,7,0
7B_SAM,25DCMB_R,-5.113,SAM_CONTACTING,3.9853777738126657,1.0,7,0,7,0
7B_SAM,25DCMB_S,-5.225,SAM_CONTACTING,3.983993724894656,1.0,8,1,7,0
7B_SAM,26DCMB_R,-5.135,SAM_CONTACTING,3.6519993154435286,0.8181818181818182,10,0,10,0
7B_SAM,26DCMB_S,-5.107,SAM_CONTACTING,3.7374263872349376,1.0,11,1,10,0
7B_SAM,2CLBA,-4.85,SAM_CONTACTING,3.790703496714033,1.0,11,2,9,0
7B_SAM,34DCMB_R,-5.543,SAM_CONTACTING,3.6811718242972575,1.0,7,2,5,0
7B_SAM,34DCMB_S,-5.298,SAM_CONTACTING,3.5500614079195865,1.0,8,1,7,0
7B_SAM,3CLBA,-4.622,OUTSIDE_TARGET_SITE,14.858851200547099,0.8888888888888888,11,1,10,0
7B_SAM,4CLBA,-4.772,SAM_CONTACTING,3.7924320692663693,1.0,8,1,7,0
7B_SAM,AMBA_R,-4.729,SAM_CONTACTING,3.9238863388227747,1.0,10,1,9,0
7B_SAM,AMBA_S,-4.817,SAM_CONTACTING,3.6362029646321994,1.0,11,1,10,0
7B_SAM,BA,-4.427,SAM_CONTACTING,3.8256830762623295,1.0,12,2,10,0
7B_SAM,DCMB_R,-5.225,SAM_CONTACTING,3.982425014987727,1.0,8,2,6,0
7B_SAM,DCMB_S,-5.323,SAM_CONTACTING,3.9940425636189705,1.0,10,1,9,0
7B_SAM,SKF64139,-5.48,SAM_CONTACTING,3.356886801785249,1.0,7,1,6,0
