campaign_id,source_path,runner_path,geometry_sha256,source_minimum,perturbation_family,phi_degrees,psi_degrees,nearest_minimum_rmsd_angstrom,selection_method,selected_for_qm
TSLRSH-GPU-001,analysis/mettl7-phase2/execution-unit-05M/points/M-D01/trajectory-022.xyz,geometry/TSLRSH-GPU-001.xyz,ae84db0c18745dffff385edfa193d388ea972e2937b84048c485a52e8274ff6a,MIN01,TORSIONAL_OR_CONSTRAINED_TRAJECTORY,59.945824495924924,-0.003471089500150864,0.711847771367911,BALANCED_MINIMUM_STRATIFIED_MAXIMIN_DESCRIPTOR,True
TSLRSH-GPU-002,analysis/mettl7-phase2/execution-unit-05O/force-cloud/candidates/candidate-002.xyz,geometry/TSLRSH-GPU-002.xyz,74ef58a5d34ad4f11f7a0856ca39a35e3bcca8bf3bd8b80786c95401c0c8d56a,MIN01,FORCE_CLOUD_PERTURBATION,45.57352421600808,-81.04846561391408,0.10414116642745325,BALANCED_MINIMUM_STRATIFIED_MAXIMIN_DESCRIPTOR,True
TSLRSH-GPU-003,analysis/mettl7-phase2/execution-unit-05O/force-cloud/candidates/candidate-007.xyz,geometry/TSLRSH-GPU-003.xyz,2fa2c4f60bd61c8a827266e14a999bfad450e55a329294a7a7d7f86797fd707a,MIN01,FORCE_CLOUD_PERTURBATION,35.301025455740024,-70.61382615321864,0.09114505806388967,BALANCED_MINIMUM_STRATIFIED_MAXIMIN_DESCRIPTOR,True
TSLRSH-GPU-004,analysis/mettl7-phase2/execution-unit-05F/dft-2d/phi060_psi-060.xyz,geometry/TSLRSH-GPU-004.xyz,ae9b4b8a92d591c00f6e80226c717d7f6d4bf906083ed4ba4a6b5e016702b735,MIN01,TORSIONAL_OR_CONSTRAINED_TRAJECTORY,59.99572118628168,-60.00772456936957,0.34849968947333326,BALANCED_MINIMUM_STRATIFIED_MAXIMIN_DESCRIPTOR,True
TSLRSH-GPU-005,analysis/mettl7-phase2/execution-unit-05O/force-cloud/candidates/candidate-001.xyz,geometry/TSLRSH-GPU-005.xyz,8ea6d745cde0c091bc20605bb122de6cce66b3b262c513f1caa9b5a67f73efa9,MIN01,FORCE_CLOUD_PERTURBATION,39.78258453880758,-66.317223408293,0.08689525816084105,BALANCED_MINIMUM_STRATIFIED_MAXIMIN_DESCRIPTOR,True
TSLRSH-GPU-006,analysis/mettl7-phase2/execution-unit-05O/force-cloud/candidates/candidate-004.xyz,geometry/TSLRSH-GPU-006.xyz,f385ea2cce36f265e3201df0a0f9daf4827912f2c9672a4455ac7142abbab306,MIN01,FORCE_CLOUD_PERTURBATION,44.46048781596008,-74.40078336152112,0.04070538208053874,BALANCED_MINIMUM_STRATIFIED_MAXIMIN_DESCRIPTOR,True
TSLRSH-GPU-007,analysis/mettl7-phase2/execution-unit-05B/qm/TSL_RSH/xtbopt.xyz,geometry/TSLRSH-GPU-007.xyz,aaf521feae08d5c1e579af84d0a757f9c5a1d590358141dce55c70bd070a10a9,MIN01,OTHER_EXISTING_GEOMETRY,0.16565927522989385,-67.69673856735815,0.1378677136747261,BALANCED_MINIMUM_STRATIFIED_MAXIMIN_DESCRIPTOR,True
TSLRSH-GPU-008,analysis/mettl7-phase2/execution-unit-05M/points/M-D02/trajectory-005.xyz,geometry/TSLRSH-GPU-008.xyz,1b4dc6839b1d71a6ee4baae871b72a6fdacdd0fa611ea42de1a2e87287ef554d,MIN01,TORSIONAL_OR_CONSTRAINED_TRAJECTORY,-61.01929218042644,-13.291210011200366,0.4645893586222158,BALANCED_MINIMUM_STRATIFIED_MAXIMIN_DESCRIPTOR,True
TSLRSH-GPU-009,analysis/mettl7-phase2/execution-unit-05O/force-cloud/candidates/candidate-005.xyz,geometry/TSLRSH-GPU-009.xyz,bb5c5513f3e7c8db196c8ab3c7542d5b0bc82d053aa122e4932145f2867d8c23,MIN01,FORCE_CLOUD_PERTURBATION,40.59138597560135,-72.21973680044309,0.05934026201344106,BALANCED_MINIMUM_STRATIFIED_MAXIMIN_DESCRIPTOR,True
TSLRSH-GPU-010,analysis/mettl7-phase2/execution-unit-05O/force-cloud/candidates/candidate-022.xyz,geometry/TSLRSH-GPU-010.xyz,47bdf017b9b283de3a28322690bed718f4190a433c2e6b36cac798c890e0f646,MIN01,FORCE_CLOUD_PERTURBATION,44.709270290887666,-72.64215385357545,0.09166752912864262,BALANCED_MINIMUM_STRATIFIED_MAXIMIN_DESCRIPTOR,True
TSLRSH-GPU-011,analysis/mettl7-phase2/execution-unit-05O/force-cloud/candidates/candidate-006.xyz,geometry/TSLRSH-GPU-011.xyz,673742209761c952e977a3330ec28485beff068734ac5d8f264edef2fae0937a,MIN01,FORCE_CLOUD_PERTURBATION,45.23297132837404,-72.4707242200946,0.0744007424184581,BALANCED_MINIMUM_STRATIFIED_MAXIMIN_DESCRIPTOR,True
TSLRSH-GPU-012,analysis/mettl7-phase2/execution-unit-05O/force-cloud/candidates/candidate-053.xyz,geometry/TSLRSH-GPU-012.xyz,af902dc5c296178e22f56d8a423b587b5a7fa5fa013874cef457395520f30b0d,MIN01,FORCE_CLOUD_PERTURBATION,50.080857424897516,-55.27606691800613,0.14910915966152802,BALANCED_MINIMUM_STRATIFIED_MAXIMIN_DESCRIPTOR,True
TSLRSH-GPU-013,analysis/mettl7-phase2/execution-unit-05M/points/M-D01/trajectory-003.xyz,geometry/TSLRSH-GPU-013.xyz,ac9039f9aa88fd879e51d007bcdb4133d49abef114c9f025f37bac78e3c88ef3,MIN01,TORSIONAL_OR_CONSTRAINED_TRAJECTORY,59.26849071779586,-28.778530945142215,0.3355662706557856,BALANCED_MINIMUM_STRATIFIED_MAXIMIN_DESCRIPTOR,True
TSLRSH-GPU-014,analysis/mettl7-phase2/execution-unit-05H/points/phi060_psi-060/trajectory-002.xyz,geometry/TSLRSH-GPU-014.xyz,da9619f1b40d25d6ca8f5d23e29fab6021993965bb5a8a3bcf2576680da1290b,MIN01,TORSIONAL_OR_CONSTRAINED_TRAJECTORY,59.99330269934026,-60.00430172455097,0.28661876168188216,BALANCED_MINIMUM_STRATIFIED_MAXIMIN_DESCRIPTOR,True
TSLRSH-GPU-015,analysis/mettl7-phase2/execution-unit-05O/force-cloud/candidates/candidate-048.xyz,geometry/TSLRSH-GPU-015.xyz,0cdbbb83fc06366a1d50ddf5fd252a4c1fd78dc2fe273632922ad97aaafdbf6c,MIN01,FORCE_CLOUD_PERTURBATION,39.11773275655419,-69.71057381076355,0.036913403040101725,BALANCED_MINIMUM_STRATIFIED_MAXIMIN_DESCRIPTOR,True
TSLRSH-GPU-016,analysis/mettl7-phase2/execution-unit-05O/force-cloud/candidates/candidate-046.xyz,geometry/TSLRSH-GPU-016.xyz,ac26071d14dca9cc78446febfd0a0824b4b7ca9e505d8d9779ddadb78cbbf570,MIN01,FORCE_CLOUD_PERTURBATION,32.65470004356548,-70.20203607621343,0.024992234278880913,BALANCED_MINIMUM_STRATIFIED_MAXIMIN_DESCRIPTOR,True
TSLRSH-GPU-017,analysis/mettl7-phase2/execution-unit-05O/force-cloud/candidates/candidate-003.xyz,geometry/TSLRSH-GPU-017.xyz,67e0dd67e6e78d7e872ac75578bdc85d62ad5eb3af74497f61a4e341991e33ab,MIN01,FORCE_CLOUD_PERTURBATION,40.530024340424035,-68.96973249844626,0.026397264520139203,BALANCED_MINIMUM_STRATIFIED_MAXIMIN_DESCRIPTOR,True
TSLRSH-GPU-018,analysis/mettl7-phase2/execution-unit-05M/points/M-D01/trajectory-002.xyz,geometry/TSLRSH-GPU-018.xyz,d5b07126c35e75da9d7968c55cedf146bce7622cafbef3373757114637770708,MIN01,TORSIONAL_OR_CONSTRAINED_TRAJECTORY,59.89886400974024,-41.696154382597435,0.24944306743463365,BALANCED_MINIMUM_STRATIFIED_MAXIMIN_DESCRIPTOR,True
TSLRSH-GPU-019,analysis/mettl7-phase2/execution-unit-05M/points/M-D02/trajectory-024.xyz,geometry/TSLRSH-GPU-019.xyz,8b929560cb0ddca33d5b0fc9f36b0da93c7e3178b19c0a43df5a48dbf4d0c6a5,MIN01,TORSIONAL_OR_CONSTRAINED_TRAJECTORY,-60.013510679135706,-0.0010006248224248566,0.6353487584414207,BALANCED_MINIMUM_STRATIFIED_MAXIMIN_DESCRIPTOR,True
TSLRSH-GPU-020,analysis/mettl7-phase2/execution-unit-05H/points/phi060_psi-060/trajectory-006.xyz,geometry/TSLRSH-GPU-020.xyz,b7d1c78f1736ef11f637a0efc42fbedf1f260ce0307a96ff7d5ee3474bf6fc8c,MIN01,TORSIONAL_OR_CONSTRAINED_TRAJECTORY,59.99535935515019,-60.00381932955173,0.1930110071343934,BALANCED_MINIMUM_STRATIFIED_MAXIMIN_DESCRIPTOR,True
TSLRSH-GPU-021,analysis/mettl7-phase2/execution-unit-05F/dft-2d/phi180_psi+060.xyz,geometry/TSLRSH-GPU-021.xyz,196c5a55e01826bfcfbbfc538770e5d20cd8339fad171a9cb7f10d64bd90a90b,MIN02,TORSIONAL_OR_CONSTRAINED_TRAJECTORY,179.99253134415844,60.00579245896937,1.0622127730901194,BALANCED_MINIMUM_STRATIFIED_MAXIMIN_DESCRIPTOR,True
TSLRSH-GPU-022,analysis/mettl7-phase2/execution-unit-05O/force-cloud/candidates/candidate-008.xyz,geometry/TSLRSH-GPU-022.xyz,e01254cfc024eb4dbf6d3a59a8db63f3cd70f32d73f41e7b483da93a8c5b54f9,MIN02,FORCE_CLOUD_PERTURBATION,-47.324211203997834,-67.46531004525116,0.10725324442915281,BALANCED_MINIMUM_STRATIFIED_MAXIMIN_DESCRIPTOR,True
TSLRSH-GPU-023,analysis/mettl7-phase2/execution-unit-05O/force-cloud/candidates/candidate-029.xyz,geometry/TSLRSH-GPU-023.xyz,51a20bf271d9cfb9cd62a7e546adafcfb5d3ecec291103f9bc78ce0a070eb9e4,MIN02,FORCE_CLOUD_PERTURBATION,-89.38485314785818,-68.3157698609706,0.16486751368626953,BALANCED_MINIMUM_STRATIFIED_MAXIMIN_DESCRIPTOR,True
TSLRSH-GPU-024,analysis/mettl7-phase2/execution-unit-05O/force-cloud/candidates/candidate-009.xyz,geometry/TSLRSH-GPU-024.xyz,a4e51527b487687e267ccc670776d3ba14bb66755306322b16ce9209cefd9678,MIN02,FORCE_CLOUD_PERTURBATION,-52.74740368218904,-68.49573791062718,0.12519137444242004,BALANCED_MINIMUM_STRATIFIED_MAXIMIN_DESCRIPTOR,True
TSLRSH-GPU-025,analysis/mettl7-phase2/execution-unit-05D/full-molecule-dft/TSL_RSH/point-012.xyz,geometry/TSLRSH-GPU-025.xyz,45a31038c11144b3692aae8fd02cbbc08cb06b0227e70890b9d9813fe4615ea8,MIN02,OTHER_EXISTING_GEOMETRY,-179.99639512761993,-65.5411279823343,0.4382188887035007,BALANCED_MINIMUM_STRATIFIED_MAXIMIN_DESCRIPTOR,True
TSLRSH-GPU-026,analysis/mettl7-phase2/execution-unit-05O/force-cloud/candidates/candidate-014.xyz,geometry/TSLRSH-GPU-026.xyz,07aecd8219eb9a62c89daf17b69cb1c888d583499dc2720c4c7c206009c3913d,MIN02,FORCE_CLOUD_PERTURBATION,-48.98326792707379,-70.47843211738216,0.0848719648614233,BALANCED_MINIMUM_STRATIFIED_MAXIMIN_DESCRIPTOR,True
TSLRSH-GPU-027,analysis/mettl7-phase2/execution-unit-05O/force-cloud/candidates/candidate-013.xyz,geometry/TSLRSH-GPU-027.xyz,66b80b07dacfc44d1fcb1f303f20562427529e586df689e7026be144981a2d1a,MIN02,FORCE_CLOUD_PERTURBATION,-51.836373746408384,-64.40102479670972,0.06778214905252401,BALANCED_MINIMUM_STRATIFIED_MAXIMIN_DESCRIPTOR,True
TSLRSH-GPU-028,analysis/mettl7-phase2/execution-unit-05O/force-cloud/candidates/candidate-012.xyz,geometry/TSLRSH-GPU-028.xyz,4d6d2620f297636f0b22ef0a3ca7e3a43737adbc03a4b9c9b65ebed8bbd979c8,MIN02,FORCE_CLOUD_PERTURBATION,-54.528007543310586,-67.0213325380546,0.05274250330269894,BALANCED_MINIMUM_STRATIFIED_MAXIMIN_DESCRIPTOR,True
TSLRSH-GPU-029,analysis/mettl7-phase2/execution-unit-05H/points/phi300_psi-060/trajectory-002.xyz,geometry/TSLRSH-GPU-029.xyz,df18f502db391fdcd9aedcf20e5eeae94232bd641f7897326d3a647e976e683c,MIN02,TORSIONAL_OR_CONSTRAINED_TRAJECTORY,-60.000680626740525,-60.005812707861274,0.2903881695957036,BALANCED_MINIMUM_STRATIFIED_MAXIMIN_DESCRIPTOR,True
TSLRSH-GPU-030,analysis/mettl7-phase2/execution-unit-05F/dft-2d/phi300_psi-060.xyz,geometry/TSLRSH-GPU-030.xyz,7b6e5e1c82ebe92523d563b4969c548108930c89d7d2bb76115c7e19dd85daca,MIN02,TORSIONAL_OR_CONSTRAINED_TRAJECTORY,-59.9999265860556,-60.00965516254692,0.35479022701739976,BALANCED_MINIMUM_STRATIFIED_MAXIMIN_DESCRIPTOR,True
TSLRSH-GPU-031,analysis/mettl7-phase2/execution-unit-05M/points/M-D02/trajectory-004.xyz,geometry/TSLRSH-GPU-031.xyz,97e0732c3a5f73a98d525a14d497da4268d308a443c1c056c4041bfe3f6ce926,MIN02,TORSIONAL_OR_CONSTRAINED_TRAJECTORY,-60.848529070264625,-19.663076420015347,0.3616136359202427,BALANCED_MINIMUM_STRATIFIED_MAXIMIN_DESCRIPTOR,True
TSLRSH-GPU-032,analysis/mettl7-phase2/execution-unit-05O/force-cloud/candidates/candidate-011.xyz,geometry/TSLRSH-GPU-032.xyz,f55362fd507f2e4f3742dd9323c88d9b60805c5d75b6e268ec910048588dee55,MIN02,FORCE_CLOUD_PERTURBATION,-53.941135684582186,-68.38967616552519,0.03904608860697959,BALANCED_MINIMUM_STRATIFIED_MAXIMIN_DESCRIPTOR,True
TSLRSH-GPU-033,analysis/mettl7-phase2/execution-unit-05O/force-cloud/candidates/candidate-010.xyz,geometry/TSLRSH-GPU-033.xyz,c45c50d6d5504db3e2610cec78acdef8749101abceb969174d11744ed3ed313f,MIN02,FORCE_CLOUD_PERTURBATION,-52.704767883417276,-67.49195611809807,0.035232363114036096,BALANCED_MINIMUM_STRATIFIED_MAXIMIN_DESCRIPTOR,True
TSLRSH-GPU-034,analysis/mettl7-phase2/execution-unit-05O/force-cloud/candidates/candidate-032.xyz,geometry/TSLRSH-GPU-034.xyz,362bd994a06558289d357b411fe817ea2a4a370210860e270abbf2c158be815b,MIN02,FORCE_CLOUD_PERTURBATION,-54.331924871805576,-67.9953261947648,0.06193631728024038,BALANCED_MINIMUM_STRATIFIED_MAXIMIN_DESCRIPTOR,True
TSLRSH-GPU-035,analysis/mettl7-phase2/execution-unit-05O/force-cloud/candidates/candidate-063.xyz,geometry/TSLRSH-GPU-035.xyz,7f1a3d06ed29e378216008b2b91b05028a4dcac2ad48ac5df46c5c39f4ef364f,MIN02,FORCE_CLOUD_PERTURBATION,-44.50699265666234,-63.25765525325992,0.05396009943540382,BALANCED_MINIMUM_STRATIFIED_MAXIMIN_DESCRIPTOR,True
TSLRSH-GPU-036,analysis/mettl7-phase2/execution-unit-05O/force-cloud/candidates/candidate-055.xyz,geometry/TSLRSH-GPU-036.xyz,68e4f5f77ca63bac048311124b8a479c446bf916a31b32d19f78fe599ec12941,MIN02,FORCE_CLOUD_PERTURBATION,-65.90042473424792,-78.2068055577261,0.10122830413452341,BALANCED_MINIMUM_STRATIFIED_MAXIMIN_DESCRIPTOR,True
TSLRSH-GPU-037,analysis/mettl7-phase2/execution-unit-05O/force-cloud/candidates/candidate-064.xyz,geometry/TSLRSH-GPU-037.xyz,84b660e903fc274c39e2a8075c538609beb9c2ca094e2453fcf5de9734924887,MIN02,FORCE_CLOUD_PERTURBATION,-41.9930890222706,-62.91276798371833,0.09486385175045244,BALANCED_MINIMUM_STRATIFIED_MAXIMIN_DESCRIPTOR,True
TSLRSH-GPU-038,analysis/mettl7-phase2/execution-unit-05O/force-cloud/candidates/candidate-054.xyz,geometry/TSLRSH-GPU-038.xyz,37b638d43acaea53656d16c81c1ce93c51648682ed65733e3bc1de30cddbc589,MIN02,FORCE_CLOUD_PERTURBATION,-41.227732075550705,-78.42106686676294,0.08708601843765344,BALANCED_MINIMUM_STRATIFIED_MAXIMIN_DESCRIPTOR,True
TSLRSH-GPU-039,analysis/mettl7-phase2/execution-unit-05D/full-molecule-dft/TSL_RSH/point-016.xyz,geometry/TSLRSH-GPU-039.xyz,daf3f9a6d4a29ce3aa58bbab65273460fc94d075447f26239699c8557f6ae608,MIN02,OTHER_EXISTING_GEOMETRY,-120.00004891225448,-65.1550499098291,0.3243554258183364,BALANCED_MINIMUM_STRATIFIED_MAXIMIN_DESCRIPTOR,True
TSLRSH-GPU-040,analysis/mettl7-phase2/execution-unit-05M/points/M-D02/trajectory-002.xyz,geometry/TSLRSH-GPU-040.xyz,2780e505b546b370668427dd3c9e154ead5ddd1e375ae5e5027675b4f51546af,MIN02,TORSIONAL_OR_CONSTRAINED_TRAJECTORY,-60.11400296405345,-41.64117590131711,0.168062957434168,BALANCED_MINIMUM_STRATIFIED_MAXIMIN_DESCRIPTOR,True
TSLRSH-GPU-041,analysis/mettl7-phase2/execution-unit-05H/points/phi300_psi+060/starting_geometry.xyz,geometry/TSLRSH-GPU-041.xyz,9bec879217a16f5146c7826d36457d054577e7303e341d347e5c51f3fa430c07,MIN04,TORSIONAL_OR_CONSTRAINED_TRAJECTORY,-59.99881620499608,60.00814039774015,0.8575124561588907,BALANCED_MINIMUM_STRATIFIED_MAXIMIN_DESCRIPTOR,True
TSLRSH-GPU-042,analysis/mettl7-phase2/execution-unit-05O/force-cloud/candidates/candidate-016.xyz,geometry/TSLRSH-GPU-042.xyz,a014760728e7aa3ee9f1af7577b3747a21a60d6df273efd99e7d266324da0cbf,MIN04,FORCE_CLOUD_PERTURBATION,64.94690562310518,169.0060082574283,0.11260655986692523,BALANCED_MINIMUM_STRATIFIED_MAXIMIN_DESCRIPTOR,True
TSLRSH-GPU-043,analysis/mettl7-phase2/execution-unit-05M/points/M-V01/trajectory-010.xyz,geometry/TSLRSH-GPU-043.xyz,cbac103875c0a9bf266b10d23447042ba6c684b5183846bb146389e42f841bc3,MIN04,TORSIONAL_OR_CONSTRAINED_TRAJECTORY,179.45845531974544,56.08615234201631,0.6877010675897726,BALANCED_MINIMUM_STRATIFIED_MAXIMIN_DESCRIPTOR,True
TSLRSH-GPU-044,analysis/mettl7-phase2/execution-unit-05O/force-cloud/candidates/candidate-015.xyz,geometry/TSLRSH-GPU-044.xyz,ffcdc5b20530be3c33c23c842ecb6c97e668c86aab0db948581a63f4e4de1d17,MIN04,FORCE_CLOUD_PERTURBATION,51.195800985883466,163.00713428428534,0.09960889663761868,BALANCED_MINIMUM_STRATIFIED_MAXIMIN_DESCRIPTOR,True
TSLRSH-GPU-045,analysis/mettl7-phase2/execution-unit-05D/full-molecule-dft/TSL_RSH/point-000.xyz,geometry/TSLRSH-GPU-045.xyz,db810234cfe572c68795bb6b5bb9f82aaf23660eae39a94ab47de138e7a1a2c7,MIN04,OTHER_EXISTING_GEOMETRY,5.492468058796711e-05,172.6746384651183,0.2673226271628838,BALANCED_MINIMUM_STRATIFIED_MAXIMIN_DESCRIPTOR,True
TSLRSH-GPU-046,analysis/mettl7-phase2/execution-unit-05O/qm-native-minima/MIN03/trajectory-007.xyz,geometry/TSLRSH-GPU-046.xyz,be219a31eb846166df0e03b07d33eeefa034660cbf11498c4aaa3c8ae6caf671,MIN04,MINIMUM_OPTIMIZATION_TRAJECTORY,61.56876317050588,155.6493339811842,0.305746327329105,BALANCED_MINIMUM_STRATIFIED_MAXIMIN_DESCRIPTOR,True
TSLRSH-GPU-047,analysis/mettl7-phase2/execution-unit-05H/points/phi060_psi+060/trajectory-004.xyz,geometry/TSLRSH-GPU-047.xyz,df99353079c126f5fe43b1b689974ff5949d51aa4ba3f15320e46f6a3e8a0b18,MIN04,TORSIONAL_OR_CONSTRAINED_TRAJECTORY,60.75160525991351,61.20341572158945,0.715423195230377,BALANCED_MINIMUM_STRATIFIED_MAXIMIN_DESCRIPTOR,True
TSLRSH-GPU-048,analysis/mettl7-phase2/execution-unit-05F/dft-2d/phi180_psi+180.xyz,geometry/TSLRSH-GPU-048.xyz,9c512b1e188c844aac7162ffc6e120d77913ae71fe8a620ef111867b621c7a1b,MIN04,TORSIONAL_OR_CONSTRAINED_TRAJECTORY,-179.9995816651388,179.99986071510065,0.6412150515009625,BALANCED_MINIMUM_STRATIFIED_MAXIMIN_DESCRIPTOR,True
TSLRSH-GPU-049,analysis/mettl7-phase2/execution-unit-05L/points/phi300_psi060_B_p10/trajectory-018.xyz,geometry/TSLRSH-GPU-049.xyz,bbc230a9fd1083c0833a873522468e7a758e1e396ef708f9158f3fb1e8fab20f,MIN04,TORSIONAL_OR_CONSTRAINED_TRAJECTORY,-60.001688571569964,60.00592763419135,0.7907577322496578,BALANCED_MINIMUM_STRATIFIED_MAXIMIN_DESCRIPTOR,True
TSLRSH-GPU-050,analysis/mettl7-phase2/execution-unit-05B/qm/TSL_RSH/optimized.xyz,geometry/TSLRSH-GPU-050.xyz,27fab449cb9415769b4596e76da29034d2919daedbde2bb49900fa981440c1b5,MIN04,OTHER_EXISTING_GEOMETRY,-142.07468094045217,-179.89231414943177,0.31594520065591786,BALANCED_MINIMUM_STRATIFIED_MAXIMIN_DESCRIPTOR,True
TSLRSH-GPU-051,analysis/mettl7-phase2/execution-unit-05F/dft-2d/phi060_psi+060.xyz,geometry/TSLRSH-GPU-051.xyz,217b89058443e983e78a4d79261da34ca65aeef28f306c2210821f643f35786c,MIN04,TORSIONAL_OR_CONSTRAINED_TRAJECTORY,59.99457220919944,59.992011249770535,0.8219475852668114,BALANCED_MINIMUM_STRATIFIED_MAXIMIN_DESCRIPTOR,True
TSLRSH-GPU-052,analysis/mettl7-phase2/execution-unit-05M/points/M-V02/trajectory-017.xyz,geometry/TSLRSH-GPU-052.xyz,506ade0d2e421bae0544fee91d5a551ae7dedb5805ef2c68a57bb0609d8217a4,MIN04,TORSIONAL_OR_CONSTRAINED_TRAJECTORY,-59.83593576122672,179.38228632278725,0.2694713996912648,BALANCED_MINIMUM_STRATIFIED_MAXIMIN_DESCRIPTOR,True
TSLRSH-GPU-053,analysis/mettl7-phase2/execution-unit-05M/points/M-V01/trajectory-002.xyz,geometry/TSLRSH-GPU-053.xyz,780e63bf0ef3a2ec3e6f5d564b69486434097582725979326d884a63334d7a2a,MIN04,TORSIONAL_OR_CONSTRAINED_TRAJECTORY,115.85567925467231,43.47460297555283,0.6627631927512619,BALANCED_MINIMUM_STRATIFIED_MAXIMIN_DESCRIPTOR,True
TSLRSH-GPU-054,analysis/mettl7-phase2/execution-unit-05M/points/M-V02/trajectory-003.xyz,geometry/TSLRSH-GPU-054.xyz,6970cfb706b4145fe4ad62e4b344184e4d6d839c8104f39eeb24fb58f4fbcd0a,MIN04,TORSIONAL_OR_CONSTRAINED_TRAJECTORY,-58.00313727151479,114.23301972985328,0.6441748597957869,BALANCED_MINIMUM_STRATIFIED_MAXIMIN_DESCRIPTOR,True
TSLRSH-GPU-055,analysis/mettl7-phase2/execution-unit-05B/qm/TSL_RSH/state.xyz,geometry/TSLRSH-GPU-055.xyz,35691d292fcbff13a10b7cae0a414abe4262de9a0f30a7c75e14f7bbb1276118,MIN04,OTHER_EXISTING_GEOMETRY,-153.97460437235807,178.52330219537677,0.33184077105630005,BALANCED_MINIMUM_STRATIFIED_MAXIMIN_DESCRIPTOR,True
TSLRSH-GPU-056,analysis/mettl7-phase2/execution-unit-05O/force-cloud/candidates/candidate-019.xyz,geometry/TSLRSH-GPU-056.xyz,0204302f9c4e675bf01c13c86ca54d58bde086d97ffe8c48d7c504ba2ffaa39e,MIN04,FORCE_CLOUD_PERTURBATION,59.86293099911834,161.98378162559476,0.06545615851751935,BALANCED_MINIMUM_STRATIFIED_MAXIMIN_DESCRIPTOR,True
TSLRSH-GPU-057,analysis/mettl7-phase2/execution-unit-05O/force-cloud/candidates/candidate-020.xyz,geometry/TSLRSH-GPU-057.xyz,9c6411cc6450e780c786c587dd013905b63c3a4ff9ceef6d534046adf0b9e460,MIN04,FORCE_CLOUD_PERTURBATION,54.6951671302353,168.10941949988572,0.08111237346247803,BALANCED_MINIMUM_STRATIFIED_MAXIMIN_DESCRIPTOR,True
TSLRSH-GPU-058,analysis/mettl7-phase2/execution-unit-05O/force-cloud/candidates/candidate-018.xyz,geometry/TSLRSH-GPU-058.xyz,4c6ea1f3c6b2c2dc1d2ff4cec20135049ccb9b07e43f9751c2846339edb437f0,MIN04,FORCE_CLOUD_PERTURBATION,60.06860309205533,171.48098862773824,0.05029125338163413,BALANCED_MINIMUM_STRATIFIED_MAXIMIN_DESCRIPTOR,True
TSLRSH-GPU-059,analysis/mettl7-phase2/execution-unit-05H/points/phi060_psi+060/trajectory-002.xyz,geometry/TSLRSH-GPU-059.xyz,37e37a863525b4c90b520e6e80b14670537f603108bf8b81cdc8675bd66b38ff,MIN04,TORSIONAL_OR_CONSTRAINED_TRAJECTORY,60.091110197322095,60.07366866166301,0.7937884907310628,BALANCED_MINIMUM_STRATIFIED_MAXIMIN_DESCRIPTOR,True
TSLRSH-GPU-060,analysis/mettl7-phase2/execution-unit-05H/points/phi300_psi+060/trajectory-002.xyz,geometry/TSLRSH-GPU-060.xyz,30816ea71aa8c4c14d06d1fb599a8a43afa30c426005317b2c0892ef62adf86e,MIN04,TORSIONAL_OR_CONSTRAINED_TRAJECTORY,-59.99630351468403,60.0290394590892,0.8231685302139552,BALANCED_MINIMUM_STRATIFIED_MAXIMIN_DESCRIPTOR,True
