campaign_id,partition,source_minimum,perturbation_family,geometry_sha256,result_sha256
TSLRSH-GPU-001,SEALED_VALIDATION,MIN01,TORSIONAL_OR_CONSTRAINED_TRAJECTORY,ae84db0c18745dffff385edfa193d388ea972e2937b84048c485a52e8274ff6a,c8de6e112add32b5448db520dc8f70b3356c67e6ffd394b897310331b461fd16
TSLRSH-GPU-002,SEALED_VALIDATION,MIN01,FORCE_CLOUD_PERTURBATION,74ef58a5d34ad4f11f7a0856ca39a35e3bcca8bf3bd8b80786c95401c0c8d56a,edf953707c5c5f6f0d4221e80f8f080d4950f7c27e015b880dfd4cd1d698454d
TSLRSH-GPU-003,SEALED_VALIDATION,MIN01,FORCE_CLOUD_PERTURBATION,2fa2c4f60bd61c8a827266e14a999bfad450e55a329294a7a7d7f86797fd707a,7cdf2fd1a1d4253f6f3d1a53d5892a825d3bcd0de73f625dab68c8bf14b66cca
TSLRSH-GPU-004,DEVELOPMENT,MIN01,TORSIONAL_OR_CONSTRAINED_TRAJECTORY,ae9b4b8a92d591c00f6e80226c717d7f6d4bf906083ed4ba4a6b5e016702b735,18886c337af5adbd453ca55ebfc2bae307ffcdafea41b89b0b09a525a4e79162
TSLRSH-GPU-005,DEVELOPMENT,MIN01,FORCE_CLOUD_PERTURBATION,8ea6d745cde0c091bc20605bb122de6cce66b3b262c513f1caa9b5a67f73efa9,72f27e5580baa3db26bd116d466d99eb98acfc0ba6a176f387c5b3e70affeed8
TSLRSH-GPU-006,DEVELOPMENT,MIN01,FORCE_CLOUD_PERTURBATION,f385ea2cce36f265e3201df0a0f9daf4827912f2c9672a4455ac7142abbab306,04892f9e5d24a17f37c1668deb3274afed8e9ae74c450e44d97f0ba901d9b892
TSLRSH-GPU-007,DEVELOPMENT,MIN01,OTHER_EXISTING_GEOMETRY,aaf521feae08d5c1e579af84d0a757f9c5a1d590358141dce55c70bd070a10a9,595ce94e919d2199b149412339d41c0a30fdbce7eb1a5c8e885adba6f096c2f8
TSLRSH-GPU-008,DEVELOPMENT,MIN01,TORSIONAL_OR_CONSTRAINED_TRAJECTORY,1b4dc6839b1d71a6ee4baae871b72a6fdacdd0fa611ea42de1a2e87287ef554d,2ee067701e12ceb951a2e0642a268e3abf755d4cdb6eb512e40625a0da7683e9
TSLRSH-GPU-009,DEVELOPMENT,MIN01,FORCE_CLOUD_PERTURBATION,bb5c5513f3e7c8db196c8ab3c7542d5b0bc82d053aa122e4932145f2867d8c23,b33d2fc90d15c370af183556e1052e84546999fbdcc3df3ce511cda2fcdf52ae
TSLRSH-GPU-010,DEVELOPMENT,MIN01,FORCE_CLOUD_PERTURBATION,47bdf017b9b283de3a28322690bed718f4190a433c2e6b36cac798c890e0f646,e5442e5bd178f41ac501532d669eb8712fb9b197eddbd1d781186e3fa7a5d6a2
TSLRSH-GPU-011,DEVELOPMENT,MIN01,FORCE_CLOUD_PERTURBATION,673742209761c952e977a3330ec28485beff068734ac5d8f264edef2fae0937a,28083ee02bb8a721a3a34ca22e6f5e289cc16db953e7e7e5117a33e59d510473
TSLRSH-GPU-012,SEALED_VALIDATION,MIN01,FORCE_CLOUD_PERTURBATION,af902dc5c296178e22f56d8a423b587b5a7fa5fa013874cef457395520f30b0d,c10fdc555f8a1cea441f618e56c1ffcb4c11fb9805a4f78d86859b8a9431ca84
TSLRSH-GPU-013,DEVELOPMENT,MIN01,TORSIONAL_OR_CONSTRAINED_TRAJECTORY,ac9039f9aa88fd879e51d007bcdb4133d49abef114c9f025f37bac78e3c88ef3,0b64a1bf32e1d7c67f1097ac3e4ce6c4463bb0232d6b6d58ba6e886b66a6a186
TSLRSH-GPU-014,DEVELOPMENT,MIN01,TORSIONAL_OR_CONSTRAINED_TRAJECTORY,da9619f1b40d25d6ca8f5d23e29fab6021993965bb5a8a3bcf2576680da1290b,7ad5dd74f87906a9e37481491ba35883c3245163783919799139f85b6a0f8039
TSLRSH-GPU-015,DEVELOPMENT,MIN01,FORCE_CLOUD_PERTURBATION,0cdbbb83fc06366a1d50ddf5fd252a4c1fd78dc2fe273632922ad97aaafdbf6c,dfb25da5d41b59b52cfc88d1be962903afdfb6ac5d69e4d8a04ecbecb4599f5b
TSLRSH-GPU-016,DEVELOPMENT,MIN01,FORCE_CLOUD_PERTURBATION,ac26071d14dca9cc78446febfd0a0824b4b7ca9e505d8d9779ddadb78cbbf570,01786c2f76f0cce1eb2ec5ea9458873d5ab568c42052f30262a32637e6b80feb
TSLRSH-GPU-017,DEVELOPMENT,MIN01,FORCE_CLOUD_PERTURBATION,67e0dd67e6e78d7e872ac75578bdc85d62ad5eb3af74497f61a4e341991e33ab,5240be29e93f608545578e91fc7e4e193f4eb0aa7b63a284f47741fec456f496
TSLRSH-GPU-018,DEVELOPMENT,MIN01,TORSIONAL_OR_CONSTRAINED_TRAJECTORY,d5b07126c35e75da9d7968c55cedf146bce7622cafbef3373757114637770708,e70af1b78dd0b4f37788e0c01ffe7b3640998665e79f76e5cf9e573696359ede
TSLRSH-GPU-019,SEALED_VALIDATION,MIN01,TORSIONAL_OR_CONSTRAINED_TRAJECTORY,8b929560cb0ddca33d5b0fc9f36b0da93c7e3178b19c0a43df5a48dbf4d0c6a5,5c8ed6de551af88ec5d40bd04616eabe8c86db927eda58c42caa75809816a869
TSLRSH-GPU-020,DEVELOPMENT,MIN01,TORSIONAL_OR_CONSTRAINED_TRAJECTORY,b7d1c78f1736ef11f637a0efc42fbedf1f260ce0307a96ff7d5ee3474bf6fc8c,5afaf777f71168d546d02fadf90ced71b6fa70724275df97d0e765f7fec4a615
TSLRSH-GPU-021,SEALED_VALIDATION,MIN02,TORSIONAL_OR_CONSTRAINED_TRAJECTORY,196c5a55e01826bfcfbbfc538770e5d20cd8339fad171a9cb7f10d64bd90a90b,5a81f890cba2d6a9abdcd1398cf7298d62de222d788f8e3afd67a8b5d6c7ee3d
TSLRSH-GPU-022,DEVELOPMENT,MIN02,FORCE_CLOUD_PERTURBATION,e01254cfc024eb4dbf6d3a59a8db63f3cd70f32d73f41e7b483da93a8c5b54f9,69eff168d2f7f34cfcec19d34d3d44b833287422fc6aea4bdd59088066e40b06
TSLRSH-GPU-023,SEALED_VALIDATION,MIN02,FORCE_CLOUD_PERTURBATION,51a20bf271d9cfb9cd62a7e546adafcfb5d3ecec291103f9bc78ce0a070eb9e4,defca7d19faca85d39a85d67d7d75276b1769d36a0bd015b07ecd591e5e8900a
TSLRSH-GPU-024,SEALED_VALIDATION,MIN02,FORCE_CLOUD_PERTURBATION,a4e51527b487687e267ccc670776d3ba14bb66755306322b16ce9209cefd9678,8e9b5eddf8d0bb5b125fe001dd14d92f25d7d6b5df36162a9f035da663a562da
TSLRSH-GPU-025,SEALED_VALIDATION,MIN02,OTHER_EXISTING_GEOMETRY,45a31038c11144b3692aae8fd02cbbc08cb06b0227e70890b9d9813fe4615ea8,c74a06def8986e574903ee1745d9520a0ed125f4a1cbac6d477d4fdeda87a2c6
TSLRSH-GPU-026,DEVELOPMENT,MIN02,FORCE_CLOUD_PERTURBATION,07aecd8219eb9a62c89daf17b69cb1c888d583499dc2720c4c7c206009c3913d,88ed53f15b53991c74bbe5e923e31c07394102d3068434f5af7a4f37fa292c38
TSLRSH-GPU-027,DEVELOPMENT,MIN02,FORCE_CLOUD_PERTURBATION,66b80b07dacfc44d1fcb1f303f20562427529e586df689e7026be144981a2d1a,d2c0e58d76b3125f36ddceedec711a5af36fae1de380ad60d161c9b0717132b9
TSLRSH-GPU-028,DEVELOPMENT,MIN02,FORCE_CLOUD_PERTURBATION,4d6d2620f297636f0b22ef0a3ca7e3a43737adbc03a4b9c9b65ebed8bbd979c8,a598fd2efdc6eaa9b9b76529ac762931c79bcfbe25208adf1c5660f877308b00
TSLRSH-GPU-029,DEVELOPMENT,MIN02,TORSIONAL_OR_CONSTRAINED_TRAJECTORY,df18f502db391fdcd9aedcf20e5eeae94232bd641f7897326d3a647e976e683c,60993644cdee12803ce01aa9244185b964d08981860fcaa00292515b96a5935f
TSLRSH-GPU-030,DEVELOPMENT,MIN02,TORSIONAL_OR_CONSTRAINED_TRAJECTORY,7b6e5e1c82ebe92523d563b4969c548108930c89d7d2bb76115c7e19dd85daca,169be2d653f25a1d755e5a5bd3b3ac6824b16e505af840d818c42815e082308f
TSLRSH-GPU-031,DEVELOPMENT,MIN02,TORSIONAL_OR_CONSTRAINED_TRAJECTORY,97e0732c3a5f73a98d525a14d497da4268d308a443c1c056c4041bfe3f6ce926,d00c2b4d249489fd7ca95cf24e2c67791fde7c63e6259374e5eda141e8355a3c
TSLRSH-GPU-032,SEALED_VALIDATION,MIN02,FORCE_CLOUD_PERTURBATION,f55362fd507f2e4f3742dd9323c88d9b60805c5d75b6e268ec910048588dee55,4ef1fdd97a31790d821e2ae14cb7afc522595f26aa0b3faa98460301be4a87c9
TSLRSH-GPU-033,DEVELOPMENT,MIN02,FORCE_CLOUD_PERTURBATION,c45c50d6d5504db3e2610cec78acdef8749101abceb969174d11744ed3ed313f,871aefbbcc610f3108944c2ab499634c11260560da49c03062f6d89b1ffe7f33
TSLRSH-GPU-034,DEVELOPMENT,MIN02,FORCE_CLOUD_PERTURBATION,362bd994a06558289d357b411fe817ea2a4a370210860e270abbf2c158be815b,b14f5aba871222d3b52796c53455623a6e53e5f3ae391aef796adf91f43043db
TSLRSH-GPU-035,DEVELOPMENT,MIN02,FORCE_CLOUD_PERTURBATION,7f1a3d06ed29e378216008b2b91b05028a4dcac2ad48ac5df46c5c39f4ef364f,90f483a0880bf2309e9d792091757b52dc668c4dbfa0b90f1722e5624ca7c067
TSLRSH-GPU-036,DEVELOPMENT,MIN02,FORCE_CLOUD_PERTURBATION,68e4f5f77ca63bac048311124b8a479c446bf916a31b32d19f78fe599ec12941,6cf888479312fc63cd4dbaba3653ea79053925e7bc95f56836058050a739103f
TSLRSH-GPU-037,DEVELOPMENT,MIN02,FORCE_CLOUD_PERTURBATION,84b660e903fc274c39e2a8075c538609beb9c2ca094e2453fcf5de9734924887,387a0c6507fac8058ff135c65a820c514c2e55d66e1a05ca9e50537eb4ed80ac
TSLRSH-GPU-038,DEVELOPMENT,MIN02,FORCE_CLOUD_PERTURBATION,37b638d43acaea53656d16c81c1ce93c51648682ed65733e3bc1de30cddbc589,fe345e7b0d28b0f7535242166fd040956cfe9bde71733787b892c9c76aef34de
TSLRSH-GPU-039,DEVELOPMENT,MIN02,OTHER_EXISTING_GEOMETRY,daf3f9a6d4a29ce3aa58bbab65273460fc94d075447f26239699c8557f6ae608,794fc7c269aec3039699fddeb1ad27248478777ea795fbc8c2fa21119fd22950
TSLRSH-GPU-040,DEVELOPMENT,MIN02,TORSIONAL_OR_CONSTRAINED_TRAJECTORY,2780e505b546b370668427dd3c9e154ead5ddd1e375ae5e5027675b4f51546af,c117cecfe5d9b9eaa92c60918d084160dfd95c99f6e49af248b5aad66c28b871
TSLRSH-GPU-041,DEVELOPMENT,MIN04,TORSIONAL_OR_CONSTRAINED_TRAJECTORY,9bec879217a16f5146c7826d36457d054577e7303e341d347e5c51f3fa430c07,6533397c3ae5cb4a18b1f3ad1ab518f38edd553e8c18b2ae1000c4d75d1b9434
TSLRSH-GPU-042,SEALED_VALIDATION,MIN04,FORCE_CLOUD_PERTURBATION,a014760728e7aa3ee9f1af7577b3747a21a60d6df273efd99e7d266324da0cbf,8f95841112e3d3b0fa2b6de5d5c08622d125d6d5dae82110b9472e06f6490cce
TSLRSH-GPU-043,DEVELOPMENT,MIN04,TORSIONAL_OR_CONSTRAINED_TRAJECTORY,cbac103875c0a9bf266b10d23447042ba6c684b5183846bb146389e42f841bc3,6fa02804f185f8af243e8db37317b7aa3e79f2ce2d2f014576b07ab6a5b5fbe3
TSLRSH-GPU-044,DEVELOPMENT,MIN04,FORCE_CLOUD_PERTURBATION,ffcdc5b20530be3c33c23c842ecb6c97e668c86aab0db948581a63f4e4de1d17,9f7ee162b3cdbc2d7d0ca1b323c18b809cb34ce63d0b86a1bbd8efbf14f68592
TSLRSH-GPU-045,DEVELOPMENT,MIN04,OTHER_EXISTING_GEOMETRY,db810234cfe572c68795bb6b5bb9f82aaf23660eae39a94ab47de138e7a1a2c7,21c627a69fc9fc4f62be6321da1ddac0fbebb2417e4f97896ac0a34a8578de50
TSLRSH-GPU-046,DEVELOPMENT,MIN04,MINIMUM_OPTIMIZATION_TRAJECTORY,be219a31eb846166df0e03b07d33eeefa034660cbf11498c4aaa3c8ae6caf671,2a3fc33108e8d5f5b22cfb882c98c964e2e3039c6848c23fa853255002b7a072
TSLRSH-GPU-047,DEVELOPMENT,MIN04,TORSIONAL_OR_CONSTRAINED_TRAJECTORY,df99353079c126f5fe43b1b689974ff5949d51aa4ba3f15320e46f6a3e8a0b18,2e8f9948366e3c48620e0b38de261134314ec0b0a5c97d182b24daba77a7bc29
TSLRSH-GPU-048,SEALED_VALIDATION,MIN04,TORSIONAL_OR_CONSTRAINED_TRAJECTORY,9c512b1e188c844aac7162ffc6e120d77913ae71fe8a620ef111867b621c7a1b,81f48ea7416adabc9b1ee335f8184887ddf5ac80005cd651792d1e286dab6e96
TSLRSH-GPU-049,DEVELOPMENT,MIN04,TORSIONAL_OR_CONSTRAINED_TRAJECTORY,bbc230a9fd1083c0833a873522468e7a758e1e396ef708f9158f3fb1e8fab20f,4f6f48fe8aef27dbdc2aed04d094714e5e2b2d38b73a749d073290350ceea380
TSLRSH-GPU-050,DEVELOPMENT,MIN04,OTHER_EXISTING_GEOMETRY,27fab449cb9415769b4596e76da29034d2919daedbde2bb49900fa981440c1b5,6c5c44ce29b7166c0d49e4f98347db8853286469d578664e6130dd1fa6a3d3ef
TSLRSH-GPU-051,DEVELOPMENT,MIN04,TORSIONAL_OR_CONSTRAINED_TRAJECTORY,217b89058443e983e78a4d79261da34ca65aeef28f306c2210821f643f35786c,e4e28dd92a611d76c326780bc1ad469f6775020c27d737371ee474a361c2bcb9
TSLRSH-GPU-052,DEVELOPMENT,MIN04,TORSIONAL_OR_CONSTRAINED_TRAJECTORY,506ade0d2e421bae0544fee91d5a551ae7dedb5805ef2c68a57bb0609d8217a4,496c9ce81b5cf691bfed74f134eee34932f30c0a5aa0be2434252060f81985d4
TSLRSH-GPU-053,SEALED_VALIDATION,MIN04,TORSIONAL_OR_CONSTRAINED_TRAJECTORY,780e63bf0ef3a2ec3e6f5d564b69486434097582725979326d884a63334d7a2a,641fd1a6a3157ac78f6ba9900ac269f6526c46f7750f5bfbd1db57ca9e3245c8
TSLRSH-GPU-054,SEALED_VALIDATION,MIN04,TORSIONAL_OR_CONSTRAINED_TRAJECTORY,6970cfb706b4145fe4ad62e4b344184e4d6d839c8104f39eeb24fb58f4fbcd0a,5696f137bafda414f813ad92aa098de5638878cd1fe1e56fe13da1d00b357ef2
TSLRSH-GPU-055,SEALED_VALIDATION,MIN04,OTHER_EXISTING_GEOMETRY,35691d292fcbff13a10b7cae0a414abe4262de9a0f30a7c75e14f7bbb1276118,dd2d70a4dbe8b7269594f7ba72a65a88028efb2a9ae538f66f4e92515c6eb630
TSLRSH-GPU-056,DEVELOPMENT,MIN04,FORCE_CLOUD_PERTURBATION,0204302f9c4e675bf01c13c86ca54d58bde086d97ffe8c48d7c504ba2ffaa39e,b32ebc79e40252ee5e0caf739003918b291b7674ea6dc30691b025748be8ff2e
TSLRSH-GPU-057,DEVELOPMENT,MIN04,FORCE_CLOUD_PERTURBATION,9c6411cc6450e780c786c587dd013905b63c3a4ff9ceef6d534046adf0b9e460,dd2b63d017d62ffad979b9879e3f25e72699534dc5254d6069f0b262a4916db4
TSLRSH-GPU-058,DEVELOPMENT,MIN04,FORCE_CLOUD_PERTURBATION,4c6ea1f3c6b2c2dc1d2ff4cec20135049ccb9b07e43f9751c2846339edb437f0,c1a02ff16f424ce8ca38b1aa46879a77dfa09d189d416559c1944ca3ed1cbcf5
TSLRSH-GPU-059,DEVELOPMENT,MIN04,TORSIONAL_OR_CONSTRAINED_TRAJECTORY,37e37a863525b4c90b520e6e80b14670537f603108bf8b81cdc8675bd66b38ff,85751429ed78fa2643c7a3a76a9836fede69c62921bf2cb18cf675c9033ca68d
TSLRSH-GPU-060,DEVELOPMENT,MIN04,TORSIONAL_OR_CONSTRAINED_TRAJECTORY,30816ea71aa8c4c14d06d1fb599a8a43afa30c426005317b2c0892ef62adf86e,1d543bd56a16319be6bdb008a019dff9a27a8e479cc1c24b253ef46b18be68fe
