evaluation_id,axis,purpose,LOCAL_TYPE_1,LOCAL_TYPE_2,LOCAL_TYPE_7,LOCAL_TYPE_12,LOCAL_TYPE_17,LOCAL_TYPE_30,profile_mse_kcal2_mol2,regularization,objective
EVAL_00001,CHI,optimization,0.13,0.0,0.15,0.155555556,0.25,0.143,0.9379303716281872,0.0,0.9379303716281872
EVAL_00002,CHI,optimization,0.13,0.0,0.15,0.155555556,0.252,0.143,0.9341089291647443,1.600000000000003e-07,0.9341090891647443
EVAL_00003,CHI,optimization,0.13,0.0,0.15,0.155555556,0.25,0.145,0.9361706303884558,1.600000000000003e-07,0.9361707903884559
EVAL_00004,CHI,optimization,0.13,0.0,0.15,0.155555556,2.0,1.0227906198656493,21.345262142593608,0.15346126139214333,21.49872340398575
EVAL_00005,CHI,optimization,0.13,0.0,0.15,0.155555556,1.998,1.0227906198656493,21.302180855363172,0.15318142139214336,21.455362276755316
EVAL_00006,CHI,optimization,0.13,0.0,0.15,0.155555556,2.0,1.0247906198656493,21.366234094084103,0.15360218789132182,21.519836281975426
EVAL_00007,CHI,optimization,0.13,0.0,0.15,0.155555556,0.4014700394652477,0.21914966852125975,0.6862969841693536,0.001149677794860057,0.6874466619642137
EVAL_00008,CHI,optimization,0.13,0.0,0.15,0.155555556,0.4034700394652477,0.21914966852125975,0.6841493898783684,0.0011740730011744968,0.6853234628795428
EVAL_00009,CHI,optimization,0.13,0.0,0.15,0.155555556,0.4014700394652477,0.22114966852125975,0.6852288457739669,0.0011620217418234586,0.6863908675157904
EVAL_00010,CHI,optimization,0.13,0.0,0.15,0.155555556,0.5916346798355339,0.33151897177541545,0.7560686431324312,0.0060901462874235045,0.7621587894198547
EVAL_00011,CHI,optimization,0.13,0.0,0.15,0.155555556,0.5936346798355339,0.33151897177541545,0.7595085470528412,0.006144967836197191,0.7656535148890384
EVAL_00012,CHI,optimization,0.13,0.0,0.15,0.155555556,0.5916346798355339,0.33351897177541545,0.7577664537268115,0.006120469322907571,0.7638869230497191
EVAL_00013,CHI,optimization,0.13,0.0,0.15,0.155555556,0.47625636489615764,0.2633413082774539,0.6326740116705002,0.0026269589253580974,0.6353009705958583
EVAL_00014,CHI,optimization,0.13,0.0,0.15,0.155555556,0.47825636489615764,0.2633413082774539,0.632729313663658,0.0026633199437414825,0.6353926336073995
EVAL_00015,CHI,optimization,0.13,0.0,0.15,0.155555556,0.47625636489615764,0.2653413082774539,0.6326957311139583,0.0026463735346824897,0.6353421046486407
EVAL_00016,CHI,optimization,0.13,0.0,0.15,0.155555556,0.4731674895552505,0.26167165693841493,0.6326965599921893,0.0025554676221960677,0.6352520276143854
EVAL_00017,CHI,optimization,0.13,0.0,0.15,0.155555556,0.4751674895552505,0.26167165693841493,0.6326641330122372,0.0025913344205249077,0.6352554674327622
EVAL_00018,CHI,optimization,0.13,0.0,0.15,0.155555556,0.4731674895552505,0.26367165693841493,0.632674314210541,0.002574615087306214,0.6352489292978472
EVAL_00019,CHI,optimization,0.13,0.0,0.15,0.155555556,0.4730498709400972,0.26178299232640184,0.6327001454012748,0.0025544257676963222,0.6352545711689712
EVAL_00020,CHI,optimization,0.13,0.0,0.15,0.155555556,0.4750498709400972,0.26178299232640184,0.6326641122548208,0.002590273747046738,0.6352543860018676
EVAL_00021,CHI,optimization,0.13,0.0,0.15,0.155555556,0.4730498709400972,0.26378299232640184,0.632678366390414,0.002573591046468547,0.6352519574368826
EVAL_00022,CHI,optimization,0.13,0.0,0.15,0.155555556,0.47316484239538015,0.261674162686088,0.632696490059642,0.002555444150823958,0.635251934210466
EVAL_00023,CHI,optimization,0.13,0.0,0.15,0.155555556,0.47516484239538015,0.261674162686088,0.6326606889099092,0.002591310525607219,0.6352519994355165
EVAL_00024,CHI,optimization,0.13,0.0,0.15,0.155555556,0.47316484239538015,0.263674162686088,0.6326740451365588,0.0025745920168537316,0.6352486371534125
EVAL_00025,CHI,optimization,0.13,0.0,0.15,0.155555556,0.4731488548002506,0.261903191868141,0.6326949498722946,0.002557335217403811,0.6352522850896984
EVAL_00026,CHI,optimization,0.13,0.0,0.15,0.155555556,0.4751488548002506,0.261903191868141,0.6326635589726277,0.0025931990341718516,0.6352567580067996
EVAL_00027,CHI,optimization,0.13,0.0,0.15,0.155555556,0.4731488548002506,0.263903191868141,0.6326737993707288,0.0025765197281027137,0.6352503190988315
EVAL_00028,CHI,optimization,0.13,0.0,0.15,0.155555556,0.4731632226729102,0.26169736590767545,0.6326960054359184,0.0025556355450871804,0.6352516409810056
EVAL_00029,CHI,optimization,0.13,0.0,0.15,0.155555556,0.4751632226729102,0.26169736590767545,0.6326617683142599,0.002591501660714846,0.6352532699749748
EVAL_00030,CHI,optimization,0.13,0.0,0.15,0.155555556,0.4731632226729102,0.26369736590767545,0.6326762277689899,0.0025747871236324084,0.6352510148926224
EVAL_00031,CHI,optimization,0.13,0.0,0.15,0.155555556,0.47316116504592043,0.2617049973857175,0.6326963047377202,0.0025556712795598295,0.63525197601728
EVAL_00032,CHI,optimization,0.13,0.0,0.15,0.155555556,0.47516116504592043,0.2617049973857175,0.6326643390716554,0.002591537065967177,0.6352558761376226
EVAL_00033,CHI,optimization,0.13,0.0,0.15,0.155555556,0.47316116504592043,0.2637049973857175,0.6326763905980995,0.0025748240791415443,0.6352512146772411
EVAL_00034,CHI,optimization,0.13,0.0,0.15,0.155555556,0.4731632185652821,0.2616973811423482,0.6326962688592958,0.00255563561641871,0.6352519044757144
EVAL_00035,CHI,optimization,0.13,0.0,0.15,0.155555556,0.4751632185652821,0.2616973811423482,0.6326615475915242,0.002591501731389155,0.6352530493229133
EVAL_00036,CHI,optimization,0.13,0.0,0.15,0.155555556,0.4731632185652821,0.2636973811423482,0.6326758904135436,0.0025747871974014856,0.635250677610945
EVAL_00037,CHI,optimization,0.13,0.0,0.15,0.155555556,0.47316322061907506,0.26169737352509,0.6326963827122442,0.0025556355807533084,0.6352520182929975
EVAL_00038,CHI,optimization,0.13,0.0,0.15,0.155555556,0.47516322061907507,0.26169737352509,0.6326644503661908,0.0025915016960523602,0.6352559520622432
EVAL_00039,CHI,optimization,0.13,0.0,0.15,0.155555556,0.47316322061907506,0.26369737352509,0.6326756021801218,0.0025747871605173223,0.635250389340639
EVAL_00040,CHI,optimization,0.13,0.0,0.15,0.155555556,0.4731632216459679,0.26169736971647456,0.6326971681486816,0.0025556355629206746,0.6352528037116023
EVAL_00041,CHI,optimization,0.13,0.0,0.15,0.155555556,0.4751632216459679,0.26169736971647456,0.6326641272951651,0.002591501678384029,0.6352556289735491
EVAL_00042,CHI,optimization,0.13,0.0,0.15,0.155555556,0.4731632216459679,0.26369736971647456,0.6326757531332595,0.0025747871420753105,0.6352505402753348
EVAL_00043,CHI,optimization,0.13,0.0,0.15,0.155555556,0.47234872568833,0.2620104100992998,0.6327198552981593,0.0025440973410891096,0.6352639526392484
EVAL_00044,CHI,optimization,0.13,0.0,0.15,0.155555556,0.47434872568833,0.2620104100992998,0.6326695588957446,0.002579833137199242,0.6352493920329438
EVAL_00045,CHI,optimization,0.13,0.0,0.15,0.155555556,0.47234872568833,0.2640104100992998,0.6326887633350032,0.002563299006704998,0.6352520623417083
EVAL_00046,CHI,optimization,0.13,0.0,0.15,0.155555556,0.47315411109367567,0.2617008678567433,0.6326967076261912,0.002555506133118103,0.6352522137593093
EVAL_00047,CHI,optimization,0.13,0.0,0.15,0.155555556,0.47515411109367567,0.2617008678567433,0.6326617934771516,0.002591370790893091,0.6352531642680447
EVAL_00048,CHI,optimization,0.13,0.0,0.15,0.155555556,0.47315411109367567,0.2637008678567433,0.6326766787371068,0.002574658271975182,0.635251337009082
EVAL_00049,CHI,optimization,0.13,0.0,0.15,0.155555556,0.47316320033257786,0.26169737449397035,0.6326973898821958,0.002555635227777605,0.6352530251099734
EVAL_00050,CHI,optimization,0.13,0.0,0.15,0.155555556,0.47516320033257786,0.26169737449397035,0.6326617579003785,0.0025915013398308175,0.6352532592402093
EVAL_00051,CHI,optimization,0.13,0.0,0.15,0.155555556,0.47316320033257786,0.26369737449397035,0.6326765559103525,0.0025747868076966404,0.6352513427180492
EVAL_00052,CHI,optimization,0.13,0.0,0.15,0.155555556,0.47316321150268786,0.2616973702008445,0.6326964463707613,0.002555635386431589,0.6352520817571928
EVAL_00053,CHI,optimization,0.13,0.0,0.15,0.155555556,0.47516321150268787,0.2616973702008445,0.6326616602462681,0.0025915015002720195,0.6352531617465401
EVAL_00054,CHI,optimization,0.13,0.0,0.15,0.155555556,0.47316321150268786,0.2636973702008445,0.6326742984938981,0.0025747869656637242,0.6352490854595618
EVAL_00055,CHI,optimization,0.13,0.0,0.15,0.155555556,0.47316321708769876,0.2616973680542985,0.6326965944997581,0.002555635465757959,0.6352522299655161
EVAL_00056,CHI,optimization,0.13,0.0,0.15,0.155555556,0.47516321708769876,0.2616973680542985,0.6326617194351263,0.0025915015804919904,0.6352532210156183
EVAL_00057,CHI,optimization,0.13,0.0,0.15,0.155555556,0.47316321708769876,0.2636973680542985,0.6326765266381483,0.0025747870446466464,0.635251313682795
EVAL_00058,PHI,optimization,0.13,0.0,0.15,0.155555556,0.25,0.143,14.10955825792238,0.0,14.10955825792238
EVAL_00059,PHI,optimization,0.132,0.0,0.15,0.155555556,0.25,0.143,14.113465457611916,1.600000000000003e-07,14.113465617611917
EVAL_00060,PHI,optimization,0.13,0.0,0.15,0.157555556,0.25,0.143,14.166007729496492,1.600000000000003e-07,14.166007889496493
EVAL_00061,PHI,optimization,0.0,0.0,0.15,0.0,0.25,0.143,10.618885372422335,0.0016439012400987657,10.620529273662434
EVAL_00062,PHI,optimization,0.002,0.0,0.15,0.0,0.25,0.143,10.617321547397925,0.0016232612400987657,10.618944808638023
EVAL_00063,PHI,optimization,0.0,0.0,0.15,0.002,0.25,0.143,10.649682060557005,0.0016191723511387657,10.651301232908144
EVAL_00064,PHI,optimization,0.017105178408186157,0.0,0.15,0.0,0.25,0.143,10.606481301996164,0.0014777108697886648,10.607959012865953
EVAL_00065,PHI,optimization,0.01910517840818616,0.0,0.15,0.0,0.25,0.143,10.605188248062003,0.0014598076983339747,10.606648055760337
EVAL_00066,PHI,optimization,0.017105178408186157,0.0,0.15,0.002,0.25,0.143,10.637858663446266,0.001452981980828665,10.639311645427096
EVAL_00067,PHI,optimization,0.09909240304080512,0.0,0.15,0.0,0.25,0.143,10.567007972825877,0.001006112422090447,10.568014085247967
EVAL_00068,PHI,optimization,0.10109240304080512,0.0,0.15,0.0,0.25,0.143,10.566275490018844,0.0010013272065769758,10.567276817225421
EVAL_00069,PHI,optimization,0.09909240304080512,0.0,0.15,0.002,0.25,0.143,10.600777518382744,0.0009813835331304469,10.601758901915874
EVAL_00070,PHI,optimization,0.20445706965661978,0.0,0.15,0.0,0.25,0.143,10.551596179572064,0.0011896554489727949,10.552785835021037
EVAL_00071,PHI,optimization,0.20645706965661978,0.0,0.15,0.0,0.25,0.143,10.551519880812041,0.001201728580117854,10.552721609392158
EVAL_00072,PHI,optimization,0.20445706965661978,0.0,0.15,0.002,0.25,0.143,10.588134559197618,0.0011649265600127948,10.58929948575763
EVAL_00073,PHI,optimization,0.21451158039580992,0.0,0.15,0.0,0.25,0.143,10.552230123293773,0.0012535895289386633,10.553483712822711
EVAL_00074,PHI,optimization,0.21651158039580992,0.0,0.15,0.0,0.25,0.143,10.552475577014647,0.001267271381801993,10.55374284839645
EVAL_00075,PHI,optimization,0.21451158039580992,0.0,0.15,0.002,0.25,0.143,10.589247251053255,0.0012288606399786634,10.590476111693233
EVAL_00076,PHI,optimization,0.20564818918352637,0.0,0.15,0.0,0.25,0.143,10.551670488035944,0.0011968071811686294,10.552867295217112
EVAL_00077,PHI,optimization,0.20764818918352637,0.0,0.15,0.0,0.25,0.143,10.551827808176355,0.0012090708914379938,10.553036879067793
EVAL_00078,PHI,optimization,0.20564818918352637,0.0,0.15,0.002,0.25,0.143,10.588207161212036,0.0011720782922086295,10.589379239504245
EVAL_00079,PHI,optimization,0.2045676918487315,0.0,0.15,0.0,0.25,0.143,10.55163611526083,0.0011903148668046606,10.552826430127634
EVAL_00080,PHI,optimization,0.2065676918487315,0.0,0.15,0.0,0.25,0.143,10.551528082417905,0.001202405697500458,10.552730488115404
EVAL_00081,PHI,optimization,0.2045676918487315,0.0,0.15,0.002,0.25,0.143,10.588109236996246,0.0011655859778446607,10.58927482297409
EVAL_00082,PHI,optimization,0.20445855386823025,0.0,0.15,0.0,0.25,0.143,10.55163115697314,0.0011896642898646915,10.552820821263005
EVAL_00083,PHI,optimization,0.20645855386823025,0.0,0.15,0.0,0.25,0.143,10.551502993230924,0.0012017376584836084,10.552704730889408
EVAL_00084,PHI,optimization,0.20445855386823025,0.0,0.15,0.002,0.25,0.143,10.588079118121831,0.0011649354009046914,10.589244053522735
EVAL_00085,PHI,optimization,0.20445706999310787,0.0,0.15,0.0,0.25,0.143,10.551596179572064,0.0011896554509771083,10.552785835023041
EVAL_00086,PHI,optimization,0.20645706999310787,0.0,0.15,0.0,0.25,0.143,10.551519880812041,0.0012017285821760055,10.552721609394217
EVAL_00087,PHI,optimization,0.20445706999310787,0.0,0.15,0.002,0.25,0.143,10.588134559197618,0.0011649265620171081,10.589299485759636
EVAL_00088,PHI,optimization,0.20445706971356578,0.0,0.15,0.0,0.25,0.143,10.551596179572064,0.0011896554493119973,10.552785835021377
EVAL_00089,PHI,optimization,0.20645706971356578,0.0,0.15,0.0,0.25,0.143,10.551519880812041,0.001201728580466168,10.552721609392506
EVAL_00090,PHI,optimization,0.20445706971356578,0.0,0.15,0.002,0.25,0.143,10.588134559197618,0.0011649265603519974,10.58929948575797
EVAL_00091,PHI,optimization,0.2044570696662561,0.0,0.15,0.0,0.25,0.143,10.551596179572064,0.0011896554490301943,10.552785835021094
EVAL_00092,PHI,optimization,0.2064570696662561,0.0,0.15,0.0,0.25,0.143,10.551519880812041,0.0012017285801767953,10.552721609392218
EVAL_00093,PHI,optimization,0.2044570696662561,0.0,0.15,0.002,0.25,0.143,10.588134559197618,0.0011649265600701942,10.589299485757689
EVAL_00094,PHI,optimization,0.2044570696582536,0.0,0.15,0.0,0.25,0.143,10.551596179572064,0.0011896554489825267,10.552785835021046
EVAL_00095,PHI,optimization,0.2064570696582536,0.0,0.15,0.0,0.25,0.143,10.551519880812041,0.0012017285801278475,10.552721609392169
EVAL_00096,PHI,optimization,0.2044570696582536,0.0,0.15,0.002,0.25,0.143,10.588134559197618,0.0011649265600225268,10.58929948575764
EVAL_00097,PHI,optimization,0.23656988409621965,0.0,0.15,0.0,0.25,0.143,10.555376220935457,0.0014221868479500333,10.556798407783408
EVAL_00098,PHI,optimization,0.23856988409621965,0.0,0.15,0.0,0.25,0.143,10.555828663954351,0.0014393980294054285,10.557268061983757
EVAL_00099,PHI,optimization,0.23656988409621965,0.0,0.15,0.002,0.25,0.143,10.59299219022493,0.0013974579589900332,10.59438964818392
EVAL_00100,PHI,optimization,0.2070542304302089,0.0,0.15,0.0,0.25,0.143,10.55177600535239,0.0012053954171864349,10.552981400769577
EVAL_00101,PHI,optimization,0.2090542304302089,0.0,0.15,0.0,0.25,0.143,10.551664858195984,0.0012178840940552684,10.55288274229004
EVAL_00102,PHI,optimization,0.2070542304302089,0.0,0.15,0.002,0.25,0.143,10.58834292228633,0.0011806665282264347,10.589523588814556
EVAL_00103,PHI,optimization,0.20458653430024878,0.0,0.15,0.0,0.25,0.143,10.551577266092817,0.0011904272840556531,10.552767693376873
EVAL_00104,PHI,optimization,0.2065865343002488,0.0,0.15,0.0,0.25,0.143,10.551557069750853,0.001202521129543693,10.552759590880397
EVAL_00105,PHI,optimization,0.20458653430024878,0.0,0.15,0.002,0.25,0.143,10.588100716962364,0.0011656983950956532,10.589266415357459
EVAL_00106,PHI,optimization,0.2046052251105068,0.0,0.15,0.0,0.25,0.143,10.551574774808115,0.0011905388246503414,10.552765313632765
EVAL_00107,PHI,optimization,0.2066052251105068,0.0,0.15,0.0,0.25,0.143,10.551528772176539,0.0012026356606680225,10.552731407837207
EVAL_00108,PHI,optimization,0.2046052251105068,0.0,0.15,0.002,0.25,0.143,10.588124675455285,0.0011658099356903413,10.589290485390976
EVAL_00109,PHI,optimization,0.20467998835153886,0.0,0.15,0.0,0.25,0.143,10.551628517751462,0.0011909852665062048,10.552819503017968
EVAL_00110,PHI,optimization,0.20667998835153886,0.0,0.15,0.0,0.25,0.143,10.551549850149264,0.001203094064642451,10.552752944213907
EVAL_00111,PHI,optimization,0.20467998835153886,0.0,0.15,0.002,0.25,0.143,10.588147455439147,0.0011662563775462049,10.589313711816693
EVAL_00112,PHI,optimization,0.20460550890032791,0.0,0.15,0.0,0.25,0.143,10.551649776852447,0.001190540518429842,10.552840317370876
EVAL_00113,PHI,optimization,0.20660550890032792,0.0,0.15,0.0,0.25,0.143,10.551547235212885,0.0012026373998538945,10.552749872612738
EVAL_00114,PHI,optimization,0.20460550890032791,0.0,0.15,0.002,0.25,0.143,10.588130247890168,0.0011658116294698418,10.589296059519638
EVAL_00115,PHI,optimization,0.20468343887996202,0.0,0.15,0.0,0.25,0.143,10.551596422731018,0.0011910058818162465,10.552787428612834
EVAL_00116,PHI,optimization,0.20668343887996202,0.0,0.15,0.0,0.25,0.143,10.551749501995033,0.0012031152320370405,10.55295261722707
EVAL_00117,PHI,optimization,0.20468343887996202,0.0,0.15,0.002,0.25,0.143,10.588156253032496,0.0011662769928562466,10.589322530025353
EVAL_00118,PHI,optimization,0.20460606269354412,0.0,0.15,0.0,0.25,0.143,10.551572634164565,0.001190543823724087,10.55276317798829
EVAL_00119,PHI,optimization,0.20660606269354412,0.0,0.15,0.0,0.25,0.143,10.551537461219596,0.0012026407937550541,10.55274010201335
EVAL_00120,PHI,optimization,0.20460606269354412,0.0,0.15,0.002,0.25,0.143,10.588139983331844,0.001165814934764087,10.589305798266608
EVAL_00121,PHI,optimization,0.20460784739948323,0.0,0.15,0.0,0.25,0.143,10.55159686696232,0.0011905544758421486,10.552787421438163
EVAL_00122,PHI,optimization,0.20660784739948324,0.0,0.15,0.0,0.25,0.143,10.551504192047542,0.001202651731426066,10.552706843778967
EVAL_00123,PHI,optimization,0.20460784739948323,0.0,0.15,0.002,0.25,0.143,10.588130819616973,0.0011658255868821487,10.589296645203856
EVAL_00124,PHI,optimization,0.20460606294583664,0.0,0.15,0.0,0.25,0.143,10.551572634164565,0.0011905438252298912,10.552763177989794
EVAL_00125,PHI,optimization,0.20660606294583664,0.0,0.15,0.0,0.25,0.143,10.551537461219596,0.001202640795301225,10.552740102014896
EVAL_00126,PHI,optimization,0.20460606294583664,0.0,0.15,0.002,0.25,0.143,10.588139983331844,0.001165814936269891,10.589305798268114
EVAL_00127,PHI,optimization,0.20460606272524923,0.0,0.15,0.0,0.25,0.143,10.551572634164565,0.0011905438239133185,10.552763177988478
EVAL_00128,PHI,optimization,0.20660606272524923,0.0,0.15,0.0,0.25,0.143,10.551537461219596,0.0012026407939493583,10.552740102013544
EVAL_00129,PHI,optimization,0.20460606272524923,0.0,0.15,0.002,0.25,0.143,10.588139983331844,0.0011658149349533184,10.589305798266798
EVAL_00130,PHI,optimization,0.204606062697535,0.0,0.15,0.0,0.25,0.143,10.551572634164565,0.0011905438237479065,10.552763177988313
EVAL_00131,PHI,optimization,0.206606062697535,0.0,0.15,0.0,0.25,0.143,10.551537461219596,0.0012026407937795122,10.552740102013376
EVAL_00132,PHI,optimization,0.204606062697535,0.0,0.15,0.002,0.25,0.143,10.588139983331844,0.0011658149347879066,10.589305798266633
EVAL_00133,PHI,optimization,0.2046060626960029,0.0,0.15,0.0,0.25,0.143,10.551572634164565,0.0011905438237387622,10.552763177988304
EVAL_00134,PHI,optimization,0.2066060626960029,0.0,0.15,0.0,0.25,0.143,10.551537461219596,0.0012026407937701226,10.552740102013365
EVAL_00135,PHI,optimization,0.2046060626960029,0.0,0.15,0.002,0.25,0.143,10.588139983331844,0.0011658149347787623,10.589305798266624
EVAL_00136,PHI,optimization,0.2046060626946286,0.0,0.15,0.0,0.25,0.143,10.551572634164565,0.0011905438237305597,10.552763177988295
EVAL_00137,PHI,optimization,0.2066060626946286,0.0,0.15,0.0,0.25,0.143,10.551537461219596,0.0012026407937617003,10.552740102013358
EVAL_00138,PHI,optimization,0.2046060626946286,0.0,0.15,0.002,0.25,0.143,10.588139983331844,0.0011658149347705598,10.589305798266615
EVAL_00139,PHI,optimization,0.21614405016298957,0.0,0.15,0.0,0.25,0.143,10.55243121061989,0.0012647331352381122,10.553695943755129
EVAL_00140,PHI,optimization,0.21814405016298957,0.0,0.15,0.0,0.25,0.143,10.552608474004424,0.0012786761832641906,10.55388715018769
EVAL_00141,PHI,optimization,0.21614405016298957,0.0,0.15,0.002,0.25,0.143,10.589408016029191,0.0012400042462781121,10.590648020275468
EVAL_00142,PHI,optimization,0.20500715230513206,0.0,0.15,0.0,0.25,0.143,10.551638074817046,0.0011929441559757768,10.552831018973022
EVAL_00143,PHI,optimization,0.20700715230513206,0.0,0.15,0.0,0.25,0.143,10.551747993447702,0.0012051053003445979,10.552953098748047
EVAL_00144,PHI,optimization,0.20500715230513206,0.0,0.15,0.002,0.25,0.143,10.588111676812225,0.0011682152670157767,10.589279892079242
EVAL_00145,PHI,optimization,0.2046110486902447,0.0,0.15,0.0,0.25,0.143,10.551609042486133,0.0011905735835650883,10.552799616069699
EVAL_00146,PHI,optimization,0.20661104869024471,0.0,0.15,0.0,0.25,0.143,10.551524996799722,0.0012026713513555276,10.552727668151078
EVAL_00147,PHI,optimization,0.2046110486902447,0.0,0.15,0.002,0.25,0.143,10.58811566318115,0.0011658446946050882,10.589281507875754
EVAL_00148,PHI,optimization,0.20460606400234393,0.0,0.15,0.0,0.25,0.143,10.551600036388256,0.0011905438315356392,10.552790580219792
EVAL_00149,PHI,optimization,0.20660606400234394,0.0,0.15,0.0,0.25,0.143,10.551553259444677,0.0012026408017760143,10.552755900246453
EVAL_00150,PHI,optimization,0.20460606400234393,0.0,0.15,0.002,0.25,0.143,10.58812658607977,0.0011658149425756393,10.589292401022346
EVAL_00151,PHI,optimization,0.20460606334794415,0.0,0.15,0.0,0.25,0.143,10.551572634164565,0.0011905438276298638,10.552763177992194
EVAL_00152,PHI,optimization,0.20660606334794415,0.0,0.15,0.0,0.25,0.143,10.551537461219596,0.0012026407977655349,10.552740102017362
EVAL_00153,PHI,optimization,0.20460606334794415,0.0,0.15,0.002,0.25,0.143,10.588139983331844,0.0011658149386698639,10.589305798270514
EVAL_00154,PHI,optimization,0.20460606277576598,0.0,0.15,0.0,0.25,0.143,10.551572634164565,0.0011905438242148269,10.55276317798878
EVAL_00155,PHI,optimization,0.206606062775766,0.0,0.15,0.0,0.25,0.143,10.551537461219596,0.0012026407942589497,10.552740102013855
EVAL_00156,PHI,optimization,0.20460606277576598,0.0,0.15,0.002,0.25,0.143,10.588139983331844,0.001165814935254827,10.5893057982671
EVAL_00157,PHI,optimization,0.20460606270387752,0.0,0.15,0.0,0.25,0.143,10.551572634164565,0.0011905438237857617,10.55276317798835
EVAL_00158,PHI,optimization,0.20660606270387752,0.0,0.15,0.0,0.25,0.143,10.551537461219596,0.0012026407938183822,10.552740102013415
EVAL_00159,PHI,optimization,0.20460606270387752,0.0,0.15,0.002,0.25,0.143,10.588139983331844,0.0011658149348257618,10.58930579826667
EVAL_00160,PSI,optimization,0.13,0.0,0.15,0.155555556,0.25,0.143,18.501624567423814,0.0,18.501624567423814
EVAL_00161,PSI,optimization,0.13,0.002,0.15,0.155555556,0.25,0.143,18.490836344302398,1.6e-07,18.490836504302397
EVAL_00162,PSI,optimization,0.13,0.0,0.152,0.155555556,0.25,0.143,18.508368553333025,1.600000000000003e-07,18.508368713333024
EVAL_00163,PSI,optimization,0.13,2.0,0.0,0.155555556,0.25,0.143,12.928326715732405,0.16090000000000002,13.089226715732405
EVAL_00164,PSI,optimization,0.13,1.998,0.0,0.155555556,0.25,0.143,12.926492201402064,0.16058016000000003,13.087072361402065
EVAL_00165,PSI,optimization,0.13,2.0,0.002,0.155555556,0.25,0.143,12.945660800164344,0.16087616000000002,13.106536960164345
EVAL_00166,PSI,optimization,0.13,1.6903567628602236,0.0,0.155555556,0.25,0.143,12.794309301372323,0.11519223942989176,12.909501540802214
EVAL_00167,PSI,optimization,0.13,1.6923567628602236,0.0,0.155555556,0.25,0.143,12.794619102225129,0.11546285651194942,12.910081958737079
EVAL_00168,PSI,optimization,0.13,1.6903567628602236,0.002,0.155555556,0.25,0.143,12.810054139635128,0.11516839942989178,12.92522253906502
EVAL_00169,PSI,optimization,0.13,1.576170135775325,0.0,0.155555556,0.25,0.143,12.792767079075455,0.10027249187640026,12.893039570951855
EVAL_00170,PSI,optimization,0.13,1.578170135775325,0.0,0.155555556,0.25,0.143,12.79254792830179,0.10052483909812432,12.893072767399914
EVAL_00171,PSI,optimization,0.13,1.576170135775325,0.002,0.155555556,0.25,0.143,12.80781875803379,0.10024865187640027,12.90806740991019
EVAL_00172,PSI,optimization,0.13,1.569243159173445,0.0,0.155555556,0.25,0.143,12.793482747326047,0.09940096370450617,12.892883711030553
EVAL_00173,PSI,optimization,0.13,1.571243159173445,0.0,0.155555556,0.25,0.143,12.793264032098392,0.09965220260997391,12.892916234708366
EVAL_00174,PSI,optimization,0.13,1.569243159173445,0.002,0.155555556,0.25,0.143,12.808566859034503,0.09937712370450617,12.90794398273901
EVAL_00175,PSI,optimization,0.13,1.541535252765925,0.0,0.155555556,0.25,0.143,12.797245897163068,0.09595323742080418,12.893199134583872
EVAL_00176,PSI,optimization,0.13,1.543535252765925,0.0,0.155555556,0.25,0.143,12.796823971578243,0.09620004306124673,12.89302401463949
EVAL_00177,PSI,optimization,0.13,1.541535252765925,0.002,0.155555556,0.25,0.143,12.812170460496244,0.09592939742080418,12.908099857917048
EVAL_00178,PSI,optimization,0.13,1.558142661037324,0.0,0.155555556,0.25,0.143,12.79465063955476,0.09801234208577891,12.89266298164054
EVAL_00179,PSI,optimization,0.13,1.560142661037324,0.0,0.155555556,0.25,0.143,12.794397333604175,0.09826180491154489,12.89265913851572
EVAL_00180,PSI,optimization,0.13,1.558142661037324,0.002,0.155555556,0.25,0.143,12.809685555323778,0.09798850208577893,12.907674057409556
EVAL_00181,PSI,optimization,0.13,1.5600131425307424,0.0,0.155555556,0.25,0.143,12.794405894645049,0.0982456401947457,12.892651534839795
EVAL_00182,PSI,optimization,0.13,1.5620131425307424,0.0,0.155555556,0.25,0.143,12.79415177374284,0.09849540229755062,12.892647176040391
EVAL_00183,PSI,optimization,0.13,1.5600131425307424,0.002,0.155555556,0.25,0.143,12.809372575947306,0.0982218001947457,12.907594376142052
EVAL_00184,PSI,optimization,0.13,1.5674950685044164,0.0,0.155555556,0.25,0.143,12.793671264894511,0.0991816315914266,12.892852896485937
EVAL_00185,PSI,optimization,0.13,1.5694950685044164,0.0,0.155555556,0.25,0.143,12.79344852039661,0.09943259080238731,12.892881111198998
EVAL_00186,PSI,optimization,0.13,1.5674950685044164,0.002,0.155555556,0.25,0.143,12.808602604601893,0.09915779159142661,12.90776039619332
EVAL_00187,PSI,optimization,0.13,1.5601295939398407,0.0,0.155555556,0.25,0.143,12.794395248372998,0.0982601739954757,12.892655422368474
EVAL_00188,PSI,optimization,0.13,1.5621295939398407,0.0,0.155555556,0.25,0.143,12.794075297157747,0.09850995473050606,12.892585251888253
EVAL_00189,PSI,optimization,0.13,1.5601295939398407,0.002,0.155555556,0.25,0.143,12.80942351741507,0.0982363339954757,12.907659851410545
EVAL_00190,PSI,optimization,0.13,1.5621346072243467,0.0,0.155555556,0.25,0.143,12.794079000192934,0.09851058124351855,12.892589581436452
EVAL_00191,PSI,optimization,0.13,1.5641346072243467,0.0,0.155555556,0.25,0.143,12.793891947228,0.09876068278067444,12.892652630008675
EVAL_00192,PSI,optimization,0.13,1.5621346072243467,0.002,0.155555556,0.25,0.143,12.809179835810642,0.09848674124351856,12.907666577054162
EVAL_00193,PSI,optimization,0.13,1.560150323951963,0.0,0.155555556,0.25,0.143,12.794395617683326,0.09826276133309661,12.892658379016423
EVAL_00194,PSI,optimization,0.13,1.562150323951963,0.0,0.155555556,0.25,0.143,12.79413102597672,0.09851254538492893,12.89264357136165
EVAL_00195,PSI,optimization,0.13,1.560150323951963,0.002,0.155555556,0.25,0.143,12.809357932504989,0.09823892133309661,12.907596853838086
EVAL_00196,PSI,optimization,0.13,1.5619179357337627,0.0,0.155555556,0.25,0.143,12.79409892277081,0.09848350551867274,12.892582428289483
EVAL_00197,PSI,optimization,0.13,1.5639179357337627,0.0,0.155555556,0.25,0.143,12.79385077766124,0.09873357238839015,12.89258435004963
EVAL_00198,PSI,optimization,0.13,1.5619179357337627,0.002,0.155555556,0.25,0.143,12.809203042554211,0.09845966551867275,12.907662708072884
EVAL_00199,PSI,optimization,0.13,1.5613350966354484,0.0,0.155555556,0.25,0.143,12.794234912544843,0.09841069135942501,12.892645603904267
EVAL_00200,PSI,optimization,0.13,1.5633350966354485,0.0,0.155555556,0.25,0.143,12.793920135583278,0.09866066497488668,12.892580800558164
EVAL_00201,PSI,optimization,0.13,1.5613350966354484,0.002,0.155555556,0.25,0.143,12.80927362920225,0.09838685135942501,12.907660480561676
EVAL_00202,PSI,optimization,0.13,1.5619169840798237,0.0,0.155555556,0.25,0.143,12.794100845451075,0.09848338660628049,12.892584232057356
EVAL_00203,PSI,optimization,0.13,1.5639169840798237,0.0,0.155555556,0.25,0.143,12.793850206913675,0.09873345332373326,12.892583660237408
EVAL_00204,PSI,optimization,0.13,1.5619169840798237,0.002,0.155555556,0.25,0.143,12.809208264671637,0.09845954660628049,12.907667811277918
EVAL_00205,PSI,optimization,0.13,1.5619179356533717,0.0,0.155555556,0.25,0.143,12.79409892277081,0.0984835055086276,12.892582428279438
EVAL_00206,PSI,optimization,0.13,1.5639179356533717,0.0,0.155555556,0.25,0.143,12.79385077766124,0.09873357237833215,12.892584350039572
EVAL_00207,PSI,optimization,0.13,1.5619179356533717,0.002,0.155555556,0.25,0.143,12.809203042554211,0.09845966550862761,12.907662708062839
EVAL_00208,PSI,optimization,0.13,1.5619174598665457,0.0,0.155555556,0.25,0.143,12.79416486538186,0.09848344605743851,12.892648311439299
EVAL_00209,PSI,optimization,0.13,1.5639174598665457,0.0,0.155555556,0.25,0.143,12.793850148301205,0.09873351285101714,12.892583661152223
EVAL_00210,PSI,optimization,0.13,1.5619174598665457,0.002,0.155555556,0.25,0.143,12.809202774568027,0.09845960605743852,12.907662380625466
EVAL_00211,PSI,optimization,0.13,1.5619179356521675,0.0,0.155555556,0.25,0.143,12.79409892277081,0.09848350550847715,12.892582428279288
EVAL_00212,PSI,optimization,0.13,1.5639179356521675,0.0,0.155555556,0.25,0.143,12.79385077766124,0.09873357237818148,12.89258435003942
EVAL_00213,PSI,optimization,0.13,1.5619179356521675,0.002,0.155555556,0.25,0.143,12.809203042554211,0.09845966550847715,12.907662708062688
EVAL_00214,PSI,optimization,0.13,1.5619176977593567,0.0,0.155555556,0.25,0.143,12.79416380173907,0.09848347578295558,12.892647277522027
EVAL_00215,PSI,optimization,0.13,1.5639176977593567,0.0,0.155555556,0.25,0.143,12.793849685006961,0.09873354261459706,12.892583227621559
EVAL_00216,PSI,optimization,0.13,1.5619176977593567,0.002,0.155555556,0.25,0.143,12.809203378348396,0.09845963578295558,12.907663014131352
EVAL_00217,PSI,optimization,0.13,1.5609570556604764,0.0,0.155555556,0.25,0.143,12.79429432158707,0.09836347718464895,12.892657798771719
EVAL_00218,PSI,optimization,0.13,1.5629570556604764,0.0,0.155555556,0.25,0.143,12.794038010127421,0.09861339031355462,12.892651400440975
EVAL_00219,PSI,optimization,0.13,1.5609570556604764,0.002,0.155555556,0.25,0.143,12.809328138873083,0.09833963718464896,12.907667776057732
EVAL_00220,PSI,optimization,0.13,1.5619159591951917,0.0,0.155555556,0.25,0.143,12.79416181894959,0.09848325854354542,12.892645077493135
EVAL_00221,PSI,optimization,0.13,1.5639159591951917,0.0,0.155555556,0.25,0.143,12.793850277075496,0.09873332509701666,12.892583602172513
EVAL_00222,PSI,optimization,0.13,1.5619159591951917,0.002,0.155555556,0.25,0.143,12.809203277635588,0.09845941854354542,12.907662696179132
EVAL_00223,PSI,optimization,0.13,1.5619179357237731,0.0,0.155555556,0.25,0.143,12.79409892277081,0.0984835055174245,12.892582428288236
EVAL_00224,PSI,optimization,0.13,1.5639179357237731,0.0,0.155555556,0.25,0.143,12.79385077766124,0.09873357238714031,12.892584350048379
EVAL_00225,PSI,optimization,0.13,1.5619179357237731,0.002,0.155555556,0.25,0.143,12.809203042554211,0.09845966551742452,12.907662708071635
EVAL_00226,PSI,optimization,0.13,1.5619169474594758,0.0,0.155555556,0.25,0.143,12.79416638255023,0.09848338203044507,12.892649764580675
EVAL_00227,PSI,optimization,0.13,1.5639169474594758,0.0,0.155555556,0.25,0.143,12.793850205257302,0.0987334487420386,12.89258365399934
EVAL_00228,PSI,optimization,0.13,1.5619169474594758,0.002,0.155555556,0.25,0.143,12.809203149185963,0.09845954203044509,12.907662691216409
EVAL_00229,PSI,optimization,0.13,1.561917935721437,0.0,0.155555556,0.25,0.143,12.79409892277081,0.0984835055171326,12.892582428287943
EVAL_00230,PSI,optimization,0.13,1.563917935721437,0.0,0.155555556,0.25,0.143,12.79385077766124,0.09873357238684802,12.892584350048088
EVAL_00231,PSI,optimization,0.13,1.561917935721437,0.002,0.155555556,0.25,0.143,12.809203042554211,0.0984596655171326,12.907662708071344
EVAL_00232,PSI,optimization,0.13,1.561917935719114,0.0,0.155555556,0.25,0.143,12.79409892277081,0.09848350551684233,12.892582428287653
EVAL_00233,PSI,optimization,0.13,1.563917935719114,0.0,0.155555556,0.25,0.143,12.79385077766124,0.09873357238655739,12.892584350047796
EVAL_00234,PSI,optimization,0.13,1.561917935719114,0.002,0.155555556,0.25,0.143,12.809203042554211,0.09845966551684233,12.907662708071053
EVAL_00235,PSI,optimization,0.13,1.561917441589295,0.0,0.155555556,0.25,0.143,12.794166786936907,0.09848344377363394,12.892650230710542
EVAL_00236,PSI,optimization,0.13,1.563917441589295,0.0,0.155555556,0.25,0.143,12.793850157104723,0.09873351056428822,12.892583667669012
EVAL_00237,PSI,optimization,0.13,1.561917441589295,0.002,0.155555556,0.25,0.143,12.809207880031774,0.09845960377363394,12.907667483805408
EVAL_00238,PSI,optimization,0.13,1.5619179357179604,0.0,0.155555556,0.25,0.143,12.79409892277081,0.0984835055166982,12.89258242828751
EVAL_00239,PSI,optimization,0.13,1.5639179357179605,0.0,0.155555556,0.25,0.143,12.79385077766124,0.09873357238641306,12.892584350047652
EVAL_00240,PSI,optimization,0.13,1.5619179357179604,0.002,0.155555556,0.25,0.143,12.809203042554211,0.0984596655166982,12.907662708070909
EVAL_00241,PHI,postfit_sensitivity_plus,0.21460606269354413,0.0,0.15,0.0,0.25,0.143,10.55224573225928,0.0012542286738789225,10.55349996093316
EVAL_00242,PHI,postfit_sensitivity_minus,0.1946060626935441,0.0,0.15,0.0,0.25,0.143,10.551178059839618,0.0011348589735692518,10.552312918813188
EVAL_00243,PSI,postfit_sensitivity_plus,0.13,1.5719179357337627,0.0,0.155555556,0.25,0.143,12.793194991925443,0.09973703986725975,12.892932031792702
EVAL_00244,PSI,postfit_sensitivity_minus,0.13,1.5519179357337627,0.0,0.155555556,0.25,0.143,12.795651174045572,0.09723797117008573,12.892889145215658
EVAL_00245,PSI,postfit_sensitivity_plus,0.13,1.5619179357337627,0.01,0.155555556,0.25,0.143,12.869649852079915,0.09836750551867274,12.968017357598587
EVAL_00246,PHI,postfit_sensitivity_plus,0.20460606269354412,0.0,0.15,0.01,0.25,0.143,10.737797143176037,0.001070099378924087,10.73886724255496
EVAL_00247,CHI,postfit_sensitivity_plus,0.13,0.0,0.15,0.155555556,0.48316322267291023,0.26169736590767545,0.6329789735970016,0.002738166123225509,0.6357171397202271
EVAL_00248,CHI,postfit_sensitivity_minus,0.13,0.0,0.15,0.155555556,0.4631632226729102,0.26169736590767545,0.6335507137212835,0.002381104966948852,0.6359318186882323
EVAL_00249,CHI,postfit_sensitivity_plus,0.13,0.0,0.15,0.155555556,0.4731632226729102,0.27169736590767546,0.6327005679899239,0.0026545934378133206,0.6353551614277372
EVAL_00250,CHI,postfit_sensitivity_minus,0.13,0.0,0.15,0.155555556,0.4731632226729102,0.25169736590767544,0.6329766833588136,0.00246467765236104,0.6354413610111747
