evidence_hash,field_name,historical_value,recovered_value,classification,source_path,source_sha256,locator,extraction_method,rationale,discrepancy
"001db5c802265a474735a952dd067ad94b32f8766089786acbda372d3b079242","PROTOCOL_SOFTWARE_MISSING","unknown","PySCF","RECOVERABLE_FROM_RAW_ARTIFACT","analysis/mettl7-phase2/execution-unit-05O/vdw-probe-validation-aws/point-13/13_MIN01_O3_ACCEPTOR_1.7/dimer.log","54033c0bfaab1af13ceaf0ee525a6e08f781b5484e9913cbeb29e27a81f39869","line 82","PySCF version banner parser","Recovered from an artifact directly linked to the canonical calculation record",""
"001db5c802265a474735a952dd067ad94b32f8766089786acbda372d3b079242","SOFTWARE_VERSION_MISSING","unknown","2.14.0","RECOVERABLE_FROM_RAW_ARTIFACT","analysis/mettl7-phase2/execution-unit-05O/vdw-probe-validation-aws/point-13/13_MIN01_O3_ACCEPTOR_1.7/dimer.log","54033c0bfaab1af13ceaf0ee525a6e08f781b5484e9913cbeb29e27a81f39869","line 82","PySCF version banner parser","Recovered from an artifact directly linked to the canonical calculation record",""
"028173eca4d906a81be2978833fb5d4d3a5e417e21dbdd36a0004c1d6b162af2","SOFTWARE_VERSION_MISSING","unknown","","GENUINELY_UNRECOVERABLE","","","","","No exact version exists in a calculation-linked environment artifact or raw output",""
"080e915242aa3b0841dfdc2f35abafdc3c41c7923a3bf5625751459efe0afd42","PROTOCOL_SOFTWARE_MISSING","unknown","","GENUINELY_UNRECOVERABLE","","","","","No software identity exists in a calculation-linked input, environment file, or raw output",""
"080e915242aa3b0841dfdc2f35abafdc3c41c7923a3bf5625751459efe0afd42","SOFTWARE_VERSION_MISSING","unknown","","GENUINELY_UNRECOVERABLE","","","","","No exact version exists in a calculation-linked environment artifact or raw output",""
"087ecccbbb0849a11068508cf83d079c68c0218565fae4ac38a43749022e1eb8","PROTOCOL_SOFTWARE_MISSING","unknown","PySCF","RECOVERABLE_FROM_SOFTWARE_ENVIRONMENT_ARTIFACT","analysis/mettl7-phase2/execution-unit-05M/points/M-D03/input.json","d71c0300f7eb06a83249f3922c65082ea05521ecc3851df5ad9f1e9697afbb46","/software/pyscf","structured calculation environment metadata","Recovered from an artifact directly linked to the canonical calculation record",""
"087ecccbbb0849a11068508cf83d079c68c0218565fae4ac38a43749022e1eb8","SOFTWARE_VERSION_MISSING","unknown","2.14.0","RECOVERABLE_FROM_SOFTWARE_ENVIRONMENT_ARTIFACT","analysis/mettl7-phase2/execution-unit-05M/points/M-D03/input.json","d71c0300f7eb06a83249f3922c65082ea05521ecc3851df5ad9f1e9697afbb46","/software/pyscf","structured calculation environment metadata","Recovered from an artifact directly linked to the canonical calculation record",""
"0c40031a8d34a9b7d5e0f5074e77b79ab6c92b37b24967e2a9f8e25e325f25bc","SOFTWARE_VERSION_MISSING","unknown","2.14.0","RECOVERABLE_FROM_SOFTWARE_ENVIRONMENT_ARTIFACT","analysis/mettl7-phase2/execution-unit-05O/replacement-sh-donor-qm-local/MIN04_SH_DONOR_2.8A/result.json","9995a5f397ff46bc483001bb1c461d334a5abb601ca8c27bda2842c3242c236f","/software/pyscf","structured calculation environment metadata","Recovered from an artifact directly linked to the canonical calculation record",""
"0db72c6b2a00a8568a5f3ee7cd928d7c474967c7306124fb053c21818fd1c3d5","PROTOCOL_SOFTWARE_MISSING","unknown","PySCF","RECOVERABLE_FROM_RAW_ARTIFACT","analysis/mettl7-phase2/execution-unit-05O/vdw-probe-validation-aws/point-17/17_MIN02_SH_DONOR_2.1/dimer.log","6b8c3270fdb7b90952ff0b8957a8e316a33073f92b6d90fecd2b0074976bf36b","line 82","PySCF version banner parser","Recovered from an artifact directly linked to the canonical calculation record",""
"0db72c6b2a00a8568a5f3ee7cd928d7c474967c7306124fb053c21818fd1c3d5","SOFTWARE_VERSION_MISSING","unknown","2.14.0","RECOVERABLE_FROM_RAW_ARTIFACT","analysis/mettl7-phase2/execution-unit-05O/vdw-probe-validation-aws/point-17/17_MIN02_SH_DONOR_2.1/dimer.log","6b8c3270fdb7b90952ff0b8957a8e316a33073f92b6d90fecd2b0074976bf36b","line 82","PySCF version banner parser","Recovered from an artifact directly linked to the canonical calculation record",""
"0efd71c47f7b1a31c63275d296abf9eab6d2930eb4afc178d995a6d7c2d4f870","SOFTWARE_VERSION_MISSING","unknown","2.14.0","RECOVERABLE_FROM_SOFTWARE_ENVIRONMENT_ARTIFACT","analysis/mettl7-phase2/execution-unit-05O/replacement-sh-donor-qm-local/MIN02_SH_DONOR_2.8A/result.json","a9e8f7742cf0e59700c7e9bfc3e6d90f600c0873abf6d83621445a28d5595929","/software/pyscf","structured calculation environment metadata","Recovered from an artifact directly linked to the canonical calculation record",""
"107bde46ba95f32e270520855287e59cb755f141879208890c4346d23994400c","PROTOCOL_SOFTWARE_MISSING","unknown","PySCF","RECOVERABLE_FROM_SOFTWARE_ENVIRONMENT_ARTIFACT","analysis/mettl7-phase2/execution-unit-05L/points/phi300_psi060_A_m10/input.json","9630e4aa925e428d97148c7dabf3278a2510656b8fc249cd06a600e716f79716","/software/pyscf","structured calculation environment metadata","Recovered from an artifact directly linked to the canonical calculation record",""
"107bde46ba95f32e270520855287e59cb755f141879208890c4346d23994400c","SOFTWARE_VERSION_MISSING","unknown","2.14.0","RECOVERABLE_FROM_SOFTWARE_ENVIRONMENT_ARTIFACT","analysis/mettl7-phase2/execution-unit-05L/points/phi300_psi060_A_m10/input.json","9630e4aa925e428d97148c7dabf3278a2510656b8fc249cd06a600e716f79716","/software/pyscf","structured calculation environment metadata","Recovered from an artifact directly linked to the canonical calculation record",""
"13d535a5335748eb9f138783fe67cf85cb60a865a6b5a82198626ddd86f76af2","PROTOCOL_SOFTWARE_MISSING","unknown","PySCF","RECOVERABLE_FROM_SOFTWARE_ENVIRONMENT_ARTIFACT","analysis/mettl7-phase2/execution-unit-05L/points/phi060_psi060_A_m10/input.json","9c5db8114a3fd4d979c6da288dc4d9abf320d95f3c847daa3dc177038243c09b","/software/pyscf","structured calculation environment metadata","Recovered from an artifact directly linked to the canonical calculation record",""
"13d535a5335748eb9f138783fe67cf85cb60a865a6b5a82198626ddd86f76af2","SOFTWARE_VERSION_MISSING","unknown","2.14.0","RECOVERABLE_FROM_SOFTWARE_ENVIRONMENT_ARTIFACT","analysis/mettl7-phase2/execution-unit-05L/points/phi060_psi060_A_m10/input.json","9c5db8114a3fd4d979c6da288dc4d9abf320d95f3c847daa3dc177038243c09b","/software/pyscf","structured calculation environment metadata","Recovered from an artifact directly linked to the canonical calculation record",""
"1434c7d26d2139e569af62a1714aa158e27a18de9bec0194b33eb29026b0f3ff","SOFTWARE_VERSION_MISSING","unknown","","GENUINELY_UNRECOVERABLE","","","","","No exact version exists in a calculation-linked environment artifact or raw output",""
"15b87ed4a4fef7dded9a82da3278a10e0e7cb94561ee53035c7607a86ad89da7","PROTOCOL_SOFTWARE_MISSING","unknown","PySCF","RECOVERABLE_FROM_RAW_ARTIFACT","analysis/mettl7-phase2/execution-unit-05O/vdw-probe-validation-aws/point-12/12_MIN01_O2_ACCEPTOR_2.8/dimer.log","97b07db6094000d08d59b5a8a22712630eeb75cc9ecd21e01aa126f9aa9d8522","line 82","PySCF version banner parser","Recovered from an artifact directly linked to the canonical calculation record",""
"15b87ed4a4fef7dded9a82da3278a10e0e7cb94561ee53035c7607a86ad89da7","SOFTWARE_VERSION_MISSING","unknown","2.14.0","RECOVERABLE_FROM_RAW_ARTIFACT","analysis/mettl7-phase2/execution-unit-05O/vdw-probe-validation-aws/point-12/12_MIN01_O2_ACCEPTOR_2.8/dimer.log","97b07db6094000d08d59b5a8a22712630eeb75cc9ecd21e01aa126f9aa9d8522","line 82","PySCF version banner parser","Recovered from an artifact directly linked to the canonical calculation record",""
"1950a3a989c1ef2a1286310942937591455819f4a4de88ff6b737f88b1b1ce76","PROTOCOL_SOFTWARE_MISSING","unknown","PySCF","RECOVERABLE_FROM_RAW_ARTIFACT","analysis/mettl7-phase2/execution-unit-05O/vdw-probe-validation-aws/point-8/08_MIN01_O1_ACCEPTOR_2.1/dimer.log","916452c62230e64d74dba70fefbc155785752daf4770c2cdf0fc1d4ecbeb5bde","line 82","PySCF version banner parser","Recovered from an artifact directly linked to the canonical calculation record",""
"1950a3a989c1ef2a1286310942937591455819f4a4de88ff6b737f88b1b1ce76","SOFTWARE_VERSION_MISSING","unknown","2.14.0","RECOVERABLE_FROM_RAW_ARTIFACT","analysis/mettl7-phase2/execution-unit-05O/vdw-probe-validation-aws/point-8/08_MIN01_O1_ACCEPTOR_2.1/dimer.log","916452c62230e64d74dba70fefbc155785752daf4770c2cdf0fc1d4ecbeb5bde","line 82","PySCF version banner parser","Recovered from an artifact directly linked to the canonical calculation record",""
"1b3128a3bd6fb32773747168387231e254f3f41603c6b92e3e1c54916cc121eb","PROTOCOL_SOFTWARE_MISSING","unknown","","GENUINELY_UNRECOVERABLE","","","","","No software identity exists in a calculation-linked input, environment file, or raw output",""
"1b3128a3bd6fb32773747168387231e254f3f41603c6b92e3e1c54916cc121eb","SOFTWARE_VERSION_MISSING","unknown","","GENUINELY_UNRECOVERABLE","","","","","No exact version exists in a calculation-linked environment artifact or raw output",""
"1d7038cd117b7a4a0de57a2ac703480568af61aeb4bf4e56dec6ac6488ec742d","PROTOCOL_SOFTWARE_MISSING","unknown","","GENUINELY_UNRECOVERABLE","","","","","No software identity exists in a calculation-linked input, environment file, or raw output",""
"1d7038cd117b7a4a0de57a2ac703480568af61aeb4bf4e56dec6ac6488ec742d","SOFTWARE_VERSION_MISSING","unknown","","GENUINELY_UNRECOVERABLE","","","","","No exact version exists in a calculation-linked environment artifact or raw output",""
"21cd9fb89b6f695f0123ae3dfc9e2e3649d4cd22e4cd8aa88afc4925bdf68fe6","PROTOCOL_SOFTWARE_MISSING","unknown","PySCF","RECOVERABLE_FROM_RAW_ARTIFACT","analysis/mettl7-phase2/execution-unit-05O/vdw-probe-validation-aws/point-19/19_MIN04_SH_DONOR_2.1/dimer.log","a612c9f8c0bd1dc092531b8518d3e8dde644e261468a009d53b7caa734e9f468","line 82","PySCF version banner parser","Recovered from an artifact directly linked to the canonical calculation record",""
"21cd9fb89b6f695f0123ae3dfc9e2e3649d4cd22e4cd8aa88afc4925bdf68fe6","SOFTWARE_VERSION_MISSING","unknown","2.14.0","RECOVERABLE_FROM_RAW_ARTIFACT","analysis/mettl7-phase2/execution-unit-05O/vdw-probe-validation-aws/point-19/19_MIN04_SH_DONOR_2.1/dimer.log","a612c9f8c0bd1dc092531b8518d3e8dde644e261468a009d53b7caa734e9f468","line 82","PySCF version banner parser","Recovered from an artifact directly linked to the canonical calculation record",""
"245093211ab5b43645c70fc78923051bbfeae836fca0add2825c61d8b874135e","PROTOCOL_SOFTWARE_MISSING","unknown","PySCF","RECOVERABLE_FROM_RAW_ARTIFACT","analysis/mettl7-phase2/execution-unit-05O/vdw-probe-validation-aws/point-6/06_MIN01_SH_DONOR_2.8/dimer.log","67ec8d169035a49ad5729cc6a92767ca6170b12c7871b40a403e8b4734b87b98","line 82","PySCF version banner parser","Recovered from an artifact directly linked to the canonical calculation record",""
"245093211ab5b43645c70fc78923051bbfeae836fca0add2825c61d8b874135e","SOFTWARE_VERSION_MISSING","unknown","2.14.0","RECOVERABLE_FROM_RAW_ARTIFACT","analysis/mettl7-phase2/execution-unit-05O/vdw-probe-validation-aws/point-6/06_MIN01_SH_DONOR_2.8/dimer.log","67ec8d169035a49ad5729cc6a92767ca6170b12c7871b40a403e8b4734b87b98","line 82","PySCF version banner parser","Recovered from an artifact directly linked to the canonical calculation record",""
"2a75cfc51d0fe155ccfddbeb43c19c26c237ce819f1dc23c4c837a966caa7e9b","PROTOCOL_SOFTWARE_MISSING","unknown","PySCF","RECOVERABLE_FROM_SOFTWARE_ENVIRONMENT_ARTIFACT","analysis/mettl7-phase2/execution-unit-05H/points/phi060_psi-060/input.json","e886a5486f9b1433149538f9b264cacec4d71a45a0f7c43395f3e3745bf1cc38","/software/pyscf","structured calculation environment metadata","Recovered from an artifact directly linked to the canonical calculation record",""
"2a75cfc51d0fe155ccfddbeb43c19c26c237ce819f1dc23c4c837a966caa7e9b","SOFTWARE_VERSION_MISSING","unknown","2.14.0","RECOVERABLE_FROM_SOFTWARE_ENVIRONMENT_ARTIFACT","analysis/mettl7-phase2/execution-unit-05H/points/phi060_psi-060/input.json","e886a5486f9b1433149538f9b264cacec4d71a45a0f7c43395f3e3745bf1cc38","/software/pyscf","structured calculation environment metadata","Recovered from an artifact directly linked to the canonical calculation record",""
"2b4c2048bf31f4d06149b54320aeca1695bcd68b67ac48ef6cd5c4b04fb28a2a","SOFTWARE_VERSION_MISSING","unknown","","GENUINELY_UNRECOVERABLE","","","","","No exact version exists in a calculation-linked environment artifact or raw output",""
"3615ca89fa5725d115df9caa2b26b59ac90c4a33f7fbc17a2acfe80c86428348","SOFTWARE_VERSION_MISSING","unknown","","GENUINELY_UNRECOVERABLE","","","","","No exact version exists in a calculation-linked environment artifact or raw output",""
"371dc78d7b0112c9a7b807eba4e61b72058c987cf47352feb9b3b73847e3321a","PROTOCOL_SOFTWARE_MISSING","unknown","PySCF","RECOVERABLE_FROM_RAW_ARTIFACT","analysis/mettl7-phase2/execution-unit-05O/vdw-probe-validation-aws/point-10/10_MIN01_O2_ACCEPTOR_1.7/dimer.log","865d3ebabf83e6d593ef8c33f87fc031041eb091e0da8d4b27442d32dd46bc66","line 82","PySCF version banner parser","Recovered from an artifact directly linked to the canonical calculation record",""
"371dc78d7b0112c9a7b807eba4e61b72058c987cf47352feb9b3b73847e3321a","SOFTWARE_VERSION_MISSING","unknown","2.14.0","RECOVERABLE_FROM_RAW_ARTIFACT","analysis/mettl7-phase2/execution-unit-05O/vdw-probe-validation-aws/point-10/10_MIN01_O2_ACCEPTOR_1.7/dimer.log","865d3ebabf83e6d593ef8c33f87fc031041eb091e0da8d4b27442d32dd46bc66","line 82","PySCF version banner parser","Recovered from an artifact directly linked to the canonical calculation record",""
"37c198a850a0f2555771a4ef5600b78ed523d48452c624f291406cc9109b8cb0","SOFTWARE_VERSION_MISSING","unknown","","GENUINELY_UNRECOVERABLE","","","","","No exact version exists in a calculation-linked environment artifact or raw output",""
"3afbafeb9c0a7a9fcf42a6e63dac9645561d7b9cd764c2392d1e8ff3f29a62f6","PROTOCOL_SOFTWARE_MISSING","unknown","PySCF","RECOVERABLE_FROM_SOFTWARE_ENVIRONMENT_ARTIFACT","analysis/mettl7-phase2/execution-unit-05L/points/phi060_psi060_B_p10/input.json","2c332355a44e5c0734b50922adbc17fe22d4aba9339c26cb95396dab30ba12ae","/software/pyscf","structured calculation environment metadata","Recovered from an artifact directly linked to the canonical calculation record",""
"3afbafeb9c0a7a9fcf42a6e63dac9645561d7b9cd764c2392d1e8ff3f29a62f6","SOFTWARE_VERSION_MISSING","unknown","2.14.0","RECOVERABLE_FROM_SOFTWARE_ENVIRONMENT_ARTIFACT","analysis/mettl7-phase2/execution-unit-05L/points/phi060_psi060_B_p10/input.json","2c332355a44e5c0734b50922adbc17fe22d4aba9339c26cb95396dab30ba12ae","/software/pyscf","structured calculation environment metadata","Recovered from an artifact directly linked to the canonical calculation record",""
"3b5e8858b3d0ff399ea80197010d69c897b42e5680a185b313edf083048d7e68","PROTOCOL_SOFTWARE_MISSING","unknown","PySCF","RECOVERABLE_FROM_RAW_ARTIFACT","analysis/mettl7-phase2/execution-unit-05O/replacement-sh-donor-qm-local/MIN02_SH_DONOR_1.7A/dimer.log","eaf0e87723ca92452f0255fb127c91953cbcd907a9637b2e103ca7593bee7d87","line 99","PySCF version banner parser","Recovered from an artifact directly linked to the canonical calculation record",""
"3b5e8858b3d0ff399ea80197010d69c897b42e5680a185b313edf083048d7e68","SOFTWARE_VERSION_MISSING","unknown","2.14.0","RECOVERABLE_FROM_RAW_ARTIFACT","analysis/mettl7-phase2/execution-unit-05O/replacement-sh-donor-qm-local/MIN02_SH_DONOR_1.7A/dimer.log","eaf0e87723ca92452f0255fb127c91953cbcd907a9637b2e103ca7593bee7d87","line 99","PySCF version banner parser","Recovered from an artifact directly linked to the canonical calculation record",""
"3c61ce3603e56d4e107f0cac0285ec64e0c75594a2f2c66c826204df370ba045","SOFTWARE_VERSION_MISSING","unknown","","GENUINELY_UNRECOVERABLE","","","","","No exact version exists in a calculation-linked environment artifact or raw output",""
"3dd9ebb65f743bfb32f32e9c56d402d587d94764f6a5554eb69dbaa1dbfb3d5b","SOFTWARE_VERSION_MISSING","unknown","","GENUINELY_UNRECOVERABLE","","","","","No exact version exists in a calculation-linked environment artifact or raw output",""
"3eaf235e8b1912090382b130abfd4c20674c55a24c8d84e3d9228a7c28c5d455","PROTOCOL_SOFTWARE_MISSING","unknown","PySCF","RECOVERABLE_FROM_SOFTWARE_ENVIRONMENT_ARTIFACT","analysis/mettl7-phase2/execution-unit-05H/points/phi060_psi+060/input.json","3bfcab7cedf3d77cdb49465ec70bddc9ec37a7c97e643be8bc167fe8d714bad1","/software/pyscf","structured calculation environment metadata","Recovered from an artifact directly linked to the canonical calculation record",""
"3eaf235e8b1912090382b130abfd4c20674c55a24c8d84e3d9228a7c28c5d455","SOFTWARE_VERSION_MISSING","unknown","2.14.0","RECOVERABLE_FROM_SOFTWARE_ENVIRONMENT_ARTIFACT","analysis/mettl7-phase2/execution-unit-05H/points/phi060_psi+060/input.json","3bfcab7cedf3d77cdb49465ec70bddc9ec37a7c97e643be8bc167fe8d714bad1","/software/pyscf","structured calculation environment metadata","Recovered from an artifact directly linked to the canonical calculation record",""
"43ab87866d15b0d2adeaef86241785e31c34050350b9d0a8a7bfd380145fe524","PROTOCOL_SOFTWARE_MISSING","unknown","PySCF","RECOVERABLE_FROM_RAW_ARTIFACT","analysis/mettl7-phase2/execution-unit-05O/vdw-probe-validation-aws/point-9/09_MIN01_O1_ACCEPTOR_2.8/dimer.log","6a8ed311f142881f6589395b85044aa9d54e0eec5ea07144fb928f697148a0de","line 82","PySCF version banner parser","Recovered from an artifact directly linked to the canonical calculation record",""
"43ab87866d15b0d2adeaef86241785e31c34050350b9d0a8a7bfd380145fe524","SOFTWARE_VERSION_MISSING","unknown","2.14.0","RECOVERABLE_FROM_RAW_ARTIFACT","analysis/mettl7-phase2/execution-unit-05O/vdw-probe-validation-aws/point-9/09_MIN01_O1_ACCEPTOR_2.8/dimer.log","6a8ed311f142881f6589395b85044aa9d54e0eec5ea07144fb928f697148a0de","line 82","PySCF version banner parser","Recovered from an artifact directly linked to the canonical calculation record",""
"4420ddb8ba0dc5a575702498b888736f89a5ec83ecf2c4b476527987db36fdea","PROTOCOL_SOFTWARE_MISSING","unknown","PySCF","RECOVERABLE_FROM_SOFTWARE_ENVIRONMENT_ARTIFACT","analysis/mettl7-phase2/execution-unit-05L/points/phi300_psi060_B_p10/input.json","977fbca1c2783671e7336974f4bb7609a68e899fbce7d5afd64070c25c5eb315","/software/pyscf","structured calculation environment metadata","Recovered from an artifact directly linked to the canonical calculation record",""
"4420ddb8ba0dc5a575702498b888736f89a5ec83ecf2c4b476527987db36fdea","SOFTWARE_VERSION_MISSING","unknown","2.14.0","RECOVERABLE_FROM_SOFTWARE_ENVIRONMENT_ARTIFACT","analysis/mettl7-phase2/execution-unit-05L/points/phi300_psi060_B_p10/input.json","977fbca1c2783671e7336974f4bb7609a68e899fbce7d5afd64070c25c5eb315","/software/pyscf","structured calculation environment metadata","Recovered from an artifact directly linked to the canonical calculation record",""
"4602c4f8500d24d587aadb189233de720bd0eddae0f8b8efac049fe38ccef04a","PROTOCOL_SOFTWARE_MISSING","unknown","PySCF","RECOVERABLE_FROM_RAW_ARTIFACT","analysis/mettl7-phase2/execution-unit-05O/vdw-probe-validation-aws/point-5/05_MIN01_SH_DONOR_2.1/dimer.log","d1695f3f1570bfff3529ed57ce06462cdcfbe6da62d268bee7d6c5de1e055d35","line 82","PySCF version banner parser","Recovered from an artifact directly linked to the canonical calculation record",""
"4602c4f8500d24d587aadb189233de720bd0eddae0f8b8efac049fe38ccef04a","SOFTWARE_VERSION_MISSING","unknown","2.14.0","RECOVERABLE_FROM_RAW_ARTIFACT","analysis/mettl7-phase2/execution-unit-05O/vdw-probe-validation-aws/point-5/05_MIN01_SH_DONOR_2.1/dimer.log","d1695f3f1570bfff3529ed57ce06462cdcfbe6da62d268bee7d6c5de1e055d35","line 82","PySCF version banner parser","Recovered from an artifact directly linked to the canonical calculation record",""
"47b3bd31e207aa37c67490dc58f98c441b134edd7f9a9482936a78fa32235733","PROTOCOL_SOFTWARE_MISSING","unknown","PySCF","RECOVERABLE_FROM_RAW_ARTIFACT","analysis/mettl7-phase2/execution-unit-05O/vdw-probe-validation-aws/point-18/18_MIN04_S_ACCEPTOR_2.8/dimer.log","98448c4473cd89a613b6fc13c9aa71c6bb7ad4cd8284a49787ced5f52cfdfc55","line 82","PySCF version banner parser","Recovered from an artifact directly linked to the canonical calculation record",""
"47b3bd31e207aa37c67490dc58f98c441b134edd7f9a9482936a78fa32235733","SOFTWARE_VERSION_MISSING","unknown","2.14.0","RECOVERABLE_FROM_RAW_ARTIFACT","analysis/mettl7-phase2/execution-unit-05O/vdw-probe-validation-aws/point-18/18_MIN04_S_ACCEPTOR_2.8/dimer.log","98448c4473cd89a613b6fc13c9aa71c6bb7ad4cd8284a49787ced5f52cfdfc55","line 82","PySCF version banner parser","Recovered from an artifact directly linked to the canonical calculation record",""
"4b1552ec12e207e596175b1a804087cc554b21c4dfcc77f2e7115505a207f748","PROTOCOL_SOFTWARE_MISSING","unknown","PySCF","RECOVERABLE_FROM_RAW_ARTIFACT","analysis/mettl7-phase2/execution-unit-05O/vdw-probe-validation-aws/point-6/06_MIN01_SH_DONOR_2.8/dimer.log","67ec8d169035a49ad5729cc6a92767ca6170b12c7871b40a403e8b4734b87b98","line 82","PySCF version banner parser","Recovered from an artifact directly linked to the canonical calculation record",""
"4b1552ec12e207e596175b1a804087cc554b21c4dfcc77f2e7115505a207f748","SOFTWARE_VERSION_MISSING","unknown","2.14.0","RECOVERABLE_FROM_RAW_ARTIFACT","analysis/mettl7-phase2/execution-unit-05O/vdw-probe-validation-aws/point-6/06_MIN01_SH_DONOR_2.8/dimer.log","67ec8d169035a49ad5729cc6a92767ca6170b12c7871b40a403e8b4734b87b98","line 82","PySCF version banner parser","Recovered from an artifact directly linked to the canonical calculation record",""
"4b9fc80d43465b468fa057a84b9197300b3b020f0e3262e92ab141784040153b","PROTOCOL_SOFTWARE_MISSING","unknown","PySCF","RECOVERABLE_FROM_SOFTWARE_ENVIRONMENT_ARTIFACT","analysis/mettl7-phase2/execution-unit-05M/points/M-D02/input.json","cb8c4e55bdfc81634b395a2bb5a06341d335e3dc7fe4e99fd1acd4c04368402d","/software/pyscf","structured calculation environment metadata","Recovered from an artifact directly linked to the canonical calculation record",""
"4b9fc80d43465b468fa057a84b9197300b3b020f0e3262e92ab141784040153b","SOFTWARE_VERSION_MISSING","unknown","2.14.0","RECOVERABLE_FROM_SOFTWARE_ENVIRONMENT_ARTIFACT","analysis/mettl7-phase2/execution-unit-05M/points/M-D02/input.json","cb8c4e55bdfc81634b395a2bb5a06341d335e3dc7fe4e99fd1acd4c04368402d","/software/pyscf","structured calculation environment metadata","Recovered from an artifact directly linked to the canonical calculation record",""
"4e24875bfce6309754d14ea57ab1ff1513cde180c093a71f16db8e7ae8f0c2dd","PROTOCOL_SOFTWARE_MISSING","unknown","PySCF","RECOVERABLE_FROM_RAW_ARTIFACT","analysis/mettl7-phase2/execution-unit-05O/vdw-probe-validation-aws/point-15/15_MIN01_O3_ACCEPTOR_2.8/dimer.log","3dd77cf643cb6d94f8eb8b0ec32af4ade6be23c8000ee61d6824c4e018ab6cae","line 82","PySCF version banner parser","Recovered from an artifact directly linked to the canonical calculation record",""
"4e24875bfce6309754d14ea57ab1ff1513cde180c093a71f16db8e7ae8f0c2dd","SOFTWARE_VERSION_MISSING","unknown","2.14.0","RECOVERABLE_FROM_RAW_ARTIFACT","analysis/mettl7-phase2/execution-unit-05O/vdw-probe-validation-aws/point-15/15_MIN01_O3_ACCEPTOR_2.8/dimer.log","3dd77cf643cb6d94f8eb8b0ec32af4ade6be23c8000ee61d6824c4e018ab6cae","line 82","PySCF version banner parser","Recovered from an artifact directly linked to the canonical calculation record",""
"4e53de2e039541e075443c8f6b02d1ed386972a2f8fa3d7525e1cfae7ebf4ed7","PROTOCOL_SOFTWARE_MISSING","unknown","","GENUINELY_UNRECOVERABLE","","","","","No software identity exists in a calculation-linked input, environment file, or raw output",""
"4e53de2e039541e075443c8f6b02d1ed386972a2f8fa3d7525e1cfae7ebf4ed7","SOFTWARE_VERSION_MISSING","unknown","","GENUINELY_UNRECOVERABLE","","","","","No exact version exists in a calculation-linked environment artifact or raw output",""
"5092fce6b796d8c2f9f88ac4acf4e9ddde076da5179e1a59cfd534e614270038","PROTOCOL_SOFTWARE_MISSING","unknown","","GENUINELY_UNRECOVERABLE","","","","","No software identity exists in a calculation-linked input, environment file, or raw output",""
"5092fce6b796d8c2f9f88ac4acf4e9ddde076da5179e1a59cfd534e614270038","SOFTWARE_VERSION_MISSING","unknown","","GENUINELY_UNRECOVERABLE","","","","","No exact version exists in a calculation-linked environment artifact or raw output",""
"57fc0a5e891eb1a4e4c257ddc614fbfb8869ec2cd7a1e2797c80cfba23d85849","SOFTWARE_VERSION_MISSING","unknown","","GENUINELY_UNRECOVERABLE","","","","","No exact version exists in a calculation-linked environment artifact or raw output",""
"59c4ab5b3fec1ff62f9dcec0518293a5e587882469425e9af680ddbb1975e7be","PROTOCOL_METHOD_MISSING","unknown","","GENUINELY_UNRECOVERABLE","","","","","No method field exists in an artifact linked to this calculation",""
"59c4ab5b3fec1ff62f9dcec0518293a5e587882469425e9af680ddbb1975e7be","PROTOCOL_SOFTWARE_MISSING","unknown","","GENUINELY_UNRECOVERABLE","","","","","No software identity exists in a calculation-linked input, environment file, or raw output",""
"59c4ab5b3fec1ff62f9dcec0518293a5e587882469425e9af680ddbb1975e7be","SOFTWARE_VERSION_MISSING","unknown","","GENUINELY_UNRECOVERABLE","","","","","No exact version exists in a calculation-linked environment artifact or raw output",""
"59dd4710ce8575c580910032be643acc6e548c7d35c3a645784e26d5c9af14e5","SOFTWARE_VERSION_MISSING","unknown","","GENUINELY_UNRECOVERABLE","","","","","No exact version exists in a calculation-linked environment artifact or raw output",""
"5e3cf244ecc6fd1a111586bccbb089e4a468e92a68742e8fd39eaf2bd900c03b","PROTOCOL_SOFTWARE_MISSING","unknown","","GENUINELY_UNRECOVERABLE","","","","","No software identity exists in a calculation-linked input, environment file, or raw output",""
"5e3cf244ecc6fd1a111586bccbb089e4a468e92a68742e8fd39eaf2bd900c03b","SOFTWARE_VERSION_MISSING","unknown","","GENUINELY_UNRECOVERABLE","","","","","No exact version exists in a calculation-linked environment artifact or raw output",""
"5ed6dc47002df60a8fa9c3e98e419006ef67ddfca0bcf46151114673372ce202","PROTOCOL_SOFTWARE_MISSING","unknown","PySCF","RECOVERABLE_FROM_RAW_ARTIFACT","analysis/mettl7-phase2/execution-unit-05O/vdw-probe-validation-aws/point-5/05_MIN01_SH_DONOR_2.1/dimer.log","d1695f3f1570bfff3529ed57ce06462cdcfbe6da62d268bee7d6c5de1e055d35","line 82","PySCF version banner parser","Recovered from an artifact directly linked to the canonical calculation record",""
"5ed6dc47002df60a8fa9c3e98e419006ef67ddfca0bcf46151114673372ce202","SOFTWARE_VERSION_MISSING","unknown","2.14.0","RECOVERABLE_FROM_RAW_ARTIFACT","analysis/mettl7-phase2/execution-unit-05O/vdw-probe-validation-aws/point-5/05_MIN01_SH_DONOR_2.1/dimer.log","d1695f3f1570bfff3529ed57ce06462cdcfbe6da62d268bee7d6c5de1e055d35","line 82","PySCF version banner parser","Recovered from an artifact directly linked to the canonical calculation record",""
"62a8b9b275306489ed45377f59dbc6e0e382d4937a9e8616c736f9b85b24c80f","SOFTWARE_VERSION_MISSING","unknown","","GENUINELY_UNRECOVERABLE","","","","","No exact version exists in a calculation-linked environment artifact or raw output",""
"63d392528b257af34207f4aed6838535daafe5d72436e76074cb2103efda1a38","PROTOCOL_SOFTWARE_MISSING","unknown","","GENUINELY_UNRECOVERABLE","","","","","No software identity exists in a calculation-linked input, environment file, or raw output",""
"63d392528b257af34207f4aed6838535daafe5d72436e76074cb2103efda1a38","SOFTWARE_VERSION_MISSING","unknown","","GENUINELY_UNRECOVERABLE","","","","","No exact version exists in a calculation-linked environment artifact or raw output",""
"65dc6d6bffb22b9b3197bcce20288416e7a504968138238f856b3f728246d4b5","PROTOCOL_SOFTWARE_MISSING","unknown","","GENUINELY_UNRECOVERABLE","","","","","No software identity exists in a calculation-linked input, environment file, or raw output",""
"65dc6d6bffb22b9b3197bcce20288416e7a504968138238f856b3f728246d4b5","SOFTWARE_VERSION_MISSING","unknown","","GENUINELY_UNRECOVERABLE","","","","","No exact version exists in a calculation-linked environment artifact or raw output",""
"685f77c4065ec91f2e4a7439014556bfbbaadbb0a4d2db102f35fb5858de9a19","PROTOCOL_METHOD_MISSING","unknown","","GENUINELY_UNRECOVERABLE","","","","","No method field exists in an artifact linked to this calculation",""
"685f77c4065ec91f2e4a7439014556bfbbaadbb0a4d2db102f35fb5858de9a19","PROTOCOL_SOFTWARE_MISSING","unknown","","GENUINELY_UNRECOVERABLE","","","","","No software identity exists in a calculation-linked input, environment file, or raw output",""
"685f77c4065ec91f2e4a7439014556bfbbaadbb0a4d2db102f35fb5858de9a19","SOFTWARE_VERSION_MISSING","unknown","","GENUINELY_UNRECOVERABLE","","","","","No exact version exists in a calculation-linked environment artifact or raw output",""
"68d5602bd8733e04c587d7a86790087bd510554481cf7b7d52c7f35d03869f59","SOFTWARE_VERSION_MISSING","unknown","","GENUINELY_UNRECOVERABLE","","","","","No exact version exists in a calculation-linked environment artifact or raw output",""
"698d0e86456c790be83d4675aec83f3dd0575d039bd049067e56299b8be92946","PROTOCOL_SOFTWARE_MISSING","unknown","PySCF","RECOVERABLE_FROM_RAW_ARTIFACT","analysis/mettl7-phase2/execution-unit-05O/vdw-probe-validation-aws/point-2/02_MIN01_S_ACCEPTOR_2.8/dimer.log","6faf5c72bfbb6874a2c3d7cda81332d177ed994d3dcdc96caedf6b172b917bda","line 82","PySCF version banner parser","Recovered from an artifact directly linked to the canonical calculation record",""
"698d0e86456c790be83d4675aec83f3dd0575d039bd049067e56299b8be92946","SOFTWARE_VERSION_MISSING","unknown","2.14.0","RECOVERABLE_FROM_RAW_ARTIFACT","analysis/mettl7-phase2/execution-unit-05O/vdw-probe-validation-aws/point-2/02_MIN01_S_ACCEPTOR_2.8/dimer.log","6faf5c72bfbb6874a2c3d7cda81332d177ed994d3dcdc96caedf6b172b917bda","line 82","PySCF version banner parser","Recovered from an artifact directly linked to the canonical calculation record",""
"6a8eb1fead1c9a5f05b39781d51c850d48b2042efbea4a06cc535a3345382c30","PROTOCOL_SOFTWARE_MISSING","unknown","PySCF","RECOVERABLE_FROM_RAW_ARTIFACT","analysis/mettl7-phase2/execution-unit-05O/vdw-probe-validation-aws/point-3/03_MIN01_S_ACCEPTOR_3.5/dimer.log","dc7f32dd6fa44a7559023323dae1ea3c1b84a2b6c02d7b5f5b6b2ef8156e4b0c","line 82","PySCF version banner parser","Recovered from an artifact directly linked to the canonical calculation record",""
"6a8eb1fead1c9a5f05b39781d51c850d48b2042efbea4a06cc535a3345382c30","SOFTWARE_VERSION_MISSING","unknown","2.14.0","RECOVERABLE_FROM_RAW_ARTIFACT","analysis/mettl7-phase2/execution-unit-05O/vdw-probe-validation-aws/point-3/03_MIN01_S_ACCEPTOR_3.5/dimer.log","dc7f32dd6fa44a7559023323dae1ea3c1b84a2b6c02d7b5f5b6b2ef8156e4b0c","line 82","PySCF version banner parser","Recovered from an artifact directly linked to the canonical calculation record",""
"6b8e14f3bc2ccc8fd4c0a2da2d5693c3c463b561c49e2f454dd3859dc76e395a","PROTOCOL_SOFTWARE_MISSING","unknown","PySCF","RECOVERABLE_FROM_RAW_ARTIFACT","analysis/mettl7-phase2/execution-unit-05O/vdw-probe-validation-aws/point-15/15_MIN01_O3_ACCEPTOR_2.8/dimer.log","3dd77cf643cb6d94f8eb8b0ec32af4ade6be23c8000ee61d6824c4e018ab6cae","line 82","PySCF version banner parser","Recovered from an artifact directly linked to the canonical calculation record",""
"6b8e14f3bc2ccc8fd4c0a2da2d5693c3c463b561c49e2f454dd3859dc76e395a","SOFTWARE_VERSION_MISSING","unknown","2.14.0","RECOVERABLE_FROM_RAW_ARTIFACT","analysis/mettl7-phase2/execution-unit-05O/vdw-probe-validation-aws/point-15/15_MIN01_O3_ACCEPTOR_2.8/dimer.log","3dd77cf643cb6d94f8eb8b0ec32af4ade6be23c8000ee61d6824c4e018ab6cae","line 82","PySCF version banner parser","Recovered from an artifact directly linked to the canonical calculation record",""
"73c9fd344043850bc6be2616e76bff9f35f1fcadec8b95302e0d58c316302329","PROTOCOL_SOFTWARE_MISSING","unknown","PySCF","RECOVERABLE_FROM_RAW_ARTIFACT","analysis/mettl7-phase2/execution-unit-05O/vdw-probe-validation-aws/point-7/07_MIN01_O1_ACCEPTOR_1.7/dimer.log","39869740ea6f59cf56c7ac3d08f99ea6be236d0b7ec5e5103a84897b30b7be8c","line 82","PySCF version banner parser","Recovered from an artifact directly linked to the canonical calculation record",""
"73c9fd344043850bc6be2616e76bff9f35f1fcadec8b95302e0d58c316302329","SOFTWARE_VERSION_MISSING","unknown","2.14.0","RECOVERABLE_FROM_RAW_ARTIFACT","analysis/mettl7-phase2/execution-unit-05O/vdw-probe-validation-aws/point-7/07_MIN01_O1_ACCEPTOR_1.7/dimer.log","39869740ea6f59cf56c7ac3d08f99ea6be236d0b7ec5e5103a84897b30b7be8c","line 82","PySCF version banner parser","Recovered from an artifact directly linked to the canonical calculation record",""
"751edbf081eb74461e05faba375b7ea1c9404c01037c7364a90b1898f9ff26ed","PROTOCOL_SOFTWARE_MISSING","unknown","PySCF","RECOVERABLE_FROM_SOFTWARE_ENVIRONMENT_ARTIFACT","analysis/mettl7-phase2/execution-unit-05O/qm-native-minima/MIN04/input.json","b9b10680c6a0c2e34ce111b1f716505fe889ccd60580beaec0ea2b023103e65b","/software/pyscf","structured calculation environment metadata","Recovered from an artifact directly linked to the canonical calculation record",""
"751edbf081eb74461e05faba375b7ea1c9404c01037c7364a90b1898f9ff26ed","SOFTWARE_VERSION_MISSING","unknown","2.14.0","RECOVERABLE_FROM_SOFTWARE_ENVIRONMENT_ARTIFACT","analysis/mettl7-phase2/execution-unit-05O/qm-native-minima/MIN04/input.json","b9b10680c6a0c2e34ce111b1f716505fe889ccd60580beaec0ea2b023103e65b","/software/pyscf","structured calculation environment metadata","Recovered from an artifact directly linked to the canonical calculation record",""
"76fa4c695f13b39baf74c795320b8fb1762a2350ec9febc4d1906fdef71f637f","PROTOCOL_METHOD_MISSING","unknown","","GENUINELY_UNRECOVERABLE","","","","","No method field exists in an artifact linked to this calculation",""
"76fa4c695f13b39baf74c795320b8fb1762a2350ec9febc4d1906fdef71f637f","PROTOCOL_SOFTWARE_MISSING","unknown","","GENUINELY_UNRECOVERABLE","","","","","No software identity exists in a calculation-linked input, environment file, or raw output",""
"76fa4c695f13b39baf74c795320b8fb1762a2350ec9febc4d1906fdef71f637f","SOFTWARE_VERSION_MISSING","unknown","","GENUINELY_UNRECOVERABLE","","","","","No exact version exists in a calculation-linked environment artifact or raw output",""
"7723b7a0d9fcab73b25ffe9f9587ada58b7573a4b443091b585c751edded8e62","PROTOCOL_SOFTWARE_MISSING","unknown","","GENUINELY_UNRECOVERABLE","","","","","No software identity exists in a calculation-linked input, environment file, or raw output",""
"7723b7a0d9fcab73b25ffe9f9587ada58b7573a4b443091b585c751edded8e62","SOFTWARE_VERSION_MISSING","unknown","","GENUINELY_UNRECOVERABLE","","","","","No exact version exists in a calculation-linked environment artifact or raw output",""
"7ab17db73ba354ec0e7239032fe309112eb441e3f8aecb4468c92dda6f27be81","PROTOCOL_SOFTWARE_MISSING","unknown","","GENUINELY_UNRECOVERABLE","","","","","No software identity exists in a calculation-linked input, environment file, or raw output",""
"7ab17db73ba354ec0e7239032fe309112eb441e3f8aecb4468c92dda6f27be81","SOFTWARE_VERSION_MISSING","unknown","","GENUINELY_UNRECOVERABLE","","","","","No exact version exists in a calculation-linked environment artifact or raw output",""
"7cf4f3b1d1686edd4cdf8217152ffb2f9b800afbe2d202fa94073b6c7bc9970c","PROTOCOL_SOFTWARE_MISSING","unknown","PySCF","RECOVERABLE_FROM_SOFTWARE_ENVIRONMENT_ARTIFACT","analysis/mettl7-phase2/execution-unit-05O/qm-native-minima/MIN01/input.json","eca618cfbd20c6e243984dea41072609e1d750be5dae6e37bea46fa8de06e986","/software/pyscf","structured calculation environment metadata","Recovered from an artifact directly linked to the canonical calculation record",""
"7cf4f3b1d1686edd4cdf8217152ffb2f9b800afbe2d202fa94073b6c7bc9970c","SOFTWARE_VERSION_MISSING","unknown","2.14.0","RECOVERABLE_FROM_SOFTWARE_ENVIRONMENT_ARTIFACT","analysis/mettl7-phase2/execution-unit-05O/qm-native-minima/MIN01/input.json","eca618cfbd20c6e243984dea41072609e1d750be5dae6e37bea46fa8de06e986","/software/pyscf","structured calculation environment metadata","Recovered from an artifact directly linked to the canonical calculation record",""
"7d0828f90eb1d25012ad927a48b4531a8ee83ded8998395bb7b19818e06d9c73","SOFTWARE_VERSION_MISSING","unknown","","GENUINELY_UNRECOVERABLE","","","","","No exact version exists in a calculation-linked environment artifact or raw output",""
"7d3aa650d803ce31933a8a6fc932cb1d2e751a5ebd3ceaa8af50273807aef757","PROTOCOL_SOFTWARE_MISSING","unknown","PySCF","RECOVERABLE_FROM_RAW_ARTIFACT","analysis/mettl7-phase2/execution-unit-05O/vdw-probe-validation-aws/point-4/04_MIN01_SH_DONOR_1.7/dimer.log","fe7ec3e592bf41628d231b85a16f21c1016eef917ff07d87ab4539956ea2f18a","line 82","PySCF version banner parser","Recovered from an artifact directly linked to the canonical calculation record",""
"7d3aa650d803ce31933a8a6fc932cb1d2e751a5ebd3ceaa8af50273807aef757","SOFTWARE_VERSION_MISSING","unknown","2.14.0","RECOVERABLE_FROM_RAW_ARTIFACT","analysis/mettl7-phase2/execution-unit-05O/vdw-probe-validation-aws/point-4/04_MIN01_SH_DONOR_1.7/dimer.log","fe7ec3e592bf41628d231b85a16f21c1016eef917ff07d87ab4539956ea2f18a","line 82","PySCF version banner parser","Recovered from an artifact directly linked to the canonical calculation record",""
"7da5b97ed16671e025fbe869a8a61b618473690103efebef22917a0686e2650d","SOFTWARE_VERSION_MISSING","unknown","2.14.0","RECOVERABLE_FROM_SOFTWARE_ENVIRONMENT_ARTIFACT","analysis/mettl7-phase2/execution-unit-05O/replacement-sh-donor-qm-local/MIN04_SH_DONOR_1.7A/result.json","744d1bceb406a5f182dae28be95e408fb83b9a099d922e973218e58fb4fd229f","/software/pyscf","structured calculation environment metadata","Recovered from an artifact directly linked to the canonical calculation record",""
"817820f1a1a139308246e03e22ae295335983194e7416e6c48929d09f81d4f9d","PROTOCOL_SOFTWARE_MISSING","unknown","PySCF","RECOVERABLE_FROM_RAW_ARTIFACT","analysis/mettl7-phase2/execution-unit-05O/replacement-sh-donor-qm-local/MIN04_SH_DONOR_2.8A/dimer.log","ee584af6c86d0887a8ed2876c796d5be31f44935ac66630159fbdaf1ca44347a","line 99","PySCF version banner parser","Recovered from an artifact directly linked to the canonical calculation record",""
"817820f1a1a139308246e03e22ae295335983194e7416e6c48929d09f81d4f9d","SOFTWARE_VERSION_MISSING","unknown","2.14.0","RECOVERABLE_FROM_RAW_ARTIFACT","analysis/mettl7-phase2/execution-unit-05O/replacement-sh-donor-qm-local/MIN04_SH_DONOR_2.8A/dimer.log","ee584af6c86d0887a8ed2876c796d5be31f44935ac66630159fbdaf1ca44347a","line 99","PySCF version banner parser","Recovered from an artifact directly linked to the canonical calculation record",""
"81b9778ce914a1aa0d9c4f949c173c42e219bb0b056766ae822681ba61166a38","PROTOCOL_SOFTWARE_MISSING","unknown","PySCF","RECOVERABLE_FROM_RAW_ARTIFACT","analysis/mettl7-phase2/execution-unit-05O/vdw-probe-validation-aws/point-8/08_MIN01_O1_ACCEPTOR_2.1/dimer.log","916452c62230e64d74dba70fefbc155785752daf4770c2cdf0fc1d4ecbeb5bde","line 82","PySCF version banner parser","Recovered from an artifact directly linked to the canonical calculation record",""
"81b9778ce914a1aa0d9c4f949c173c42e219bb0b056766ae822681ba61166a38","SOFTWARE_VERSION_MISSING","unknown","2.14.0","RECOVERABLE_FROM_RAW_ARTIFACT","analysis/mettl7-phase2/execution-unit-05O/vdw-probe-validation-aws/point-8/08_MIN01_O1_ACCEPTOR_2.1/dimer.log","916452c62230e64d74dba70fefbc155785752daf4770c2cdf0fc1d4ecbeb5bde","line 82","PySCF version banner parser","Recovered from an artifact directly linked to the canonical calculation record",""
"825365d93bc101b45dcb2a476432d3532e3ccf0b408cdbac79cf384cc435c492","SOFTWARE_VERSION_MISSING","unknown","","GENUINELY_UNRECOVERABLE","","","","","No exact version exists in a calculation-linked environment artifact or raw output",""
"83661bfae5c6b1180437ff9fec83537e1b42fcaa301ab7d45aca10763c2dfb09","PROTOCOL_SOFTWARE_MISSING","unknown","PySCF","RECOVERABLE_FROM_SOFTWARE_ENVIRONMENT_ARTIFACT","analysis/mettl7-phase2/execution-unit-05M/points/M-D04/input.json","69ae01be0a6c5dba6f8467fa19bc180cf811c80cb6ac71e2722012070d163968","/software/pyscf","structured calculation environment metadata","Recovered from an artifact directly linked to the canonical calculation record",""
"83661bfae5c6b1180437ff9fec83537e1b42fcaa301ab7d45aca10763c2dfb09","SOFTWARE_VERSION_MISSING","unknown","2.14.0","RECOVERABLE_FROM_SOFTWARE_ENVIRONMENT_ARTIFACT","analysis/mettl7-phase2/execution-unit-05M/points/M-D04/input.json","69ae01be0a6c5dba6f8467fa19bc180cf811c80cb6ac71e2722012070d163968","/software/pyscf","structured calculation environment metadata","Recovered from an artifact directly linked to the canonical calculation record",""
"84e8f70d90ee52850cf6c593528357afbbcfbef6b626aabb79d167b418c3178c","SOFTWARE_VERSION_MISSING","unknown","","GENUINELY_UNRECOVERABLE","","","","","No exact version exists in a calculation-linked environment artifact or raw output",""
"887bc2141b0f0a3d5a48b84b457b75efaee32b5c063e1e7467e3f8527bb5669c","PROTOCOL_SOFTWARE_MISSING","unknown","PySCF","RECOVERABLE_FROM_RAW_ARTIFACT","analysis/mettl7-phase2/execution-unit-05O/vdw-probe-validation-aws/point-2/02_MIN01_S_ACCEPTOR_2.8/dimer.log","6faf5c72bfbb6874a2c3d7cda81332d177ed994d3dcdc96caedf6b172b917bda","line 82","PySCF version banner parser","Recovered from an artifact directly linked to the canonical calculation record",""
"887bc2141b0f0a3d5a48b84b457b75efaee32b5c063e1e7467e3f8527bb5669c","SOFTWARE_VERSION_MISSING","unknown","2.14.0","RECOVERABLE_FROM_RAW_ARTIFACT","analysis/mettl7-phase2/execution-unit-05O/vdw-probe-validation-aws/point-2/02_MIN01_S_ACCEPTOR_2.8/dimer.log","6faf5c72bfbb6874a2c3d7cda81332d177ed994d3dcdc96caedf6b172b917bda","line 82","PySCF version banner parser","Recovered from an artifact directly linked to the canonical calculation record",""
"8ae30445beef4feca25ea1af4196281e393e414dd68b02e94b183fb720138842","PROTOCOL_SOFTWARE_MISSING","unknown","","GENUINELY_UNRECOVERABLE","","","","","No software identity exists in a calculation-linked input, environment file, or raw output",""
"8ae30445beef4feca25ea1af4196281e393e414dd68b02e94b183fb720138842","SOFTWARE_VERSION_MISSING","unknown","","GENUINELY_UNRECOVERABLE","","","","","No exact version exists in a calculation-linked environment artifact or raw output",""
"8b15c44dd557855547f33249f23fe9c92c83d417fbf42d3df006da7a8b0d70fa","SOFTWARE_VERSION_MISSING","unknown","","GENUINELY_UNRECOVERABLE","","","","","No exact version exists in a calculation-linked environment artifact or raw output",""
"8c36cc1f4669fc5271635fc2c9b98462405ffd0cc7b3caf066675eedeb12c9f4","PROTOCOL_SOFTWARE_MISSING","unknown","PySCF","RECOVERABLE_FROM_RAW_ARTIFACT","analysis/mettl7-phase2/execution-unit-05O/vdw-probe-validation-aws/point-1/01_MIN01_S_ACCEPTOR_2.2/dimer.log","41e49a3df832e27ec1be7ef7f76afead06c030eed41db42b96b62cd34cef274d","line 82","PySCF version banner parser","Recovered from an artifact directly linked to the canonical calculation record",""
"8c36cc1f4669fc5271635fc2c9b98462405ffd0cc7b3caf066675eedeb12c9f4","SOFTWARE_VERSION_MISSING","unknown","2.14.0","RECOVERABLE_FROM_RAW_ARTIFACT","analysis/mettl7-phase2/execution-unit-05O/vdw-probe-validation-aws/point-1/01_MIN01_S_ACCEPTOR_2.2/dimer.log","41e49a3df832e27ec1be7ef7f76afead06c030eed41db42b96b62cd34cef274d","line 82","PySCF version banner parser","Recovered from an artifact directly linked to the canonical calculation record",""
"8d3cfb53db4c3fcb441c7ac0572a6d9d6124cebec8fab7d56071c2cbc0f008aa","PROTOCOL_SOFTWARE_MISSING","unknown","PySCF","RECOVERABLE_FROM_RAW_ARTIFACT","analysis/mettl7-phase2/execution-unit-05O/vdw-probe-validation-aws/point-11/11_MIN01_O2_ACCEPTOR_2.1/dimer.log","a2a8e8e2f67fff3d5d0d9b1075f630d3f07c2685e46687ef3eb950f1694def6b","line 82","PySCF version banner parser","Recovered from an artifact directly linked to the canonical calculation record",""
"8d3cfb53db4c3fcb441c7ac0572a6d9d6124cebec8fab7d56071c2cbc0f008aa","SOFTWARE_VERSION_MISSING","unknown","2.14.0","RECOVERABLE_FROM_RAW_ARTIFACT","analysis/mettl7-phase2/execution-unit-05O/vdw-probe-validation-aws/point-11/11_MIN01_O2_ACCEPTOR_2.1/dimer.log","a2a8e8e2f67fff3d5d0d9b1075f630d3f07c2685e46687ef3eb950f1694def6b","line 82","PySCF version banner parser","Recovered from an artifact directly linked to the canonical calculation record",""
"90c485f61cb649ac79b3bd5d44f0192c7de9d610f923a2dae1e0789c6e04cdad","PROTOCOL_SOFTWARE_MISSING","unknown","PySCF","RECOVERABLE_FROM_RAW_ARTIFACT","analysis/mettl7-phase2/execution-unit-05O/vdw-probe-validation-aws/point-9/09_MIN01_O1_ACCEPTOR_2.8/dimer.log","6a8ed311f142881f6589395b85044aa9d54e0eec5ea07144fb928f697148a0de","line 82","PySCF version banner parser","Recovered from an artifact directly linked to the canonical calculation record",""
"90c485f61cb649ac79b3bd5d44f0192c7de9d610f923a2dae1e0789c6e04cdad","SOFTWARE_VERSION_MISSING","unknown","2.14.0","RECOVERABLE_FROM_RAW_ARTIFACT","analysis/mettl7-phase2/execution-unit-05O/vdw-probe-validation-aws/point-9/09_MIN01_O1_ACCEPTOR_2.8/dimer.log","6a8ed311f142881f6589395b85044aa9d54e0eec5ea07144fb928f697148a0de","line 82","PySCF version banner parser","Recovered from an artifact directly linked to the canonical calculation record",""
"9de69fcc44d58ab5301ba21daa6828f6401551984131f7b2da1ba3661e1b3b60","PROTOCOL_SOFTWARE_MISSING","unknown","PySCF","RECOVERABLE_FROM_RAW_ARTIFACT","analysis/mettl7-phase2/execution-unit-05O/replacement-sh-donor-qm-local/MIN02_SH_DONOR_2.8A/dimer.log","5f41a20e4b320c9f7488998abbe15db3abfa656d9ea8e7ce5656c50d16a2de05","line 99","PySCF version banner parser","Recovered from an artifact directly linked to the canonical calculation record",""
"9de69fcc44d58ab5301ba21daa6828f6401551984131f7b2da1ba3661e1b3b60","SOFTWARE_VERSION_MISSING","unknown","2.14.0","RECOVERABLE_FROM_RAW_ARTIFACT","analysis/mettl7-phase2/execution-unit-05O/replacement-sh-donor-qm-local/MIN02_SH_DONOR_2.8A/dimer.log","5f41a20e4b320c9f7488998abbe15db3abfa656d9ea8e7ce5656c50d16a2de05","line 99","PySCF version banner parser","Recovered from an artifact directly linked to the canonical calculation record",""
"9e6cc8182a548fa67cec129d6cab9db6869980b87430c67bca1e3e1f246f59f0","SOFTWARE_VERSION_MISSING","unknown","","GENUINELY_UNRECOVERABLE","","","","","No exact version exists in a calculation-linked environment artifact or raw output",""
"a01a3740d09e26521bada065d8df80eb4171058b86aaf514a8a69642799a96cd","SOFTWARE_VERSION_MISSING","unknown","","GENUINELY_UNRECOVERABLE","","","","","No exact version exists in a calculation-linked environment artifact or raw output",""
"a40b7cf5f166ee60bd4d116b9efeebad7bab156ce740e133639e56126ef895f0","PROTOCOL_SOFTWARE_MISSING","unknown","PySCF","RECOVERABLE_FROM_SOFTWARE_ENVIRONMENT_ARTIFACT","analysis/mettl7-phase2/execution-unit-05O/qm-native-minima/MIN03/input.json","a925943fda092e482a9b21741952f788cf77375081e0918e9db0e6e76ce6583f","/software/pyscf","structured calculation environment metadata","Recovered from an artifact directly linked to the canonical calculation record",""
"a40b7cf5f166ee60bd4d116b9efeebad7bab156ce740e133639e56126ef895f0","SOFTWARE_VERSION_MISSING","unknown","2.14.0","RECOVERABLE_FROM_SOFTWARE_ENVIRONMENT_ARTIFACT","analysis/mettl7-phase2/execution-unit-05O/qm-native-minima/MIN03/input.json","a925943fda092e482a9b21741952f788cf77375081e0918e9db0e6e76ce6583f","/software/pyscf","structured calculation environment metadata","Recovered from an artifact directly linked to the canonical calculation record",""
"a4cf52cb118c314bfdb1135a890bbe1a1a8645ca6d59aee94d395a78b06add98","PROTOCOL_SOFTWARE_MISSING","unknown","PySCF","RECOVERABLE_FROM_RAW_ARTIFACT","analysis/mettl7-phase2/execution-unit-05O/vdw-probe-validation-aws/point-19/19_MIN04_SH_DONOR_2.1/dimer.log","a612c9f8c0bd1dc092531b8518d3e8dde644e261468a009d53b7caa734e9f468","line 82","PySCF version banner parser","Recovered from an artifact directly linked to the canonical calculation record",""
"a4cf52cb118c314bfdb1135a890bbe1a1a8645ca6d59aee94d395a78b06add98","SOFTWARE_VERSION_MISSING","unknown","2.14.0","RECOVERABLE_FROM_RAW_ARTIFACT","analysis/mettl7-phase2/execution-unit-05O/vdw-probe-validation-aws/point-19/19_MIN04_SH_DONOR_2.1/dimer.log","a612c9f8c0bd1dc092531b8518d3e8dde644e261468a009d53b7caa734e9f468","line 82","PySCF version banner parser","Recovered from an artifact directly linked to the canonical calculation record",""
"a99bc5636a9da21eab5e998e012900e9fc5c840e4282eccd1929f2636c8f77ea","PROTOCOL_SOFTWARE_MISSING","unknown","PySCF","RECOVERABLE_FROM_RAW_ARTIFACT","analysis/mettl7-phase2/execution-unit-05O/vdw-probe-validation-aws/point-1/01_MIN01_S_ACCEPTOR_2.2/dimer.log","41e49a3df832e27ec1be7ef7f76afead06c030eed41db42b96b62cd34cef274d","line 82","PySCF version banner parser","Recovered from an artifact directly linked to the canonical calculation record",""
"a99bc5636a9da21eab5e998e012900e9fc5c840e4282eccd1929f2636c8f77ea","SOFTWARE_VERSION_MISSING","unknown","2.14.0","RECOVERABLE_FROM_RAW_ARTIFACT","analysis/mettl7-phase2/execution-unit-05O/vdw-probe-validation-aws/point-1/01_MIN01_S_ACCEPTOR_2.2/dimer.log","41e49a3df832e27ec1be7ef7f76afead06c030eed41db42b96b62cd34cef274d","line 82","PySCF version banner parser","Recovered from an artifact directly linked to the canonical calculation record",""
"afad9b710ff99f3cedefceb736c6e2383c7e1dc2049f6494a2b83a01adcce481","PROTOCOL_SOFTWARE_MISSING","unknown","","GENUINELY_UNRECOVERABLE","","","","","No software identity exists in a calculation-linked input, environment file, or raw output",""
"afad9b710ff99f3cedefceb736c6e2383c7e1dc2049f6494a2b83a01adcce481","SOFTWARE_VERSION_MISSING","unknown","","GENUINELY_UNRECOVERABLE","","","","","No exact version exists in a calculation-linked environment artifact or raw output",""
"b2874028bfed224041b29d2ced7d95109222a13e2eec5125bb32e286a9007853","SOFTWARE_VERSION_MISSING","unknown","","GENUINELY_UNRECOVERABLE","","","","","No exact version exists in a calculation-linked environment artifact or raw output",""
"b8b834ecebf2e74f2c085371259e01aec818874c41aeaddaf4f8d4160aceff28","PROTOCOL_SOFTWARE_MISSING","unknown","","GENUINELY_UNRECOVERABLE","","","","","No software identity exists in a calculation-linked input, environment file, or raw output",""
"b8b834ecebf2e74f2c085371259e01aec818874c41aeaddaf4f8d4160aceff28","SOFTWARE_VERSION_MISSING","unknown","","GENUINELY_UNRECOVERABLE","","","","","No exact version exists in a calculation-linked environment artifact or raw output",""
"b9cde28e2740eea2b41216f7a1a3edeb776bb2b4bee120f4a41ada93f219ddf3","PROTOCOL_SOFTWARE_MISSING","unknown","PySCF","RECOVERABLE_FROM_SOFTWARE_ENVIRONMENT_ARTIFACT","analysis/mettl7-phase2/execution-unit-05H/points/phi060_psi+180/input.json","3d7983a8e99b065e1e416e72ac714f5d64c94d644abc222e9f58a2e452da4769","/software/pyscf","structured calculation environment metadata","Recovered from an artifact directly linked to the canonical calculation record",""
"b9cde28e2740eea2b41216f7a1a3edeb776bb2b4bee120f4a41ada93f219ddf3","SOFTWARE_VERSION_MISSING","unknown","2.14.0","RECOVERABLE_FROM_SOFTWARE_ENVIRONMENT_ARTIFACT","analysis/mettl7-phase2/execution-unit-05H/points/phi060_psi+180/input.json","3d7983a8e99b065e1e416e72ac714f5d64c94d644abc222e9f58a2e452da4769","/software/pyscf","structured calculation environment metadata","Recovered from an artifact directly linked to the canonical calculation record",""
"baa37d55813e6d264664102e5727b596471b1c6b6a5751dd758d23eabddf5b99","PROTOCOL_SOFTWARE_MISSING","unknown","PySCF","RECOVERABLE_FROM_RAW_ARTIFACT","analysis/mettl7-phase2/execution-unit-05O/vdw-probe-validation-aws/point-12/12_MIN01_O2_ACCEPTOR_2.8/dimer.log","97b07db6094000d08d59b5a8a22712630eeb75cc9ecd21e01aa126f9aa9d8522","line 82","PySCF version banner parser","Recovered from an artifact directly linked to the canonical calculation record",""
"baa37d55813e6d264664102e5727b596471b1c6b6a5751dd758d23eabddf5b99","SOFTWARE_VERSION_MISSING","unknown","2.14.0","RECOVERABLE_FROM_RAW_ARTIFACT","analysis/mettl7-phase2/execution-unit-05O/vdw-probe-validation-aws/point-12/12_MIN01_O2_ACCEPTOR_2.8/dimer.log","97b07db6094000d08d59b5a8a22712630eeb75cc9ecd21e01aa126f9aa9d8522","line 82","PySCF version banner parser","Recovered from an artifact directly linked to the canonical calculation record",""
"bc6592fa7d67889e3e0b34fe88209afd7079818097cdbc8ea1504f5587923a1f","PROTOCOL_SOFTWARE_MISSING","unknown","PySCF","RECOVERABLE_FROM_RAW_ARTIFACT","analysis/mettl7-phase2/execution-unit-05O/vdw-probe-validation-aws/point-14/14_MIN01_O3_ACCEPTOR_2.1/dimer.log","4e3e4c3f38502aae28ddb4c976b48960598723bdc3486cc50238139660ed4b70","line 82","PySCF version banner parser","Recovered from an artifact directly linked to the canonical calculation record",""
"bc6592fa7d67889e3e0b34fe88209afd7079818097cdbc8ea1504f5587923a1f","SOFTWARE_VERSION_MISSING","unknown","2.14.0","RECOVERABLE_FROM_RAW_ARTIFACT","analysis/mettl7-phase2/execution-unit-05O/vdw-probe-validation-aws/point-14/14_MIN01_O3_ACCEPTOR_2.1/dimer.log","4e3e4c3f38502aae28ddb4c976b48960598723bdc3486cc50238139660ed4b70","line 82","PySCF version banner parser","Recovered from an artifact directly linked to the canonical calculation record",""
"bed5b3743a2e9ed5492afa22370f9f99c252f3323c2b6eb1ac19bee620d125e6","PROTOCOL_SOFTWARE_MISSING","unknown","PySCF","RECOVERABLE_FROM_SOFTWARE_ENVIRONMENT_ARTIFACT","analysis/mettl7-phase2/execution-unit-05L/points/phi300_psi060_B_m10/input.json","ae089c10ca99b5b2a67378d101e57beb21046cfafe99f93a84e511c4404b73b4","/software/pyscf","structured calculation environment metadata","Recovered from an artifact directly linked to the canonical calculation record",""
"bed5b3743a2e9ed5492afa22370f9f99c252f3323c2b6eb1ac19bee620d125e6","SOFTWARE_VERSION_MISSING","unknown","2.14.0","RECOVERABLE_FROM_SOFTWARE_ENVIRONMENT_ARTIFACT","analysis/mettl7-phase2/execution-unit-05L/points/phi300_psi060_B_m10/input.json","ae089c10ca99b5b2a67378d101e57beb21046cfafe99f93a84e511c4404b73b4","/software/pyscf","structured calculation environment metadata","Recovered from an artifact directly linked to the canonical calculation record",""
"bf7087eed28e21c8e68dcf5f98fd1f4400e8464e2503ad1a5da9baca21d76b2d","PROTOCOL_SOFTWARE_MISSING","unknown","","GENUINELY_UNRECOVERABLE","","","","","No software identity exists in a calculation-linked input, environment file, or raw output",""
"bf7087eed28e21c8e68dcf5f98fd1f4400e8464e2503ad1a5da9baca21d76b2d","SOFTWARE_VERSION_MISSING","unknown","","GENUINELY_UNRECOVERABLE","","","","","No exact version exists in a calculation-linked environment artifact or raw output",""
"c122fcccc26bc2e134daf680e2a2205968da7819f821b644d0decf4f5ca9cb21","SOFTWARE_VERSION_MISSING","unknown","","GENUINELY_UNRECOVERABLE","","","","","No exact version exists in a calculation-linked environment artifact or raw output",""
"c16ab2ffcc64a768f670d98436befaafc9fd08f79f84ccb6fafa18ae94831d51","PROTOCOL_SOFTWARE_MISSING","unknown","PySCF","RECOVERABLE_FROM_SOFTWARE_ENVIRONMENT_ARTIFACT","analysis/mettl7-phase2/execution-unit-05H/points/phi300_psi-060/input.json","579598d2f98243c850a9918164c129aecae4516188198e25eca921e3d63d2ac5","/software/pyscf","structured calculation environment metadata","Recovered from an artifact directly linked to the canonical calculation record",""
"c16ab2ffcc64a768f670d98436befaafc9fd08f79f84ccb6fafa18ae94831d51","SOFTWARE_VERSION_MISSING","unknown","2.14.0","RECOVERABLE_FROM_SOFTWARE_ENVIRONMENT_ARTIFACT","analysis/mettl7-phase2/execution-unit-05H/points/phi300_psi-060/input.json","579598d2f98243c850a9918164c129aecae4516188198e25eca921e3d63d2ac5","/software/pyscf","structured calculation environment metadata","Recovered from an artifact directly linked to the canonical calculation record",""
"c2ed1558f2aecef5cf06151ecc4a7ecb4ef3b05a07a74eab481096757836e624","PROTOCOL_SOFTWARE_MISSING","unknown","PySCF","RECOVERABLE_FROM_SOFTWARE_ENVIRONMENT_ARTIFACT","analysis/mettl7-phase2/execution-unit-05L/points/phi060_psi060_A_p10/input.json","3ae546e4197bb300547bfe24a7bfcbb9055740cd21c266a7fb9b87007901ea78","/software/pyscf","structured calculation environment metadata","Recovered from an artifact directly linked to the canonical calculation record",""
"c2ed1558f2aecef5cf06151ecc4a7ecb4ef3b05a07a74eab481096757836e624","SOFTWARE_VERSION_MISSING","unknown","2.14.0","RECOVERABLE_FROM_SOFTWARE_ENVIRONMENT_ARTIFACT","analysis/mettl7-phase2/execution-unit-05L/points/phi060_psi060_A_p10/input.json","3ae546e4197bb300547bfe24a7bfcbb9055740cd21c266a7fb9b87007901ea78","/software/pyscf","structured calculation environment metadata","Recovered from an artifact directly linked to the canonical calculation record",""
"c420d1f2cd93bbd51c650a187b00280a22a26a6960c2f7e0e2b960e0c6de47cc","SOFTWARE_VERSION_MISSING","unknown","2.14.0","RECOVERABLE_FROM_SOFTWARE_ENVIRONMENT_ARTIFACT","analysis/mettl7-phase2/execution-unit-05O/replacement-sh-donor-qm-local/MIN02_SH_DONOR_1.7A/result.json","2c4a3ffd7c46f1dc47213a9fbe53346eb8a323e1d783a4e6bb0d01b90b230062","/software/pyscf","structured calculation environment metadata","Recovered from an artifact directly linked to the canonical calculation record",""
"c702493bec2b8b28322ed363fb677fab7ba10d2b6b5886897b3ccc4f24035e8e","PROTOCOL_SOFTWARE_MISSING","unknown","PySCF","RECOVERABLE_FROM_RAW_ARTIFACT","analysis/mettl7-phase2/execution-unit-05O/vdw-probe-validation-aws/point-13/13_MIN01_O3_ACCEPTOR_1.7/dimer.log","54033c0bfaab1af13ceaf0ee525a6e08f781b5484e9913cbeb29e27a81f39869","line 82","PySCF version banner parser","Recovered from an artifact directly linked to the canonical calculation record",""
"c702493bec2b8b28322ed363fb677fab7ba10d2b6b5886897b3ccc4f24035e8e","SOFTWARE_VERSION_MISSING","unknown","2.14.0","RECOVERABLE_FROM_RAW_ARTIFACT","analysis/mettl7-phase2/execution-unit-05O/vdw-probe-validation-aws/point-13/13_MIN01_O3_ACCEPTOR_1.7/dimer.log","54033c0bfaab1af13ceaf0ee525a6e08f781b5484e9913cbeb29e27a81f39869","line 82","PySCF version banner parser","Recovered from an artifact directly linked to the canonical calculation record",""
"ca18570a6cf6d33110c60d98678d10405a32f56ff70dd2d2c40fa80e69b60904","PROTOCOL_SOFTWARE_MISSING","unknown","","GENUINELY_UNRECOVERABLE","","","","","No software identity exists in a calculation-linked input, environment file, or raw output",""
"ca18570a6cf6d33110c60d98678d10405a32f56ff70dd2d2c40fa80e69b60904","SOFTWARE_VERSION_MISSING","unknown","","GENUINELY_UNRECOVERABLE","","","","","No exact version exists in a calculation-linked environment artifact or raw output",""
"cb5c81c2d42f944409d678a4765db526b3b42b1baaf0d19a6812e112d190951a","PROTOCOL_SOFTWARE_MISSING","unknown","PySCF","RECOVERABLE_FROM_RAW_ARTIFACT","analysis/mettl7-phase2/execution-unit-05O/replacement-sh-donor-qm-local/MIN04_SH_DONOR_1.7A/dimer.log","40fe93371cfe1cf79f7772a59a4574910deec07f0406a7c842ce9f57a8ae9f32","line 99","PySCF version banner parser","Recovered from an artifact directly linked to the canonical calculation record",""
"cb5c81c2d42f944409d678a4765db526b3b42b1baaf0d19a6812e112d190951a","SOFTWARE_VERSION_MISSING","unknown","2.14.0","RECOVERABLE_FROM_RAW_ARTIFACT","analysis/mettl7-phase2/execution-unit-05O/replacement-sh-donor-qm-local/MIN04_SH_DONOR_1.7A/dimer.log","40fe93371cfe1cf79f7772a59a4574910deec07f0406a7c842ce9f57a8ae9f32","line 99","PySCF version banner parser","Recovered from an artifact directly linked to the canonical calculation record",""
"ce6f2596e094a2ad6c20b8484e9a952ed1b442d0923259c9fbf7f5b087a57451","SOFTWARE_VERSION_MISSING","unknown","","GENUINELY_UNRECOVERABLE","","","","","No exact version exists in a calculation-linked environment artifact or raw output",""
"ce8bedcbbc60f841977979a3988f91f9226e1c3ddfc55f8d3d1acc76fcbb9063","PROTOCOL_SOFTWARE_MISSING","unknown","PySCF","RECOVERABLE_FROM_RAW_ARTIFACT","analysis/mettl7-phase2/execution-unit-05O/vdw-probe-validation-aws/point-11/11_MIN01_O2_ACCEPTOR_2.1/dimer.log","a2a8e8e2f67fff3d5d0d9b1075f630d3f07c2685e46687ef3eb950f1694def6b","line 82","PySCF version banner parser","Recovered from an artifact directly linked to the canonical calculation record",""
"ce8bedcbbc60f841977979a3988f91f9226e1c3ddfc55f8d3d1acc76fcbb9063","SOFTWARE_VERSION_MISSING","unknown","2.14.0","RECOVERABLE_FROM_RAW_ARTIFACT","analysis/mettl7-phase2/execution-unit-05O/vdw-probe-validation-aws/point-11/11_MIN01_O2_ACCEPTOR_2.1/dimer.log","a2a8e8e2f67fff3d5d0d9b1075f630d3f07c2685e46687ef3eb950f1694def6b","line 82","PySCF version banner parser","Recovered from an artifact directly linked to the canonical calculation record",""
"ce9c4cd1eff826ae053d631128351ebdb6284290a0c2e4b81abcac2e7ccc8069","PROTOCOL_SOFTWARE_MISSING","unknown","PySCF","RECOVERABLE_FROM_SOFTWARE_ENVIRONMENT_ARTIFACT","analysis/mettl7-phase2/execution-unit-05H/points/phi300_psi+060/input.json","ba80e62b2098efe1a974bfd71c6208edb5d65e0ccf8f64d257b09e6f6c722bf9","/software/pyscf","structured calculation environment metadata","Recovered from an artifact directly linked to the canonical calculation record",""
"ce9c4cd1eff826ae053d631128351ebdb6284290a0c2e4b81abcac2e7ccc8069","SOFTWARE_VERSION_MISSING","unknown","2.14.0","RECOVERABLE_FROM_SOFTWARE_ENVIRONMENT_ARTIFACT","analysis/mettl7-phase2/execution-unit-05H/points/phi300_psi+060/input.json","ba80e62b2098efe1a974bfd71c6208edb5d65e0ccf8f64d257b09e6f6c722bf9","/software/pyscf","structured calculation environment metadata","Recovered from an artifact directly linked to the canonical calculation record",""
"cf142eabf8140bb64db83283c219094f63b2aff2529ee579205f8b6efd5ab24b","PROTOCOL_SOFTWARE_MISSING","unknown","PySCF","RECOVERABLE_FROM_RAW_ARTIFACT","analysis/mettl7-phase2/execution-unit-05O/vdw-probe-validation-aws/point-16/16_MIN02_S_ACCEPTOR_2.8/dimer.log","14af844ea89a3f7256effcb21f22eda72a8615b48b1d6e9d75a366aa0a85b272","line 82","PySCF version banner parser","Recovered from an artifact directly linked to the canonical calculation record",""
"cf142eabf8140bb64db83283c219094f63b2aff2529ee579205f8b6efd5ab24b","SOFTWARE_VERSION_MISSING","unknown","2.14.0","RECOVERABLE_FROM_RAW_ARTIFACT","analysis/mettl7-phase2/execution-unit-05O/vdw-probe-validation-aws/point-16/16_MIN02_S_ACCEPTOR_2.8/dimer.log","14af844ea89a3f7256effcb21f22eda72a8615b48b1d6e9d75a366aa0a85b272","line 82","PySCF version banner parser","Recovered from an artifact directly linked to the canonical calculation record",""
"d2aa2a44e976582b424fa27190aa74089426869f7790702c2911e16e2b0c4303","PROTOCOL_SOFTWARE_MISSING","unknown","PySCF","RECOVERABLE_FROM_SOFTWARE_ENVIRONMENT_ARTIFACT","analysis/mettl7-phase2/execution-unit-05O/qm-native-minima/MIN02/input.json","4a347b4e934ec29d52e6e8277e85ba65289cb4fe4b087217612f8e07d64e5edf","/software/pyscf","structured calculation environment metadata","Recovered from an artifact directly linked to the canonical calculation record",""
"d2aa2a44e976582b424fa27190aa74089426869f7790702c2911e16e2b0c4303","SOFTWARE_VERSION_MISSING","unknown","2.14.0","RECOVERABLE_FROM_SOFTWARE_ENVIRONMENT_ARTIFACT","analysis/mettl7-phase2/execution-unit-05O/qm-native-minima/MIN02/input.json","4a347b4e934ec29d52e6e8277e85ba65289cb4fe4b087217612f8e07d64e5edf","/software/pyscf","structured calculation environment metadata","Recovered from an artifact directly linked to the canonical calculation record",""
"d5ce38829e8e7bb8716f7bbe8aea95ec43ba5427d50a443bf30cc3c640f2e096","PROTOCOL_SOFTWARE_MISSING","unknown","PySCF","RECOVERABLE_FROM_SOFTWARE_ENVIRONMENT_ARTIFACT","analysis/mettl7-phase2/execution-unit-05L/points/phi300_psi060_A_p10/input.json","86e2b94927587829f05950bb87d0d24a513d9374ec7a9a634109cfae34fff82b","/software/pyscf","structured calculation environment metadata","Recovered from an artifact directly linked to the canonical calculation record",""
"d5ce38829e8e7bb8716f7bbe8aea95ec43ba5427d50a443bf30cc3c640f2e096","SOFTWARE_VERSION_MISSING","unknown","2.14.0","RECOVERABLE_FROM_SOFTWARE_ENVIRONMENT_ARTIFACT","analysis/mettl7-phase2/execution-unit-05L/points/phi300_psi060_A_p10/input.json","86e2b94927587829f05950bb87d0d24a513d9374ec7a9a634109cfae34fff82b","/software/pyscf","structured calculation environment metadata","Recovered from an artifact directly linked to the canonical calculation record",""
"d8ba352e022aaacf0cbdd9a8eb69fbd194fe6459436030515c7dfa2ad2c7dc7d","PROTOCOL_SOFTWARE_MISSING","unknown","PySCF","RECOVERABLE_FROM_RAW_ARTIFACT","analysis/mettl7-phase2/execution-unit-05O/vdw-probe-validation-aws/point-18/18_MIN04_S_ACCEPTOR_2.8/dimer.log","98448c4473cd89a613b6fc13c9aa71c6bb7ad4cd8284a49787ced5f52cfdfc55","line 82","PySCF version banner parser","Recovered from an artifact directly linked to the canonical calculation record",""
"d8ba352e022aaacf0cbdd9a8eb69fbd194fe6459436030515c7dfa2ad2c7dc7d","SOFTWARE_VERSION_MISSING","unknown","2.14.0","RECOVERABLE_FROM_RAW_ARTIFACT","analysis/mettl7-phase2/execution-unit-05O/vdw-probe-validation-aws/point-18/18_MIN04_S_ACCEPTOR_2.8/dimer.log","98448c4473cd89a613b6fc13c9aa71c6bb7ad4cd8284a49787ced5f52cfdfc55","line 82","PySCF version banner parser","Recovered from an artifact directly linked to the canonical calculation record",""
"da34810b72bc191766eac079ac26d543b4d0eebc94ebec6f9beb1116568a2e03","PROTOCOL_SOFTWARE_MISSING","unknown","PySCF","RECOVERABLE_FROM_RAW_ARTIFACT","analysis/mettl7-phase2/execution-unit-05O/vdw-probe-validation-aws/point-4/04_MIN01_SH_DONOR_1.7/dimer.log","fe7ec3e592bf41628d231b85a16f21c1016eef917ff07d87ab4539956ea2f18a","line 82","PySCF version banner parser","Recovered from an artifact directly linked to the canonical calculation record",""
"da34810b72bc191766eac079ac26d543b4d0eebc94ebec6f9beb1116568a2e03","SOFTWARE_VERSION_MISSING","unknown","2.14.0","RECOVERABLE_FROM_RAW_ARTIFACT","analysis/mettl7-phase2/execution-unit-05O/vdw-probe-validation-aws/point-4/04_MIN01_SH_DONOR_1.7/dimer.log","fe7ec3e592bf41628d231b85a16f21c1016eef917ff07d87ab4539956ea2f18a","line 82","PySCF version banner parser","Recovered from an artifact directly linked to the canonical calculation record",""
"de0e8c2894da5363072d05829bf0c205e7117211612801559677f160991eeb9f","PROTOCOL_SOFTWARE_MISSING","unknown","PySCF","RECOVERABLE_FROM_SOFTWARE_ENVIRONMENT_ARTIFACT","analysis/mettl7-phase2/execution-unit-05M/points/M-D01/input.json","53d7e99ddbcd70f6436e9340cc9c1795b88ae1f991bfdeb0b59dc0b5718431f6","/software/pyscf","structured calculation environment metadata","Recovered from an artifact directly linked to the canonical calculation record",""
"de0e8c2894da5363072d05829bf0c205e7117211612801559677f160991eeb9f","SOFTWARE_VERSION_MISSING","unknown","2.14.0","RECOVERABLE_FROM_SOFTWARE_ENVIRONMENT_ARTIFACT","analysis/mettl7-phase2/execution-unit-05M/points/M-D01/input.json","53d7e99ddbcd70f6436e9340cc9c1795b88ae1f991bfdeb0b59dc0b5718431f6","/software/pyscf","structured calculation environment metadata","Recovered from an artifact directly linked to the canonical calculation record",""
"ded1fe919b6564ce3d9e3e93bb176c78bba702540e2ab40d7b8f2898ce24df71","PROTOCOL_SOFTWARE_MISSING","unknown","","GENUINELY_UNRECOVERABLE","","","","","No software identity exists in a calculation-linked input, environment file, or raw output",""
"ded1fe919b6564ce3d9e3e93bb176c78bba702540e2ab40d7b8f2898ce24df71","SOFTWARE_VERSION_MISSING","unknown","","GENUINELY_UNRECOVERABLE","","","","","No exact version exists in a calculation-linked environment artifact or raw output",""
"df64140e5a4911f8c75a5bf3e42631409952e7272a50339beb67b02b4e790533","PROTOCOL_SOFTWARE_MISSING","unknown","PySCF","RECOVERABLE_FROM_RAW_ARTIFACT","analysis/mettl7-phase2/execution-unit-05O/vdw-probe-validation-aws/point-14/14_MIN01_O3_ACCEPTOR_2.1/dimer.log","4e3e4c3f38502aae28ddb4c976b48960598723bdc3486cc50238139660ed4b70","line 82","PySCF version banner parser","Recovered from an artifact directly linked to the canonical calculation record",""
"df64140e5a4911f8c75a5bf3e42631409952e7272a50339beb67b02b4e790533","SOFTWARE_VERSION_MISSING","unknown","2.14.0","RECOVERABLE_FROM_RAW_ARTIFACT","analysis/mettl7-phase2/execution-unit-05O/vdw-probe-validation-aws/point-14/14_MIN01_O3_ACCEPTOR_2.1/dimer.log","4e3e4c3f38502aae28ddb4c976b48960598723bdc3486cc50238139660ed4b70","line 82","PySCF version banner parser","Recovered from an artifact directly linked to the canonical calculation record",""
"e1442f4d675df074ee771c348934c7608df241aa601b4a1d4d67c7f224e6c80c","SOFTWARE_VERSION_MISSING","unknown","","GENUINELY_UNRECOVERABLE","","","","","No exact version exists in a calculation-linked environment artifact or raw output",""
"e2dea81418ec6c0f097259f27c0c09c0aed291280573b8a4d86c1e02dcdc857a","PROTOCOL_SOFTWARE_MISSING","unknown","PySCF","RECOVERABLE_FROM_RAW_ARTIFACT","analysis/mettl7-phase2/execution-unit-05O/vdw-probe-validation-aws/point-7/07_MIN01_O1_ACCEPTOR_1.7/dimer.log","39869740ea6f59cf56c7ac3d08f99ea6be236d0b7ec5e5103a84897b30b7be8c","line 82","PySCF version banner parser","Recovered from an artifact directly linked to the canonical calculation record",""
"e2dea81418ec6c0f097259f27c0c09c0aed291280573b8a4d86c1e02dcdc857a","SOFTWARE_VERSION_MISSING","unknown","2.14.0","RECOVERABLE_FROM_RAW_ARTIFACT","analysis/mettl7-phase2/execution-unit-05O/vdw-probe-validation-aws/point-7/07_MIN01_O1_ACCEPTOR_1.7/dimer.log","39869740ea6f59cf56c7ac3d08f99ea6be236d0b7ec5e5103a84897b30b7be8c","line 82","PySCF version banner parser","Recovered from an artifact directly linked to the canonical calculation record",""
"e576398d470252b3bd4635cd7d861dc31a69d21e4bf81d12540e66b78ec44814","PROTOCOL_SOFTWARE_MISSING","unknown","","GENUINELY_UNRECOVERABLE","","","","","No software identity exists in a calculation-linked input, environment file, or raw output",""
"e576398d470252b3bd4635cd7d861dc31a69d21e4bf81d12540e66b78ec44814","SOFTWARE_VERSION_MISSING","unknown","","GENUINELY_UNRECOVERABLE","","","","","No exact version exists in a calculation-linked environment artifact or raw output",""
"e711aa997d525d82f44c215eca929659fc4080e0dcde192ccb85de38135cea42","PROTOCOL_SOFTWARE_MISSING","unknown","PySCF","RECOVERABLE_FROM_SOFTWARE_ENVIRONMENT_ARTIFACT","analysis/mettl7-phase2/execution-unit-05L/points/phi060_psi060_B_m10/input.json","b390f0c113dd79512a0d7a85153c7243e00c9dab2ee55b8ac293d4123be54752","/software/pyscf","structured calculation environment metadata","Recovered from an artifact directly linked to the canonical calculation record",""
"e711aa997d525d82f44c215eca929659fc4080e0dcde192ccb85de38135cea42","SOFTWARE_VERSION_MISSING","unknown","2.14.0","RECOVERABLE_FROM_SOFTWARE_ENVIRONMENT_ARTIFACT","analysis/mettl7-phase2/execution-unit-05L/points/phi060_psi060_B_m10/input.json","b390f0c113dd79512a0d7a85153c7243e00c9dab2ee55b8ac293d4123be54752","/software/pyscf","structured calculation environment metadata","Recovered from an artifact directly linked to the canonical calculation record",""
"eb47dd05d435893b66ae4e7874776f521c5cb6c273b4155df15968d4acb52bd3","PROTOCOL_SOFTWARE_MISSING","unknown","PySCF","RECOVERABLE_FROM_RAW_ARTIFACT","analysis/mettl7-phase2/execution-unit-05O/vdw-probe-validation-aws/point-16/16_MIN02_S_ACCEPTOR_2.8/dimer.log","14af844ea89a3f7256effcb21f22eda72a8615b48b1d6e9d75a366aa0a85b272","line 82","PySCF version banner parser","Recovered from an artifact directly linked to the canonical calculation record",""
"eb47dd05d435893b66ae4e7874776f521c5cb6c273b4155df15968d4acb52bd3","SOFTWARE_VERSION_MISSING","unknown","2.14.0","RECOVERABLE_FROM_RAW_ARTIFACT","analysis/mettl7-phase2/execution-unit-05O/vdw-probe-validation-aws/point-16/16_MIN02_S_ACCEPTOR_2.8/dimer.log","14af844ea89a3f7256effcb21f22eda72a8615b48b1d6e9d75a366aa0a85b272","line 82","PySCF version banner parser","Recovered from an artifact directly linked to the canonical calculation record",""
"f168354c35e17dd2a366274f9513e79b16bfeb07cc44516300c69df0745a131c","PROTOCOL_SOFTWARE_MISSING","unknown","PySCF","RECOVERABLE_FROM_RAW_ARTIFACT","analysis/mettl7-phase2/execution-unit-05O/vdw-probe-validation-aws/point-17/17_MIN02_SH_DONOR_2.1/dimer.log","6b8c3270fdb7b90952ff0b8957a8e316a33073f92b6d90fecd2b0074976bf36b","line 82","PySCF version banner parser","Recovered from an artifact directly linked to the canonical calculation record",""
"f168354c35e17dd2a366274f9513e79b16bfeb07cc44516300c69df0745a131c","SOFTWARE_VERSION_MISSING","unknown","2.14.0","RECOVERABLE_FROM_RAW_ARTIFACT","analysis/mettl7-phase2/execution-unit-05O/vdw-probe-validation-aws/point-17/17_MIN02_SH_DONOR_2.1/dimer.log","6b8c3270fdb7b90952ff0b8957a8e316a33073f92b6d90fecd2b0074976bf36b","line 82","PySCF version banner parser","Recovered from an artifact directly linked to the canonical calculation record",""
"f4f59db92b889df8c25c236b321e6f600038fad673b6aff184efb18e1fbf4a2f","PROTOCOL_SOFTWARE_MISSING","unknown","","GENUINELY_UNRECOVERABLE","","","","","No software identity exists in a calculation-linked input, environment file, or raw output",""
"f4f59db92b889df8c25c236b321e6f600038fad673b6aff184efb18e1fbf4a2f","SOFTWARE_VERSION_MISSING","unknown","","GENUINELY_UNRECOVERABLE","","","","","No exact version exists in a calculation-linked environment artifact or raw output",""
"f654592c0fb3a59f5f400038c48f859808665a87ebf0bd4f1042fb8a09ac03ca","SOFTWARE_VERSION_MISSING","unknown","","GENUINELY_UNRECOVERABLE","","","","","No exact version exists in a calculation-linked environment artifact or raw output",""
"faa0aec767882131b0cc1dad0513fc87c5a9b98aabb3894d53774b622cd883a7","PROTOCOL_SOFTWARE_MISSING","unknown","PySCF","RECOVERABLE_FROM_RAW_ARTIFACT","analysis/mettl7-phase2/execution-unit-05O/vdw-probe-validation-aws/point-10/10_MIN01_O2_ACCEPTOR_1.7/dimer.log","865d3ebabf83e6d593ef8c33f87fc031041eb091e0da8d4b27442d32dd46bc66","line 82","PySCF version banner parser","Recovered from an artifact directly linked to the canonical calculation record",""
"faa0aec767882131b0cc1dad0513fc87c5a9b98aabb3894d53774b622cd883a7","SOFTWARE_VERSION_MISSING","unknown","2.14.0","RECOVERABLE_FROM_RAW_ARTIFACT","analysis/mettl7-phase2/execution-unit-05O/vdw-probe-validation-aws/point-10/10_MIN01_O2_ACCEPTOR_1.7/dimer.log","865d3ebabf83e6d593ef8c33f87fc031041eb091e0da8d4b27442d32dd46bc66","line 82","PySCF version banner parser","Recovered from an artifact directly linked to the canonical calculation record",""
"fe62070b496fcef20a77377516424ad27f24b592d7c6b05ac218636cad8c76cc","PROTOCOL_SOFTWARE_MISSING","unknown","PySCF","RECOVERABLE_FROM_RAW_ARTIFACT","analysis/mettl7-phase2/execution-unit-05O/vdw-probe-validation-aws/point-3/03_MIN01_S_ACCEPTOR_3.5/dimer.log","dc7f32dd6fa44a7559023323dae1ea3c1b84a2b6c02d7b5f5b6b2ef8156e4b0c","line 82","PySCF version banner parser","Recovered from an artifact directly linked to the canonical calculation record",""
"fe62070b496fcef20a77377516424ad27f24b592d7c6b05ac218636cad8c76cc","SOFTWARE_VERSION_MISSING","unknown","2.14.0","RECOVERABLE_FROM_RAW_ARTIFACT","analysis/mettl7-phase2/execution-unit-05O/vdw-probe-validation-aws/point-3/03_MIN01_S_ACCEPTOR_3.5/dimer.log","dc7f32dd6fa44a7559023323dae1ea3c1b84a2b6c02d7b5f5b6b2ef8156e4b0c","line 82","PySCF version banner parser","Recovered from an artifact directly linked to the canonical calculation record",""
