artifact_id,minimum,role,domain,qm_energy,predicted_energy,energy_error,global_force_rms,sulfur_local_force_rms,baseline_global_force_rms,baseline_sulfur_local_force_rms,S_C,S_H,ANGLE_9_10_26,ANGLE_11_10_26,ANGLE_10_26_56,CHI_SHSC,PHI_SC,PSI_BACKBONE,partition
TSLRSH-GPU-004,MIN01,TORSIONAL_TRANSITION,EXTENDED_BOUND_DOMAIN,-927412.3482120022,-927414.0771806529,-1.728968650684692,10.522236578546114,9.14996744050619,10.69249052391623,10.440552719388728,-2.27970371311871,-0.6596502755896306,7.909725134995613,4.618968880545808,3.419895712007467,1.0970527756480908,8.258253671501851,4.167650395925687,TRAIN
TSLRSH-GPU-006,MIN01,REPULSIVE_STABILITY,STABILITY_GUARD,-927394.7071113738,-927390.8652934842,3.8418178895954043,11.47758440872002,10.949708591859,11.610530581050458,11.890435393463763,-24.19074937126202,1.509522040845133,0.017058088294618124,17.451353537106193,17.59973559627866,10.309735155929664,3.6027032514695114,-3.8476522107872384,TRAIN
TSLRSH-GPU-007,MIN01,LOW_ENERGY_CONFORMER,CORE_EQUILIBRIUM,-927413.4193733858,-927415.270072115,-1.8506987291621044,9.404758369029864,8.811853322152563,9.511346947106158,9.579271598083526,-13.642128991083515,0.7513925507734222,3.4198993920442877,6.50861693939581,8.012491227042215,-4.091864117924717,5.090053541061194,7.4420796158221965,TRAIN
TSLRSH-GPU-008,MIN01,TORSIONAL_TRANSITION,EXTENDED_BOUND_DOMAIN,-927396.7404215627,-927393.5507725781,3.1896489845821634,10.722224114334157,12.928966753472556,10.61461342572317,12.291691455985003,8.544600563597543,6.774616773867094,9.475015232636043,-29.25904873486477,-16.339913057018517,-22.381218056447597,34.536433528799634,-7.515960508476083,TRAIN
TSLRSH-GPU-010,MIN01,SULFUR_ORIENTATION,EXTENDED_BOUND_DOMAIN,-927422.093994593,-927423.0174282348,-0.9234336417866871,9.788293771112405,8.963567971545547,9.836891758213591,9.328545565789188,-10.891419230914032,2.43730733741172,3.114287621205335,16.300957349915716,3.158000167406614,15.188515084337519,-5.024609594490525,7.260707760911388,TRAIN
TSLRSH-GPU-013,MIN01,TORSIONAL_TRANSITION,EXTENDED_BOUND_DOMAIN,-927400.5965920199,-927404.3621361589,-3.765544138965197,10.332573199903443,12.844114105877315,10.037209374872036,11.084033060686432,-0.9072086005164809,-9.962144644076648,-2.553975936266274,-25.47519617733472,33.97740528620462,-22.25710585797667,29.735440777635763,-0.2849412300760401,TRAIN
TSLRSH-GPU-014,MIN01,TORSIONAL_TRANSITION,EXTENDED_BOUND_DOMAIN,-927419.7051212147,-927419.0998156535,0.6053055612137541,9.512940057223812,8.4930190911614,9.663845140400216,9.611893353546769,-9.193055842882623,0.05632764442415373,8.181113799945871,4.216309405973822,8.530079080909577,0.16601127680955974,9.399528644648289,2.130056599645597,TRAIN
TSLRSH-GPU-015,MIN01,S_H_LOCAL_DISTORTION,EXTENDED_BOUND_DOMAIN,-927421.5375971171,-927420.773645635,0.7639514821348712,9.515926698002778,8.503385825772913,9.691590879978518,9.794186058259308,-2.981410319316772,1.085813128771066,8.889427621450144,5.75105572368496,-1.149405872333174,9.25674540501694,-0.23039772760549443,5.095562329417429,TRAIN
TSLRSH-GPU-016,MIN01,S_H_LOCAL_DISTORTION,EXTENDED_BOUND_DOMAIN,-927422.4841417581,-927420.1318254885,2.35231626953464,9.484765476289803,8.208142774646065,9.650984869441972,9.46777362841058,-5.087697465125124,0.08024216455135191,3.6107122304011114,7.966565126886437,2.8977749538436224,9.65080646924691,-2.1829614106162167,8.301600241158605,TRAIN
TSLRSH-GPU-017,MIN01,REPULSIVE_STABILITY,STABILITY_GUARD,-927410.7021165593,-927412.7124137935,-2.010297234286554,10.258419913301333,9.551254141647462,10.266749666351624,9.613700787716178,-2.6888311487705687,1.9816247293876046,2.3596942438341735,9.659716705746277,0.9360193931781046,13.808360109508511,-7.389559487702692,15.168777895165972,TRAIN
TSLRSH-GPU-018,MIN01,TORSIONAL_TRANSITION,EXTENDED_BOUND_DOMAIN,-927410.7492556329,-927415.8539166024,-5.104660969576798,9.704436767534784,9.881754983936858,9.690275750794166,9.783994052635181,-5.522644712623372,0.46798748646440114,6.003647490669814,-14.342813152348057,20.459972424813476,-14.356168335518833,25.92071514484714,-8.968328719125836,TRAIN
TSLRSH-GPU-020,MIN01,TORSIONAL_TRANSITION,EXTENDED_BOUND_DOMAIN,-927421.4939855833,-927422.564101933,-1.070116349728778,9.594266951276115,8.687602350146113,9.731810970920598,9.699574201166476,-11.13881802958698,-0.709063255269051,7.333579131185804,4.737411623384915,12.293725843457452,0.9029431904092874,10.219533390404195,-0.7566461843028516,TRAIN
TSLRSH-GPU-026,MIN02,REPULSIVE_STABILITY,STABILITY_GUARD,-927312.1212976318,-927300.0648611104,12.056436521350406,18.478617311250716,14.167994222201324,18.55343005405685,14.836621701930904,-34.531013557824934,-0.4212650142498241,-0.6776550073523817,12.792034267387676,16.350422980243447,2.520239714481822,5.48620451987052,-13.530586310946465,TRAIN
TSLRSH-GPU-027,MIN02,REPULSIVE_STABILITY,STABILITY_GUARD,-927345.2360210209,-927350.8874502913,-5.651429270394146,16.111897953512823,12.315456344159589,15.913102865542607,10.349182333856529,15.400552607785803,6.760994175169289,11.622636052694082,-19.896704076091915,-26.151564727656815,-5.883460555600631,4.909799900866741,26.68952559299003,TRAIN
TSLRSH-GPU-028,MIN02,REPULSIVE_STABILITY,STABILITY_GUARD,-927371.2753341215,-927369.1662325879,2.10910153365694,12.601580186433303,11.536582170583513,12.806255693050957,13.019034524244388,-3.1918315934703343,5.1864682400984625,16.97897316986,-6.187407954560229,-13.507994847376667,-2.410493925415879,13.692822825180544,-5.246936029878855,TRAIN
TSLRSH-GPU-029,MIN02,TORSIONAL_TRANSITION,EXTENDED_BOUND_DOMAIN,-927418.9577162348,-927417.5309590381,1.4267571967793629,9.630709465028895,9.267332433638803,9.721501241878993,9.908713418399861,-3.695332795551303,5.689827589075631,7.475325457828329,0.8214389956488845,-10.829756718388069,-2.732493158422719,2.9750247939272594,14.187845785055519,TRAIN
TSLRSH-GPU-030,MIN02,TORSIONAL_TRANSITION,EXTENDED_BOUND_DOMAIN,-927411.7397289391,-927413.581411342,-1.841682402882725,10.590659439493741,9.757489533644138,10.723302841917382,10.72374455738869,1.1532825793083663,3.6505891232493957,5.928312502729347,2.2996878476556777,-11.162139460477531,-1.8042276820775984,1.6150886493935155,15.641022124789101,TRAIN
TSLRSH-GPU-031,MIN02,TORSIONAL_TRANSITION,EXTENDED_BOUND_DOMAIN,-927401.6871544289,-927398.2023054024,3.4848490265430883,10.598795755967464,12.721733660502117,10.805532385033016,13.885889163454255,11.05282448873149,-2.279260028231215,10.859690276763995,-19.468550372881612,-12.370406546561263,-12.593530083669183,26.959094143194967,-5.644265436810678,TRAIN
TSLRSH-GPU-033,MIN02,S_H_LOCAL_DISTORTION,EXTENDED_BOUND_DOMAIN,-927405.4531045142,-927409.1911478337,-3.738043319550343,10.20966460623446,8.53053973145578,10.424029920748602,10.184897988100017,-4.089972227587124,4.157231621398001,8.4489585020865,2.166052135410923,-7.322558371575002,0.7699403082201504,3.7356433282037194,6.440596988149873,TRAIN
TSLRSH-GPU-034,MIN02,S_H_LOCAL_DISTORTION,EXTENDED_BOUND_DOMAIN,-927420.6761521456,-927418.960059371,1.716092774644494,9.603983723195064,8.2278844294175,9.790373496905119,9.643777846798217,-4.60301061130101,2.7897308462478354,6.289551637003245,7.005795557379598,-4.765863414481116,3.110591412503986,-0.6901296051518037,8.916784998306412,TRAIN
TSLRSH-GPU-035,MIN02,SULFUR_ORIENTATION,EXTENDED_BOUND_DOMAIN,-927418.4943151327,-927417.5055170438,0.988798088976182,9.587920612609384,8.478033412558998,9.972816072095263,11.161492807123,-10.099458348099978,-2.8133908263678986,10.131848043539334,-2.182013737913798,-2.964773165236539,-2.614440923158203,4.7029207645604725,5.708238618501687,TRAIN
TSLRSH-GPU-036,MIN02,S_H_LOCAL_DISTORTION,EXTENDED_BOUND_DOMAIN,-927415.8153214507,-927419.6096502255,-3.794328774791211,9.744875764116475,10.06873107626347,9.566629751255043,8.791129248444028,-13.45761618818055,-4.0604749939671985,-1.67845678772461,28.798658574220603,11.784608257148077,12.911808706107362,-17.221594894143983,16.42139560413882,TRAIN
TSLRSH-GPU-037,MIN02,S_H_LOCAL_DISTORTION,EXTENDED_BOUND_DOMAIN,-927418.0929069057,-927418.0757774644,0.017129441257566214,9.627341057945932,9.080958560561927,9.78023559818932,10.160462388552482,-7.012124443316363,-0.026812574636590748,-2.3465359792795333,4.804326325406019,1.0212726228395068,-2.006635393853672,-1.7108665758628487,15.393127969164562,TRAIN
TSLRSH-GPU-038,MIN02,S_H_LOCAL_DISTORTION,EXTENDED_BOUND_DOMAIN,-927414.5474864775,-927418.4063465119,-3.858860034379177,9.849884233613198,10.654008692565531,9.613101058913845,9.01378661243,-4.390338969280705,-3.024822196022755,-7.415004976546925,31.340426219652226,10.21939900232436,18.042088376990144,-22.55561949714029,20.311836691400256,TRAIN
TSLRSH-GPU-039,MIN02,LOW_ENERGY_CONFORMER,CORE_EQUILIBRIUM,-927411.4799420353,-927411.8856026127,-0.4056605774676427,10.595527904831705,9.708916595759133,10.572777871031416,9.533729792695881,-2.4306614497022556,2.797917880092861,11.367727135099878,6.043672147247026,-5.690060957540618,18.23271901243751,-0.6657081781073583,11.245505636045054,TRAIN
TSLRSH-GPU-040,MIN02,TORSIONAL_TRANSITION,EXTENDED_BOUND_DOMAIN,-927415.2526265198,-927411.7572123983,3.4954141214257106,9.933782924654798,9.581380068646702,10.344966933066438,12.25442481654622,7.48176874876134,-5.473379267653702,11.454952480190798,-8.248021527777771,-12.710557071356238,-6.260025055010146,16.188915739412643,-3.496394471275571,TRAIN
TSLRSH-GPU-041,MIN04,TORSIONAL_TRANSITION,EXTENDED_BOUND_DOMAIN,-927322.7965683736,-927321.6321300623,1.1644383112434298,19.550809169166268,37.75793747262651,20.381053045533587,40.71528129236809,0.7977682698466297,2.293855981520659,-21.93204377494564,-9.745084273675666,12.770059944204098,1.420843191974913,16.07873030548759,-15.975802162945907,TRAIN
TSLRSH-GPU-043,MIN04,TORSIONAL_TRANSITION,EXTENDED_BOUND_DOMAIN,-927332.9939891673,-927335.4167662702,-2.4227771029109135,13.985016536561817,26.528216105648035,15.843388153522596,33.041974431544986,10.543540463342145,7.69993651837025,-37.83016360451524,-53.46889767090807,5.338428133097569,63.58740382050427,-46.94317206372352,-17.65054773774372,TRAIN
TSLRSH-GPU-045,MIN04,LOW_ENERGY_CONFORMER,CORE_EQUILIBRIUM,-927399.9555201621,-927401.3752088983,-1.4196887362049893,10.566463058730111,8.613891457183856,10.616072848298193,9.030789227869693,-11.591835685420426,3.8294135050979192,2.057879390727941,5.247929435743731,-1.0353713175084385,-13.873042292559461,-3.405656569441533,16.10098517874363,TRAIN
TSLRSH-GPU-046,MIN04,EQUILIBRIUM_MINIMUM,CORE_EQUILIBRIUM,-927408.4437214141,-927411.067107163,-2.6233857489423826,10.406617741865189,12.070233214820092,10.159378648840377,10.492735667909457,-25.433371634343022,-1.7284121541054864,4.976731790239978,-2.320697574395545,21.83432250828022,-16.813649308693616,-7.378811090310765,38.028556367061604,TRAIN
TSLRSH-GPU-047,MIN04,TORSIONAL_TRANSITION,EXTENDED_BOUND_DOMAIN,-927336.5901252235,-927328.0785114524,8.511613771086559,27.100708044607106,64.48590175608173,27.452753328814346,65.51998585920853,-16.628983244624294,-0.23179572864145762,-16.000837111569993,-12.796945542740236,20.289284291346142,4.311490950289133,7.808443570716482,22.58385651145243,TRAIN
TSLRSH-GPU-049,MIN04,TORSIONAL_TRANSITION,EXTENDED_BOUND_DOMAIN,-927335.9717238874,-927340.7562287179,-4.784504830488004,20.17394626983152,44.544538748033254,20.602815341477516,45.89805197994618,-2.402664546162871,-6.532548264142803,-21.08592364680835,-7.696365959781413,20.347403010942664,-12.42172255400949,20.991052527244115,-8.94548126774581,TRAIN
TSLRSH-GPU-050,MIN04,LOW_ENERGY_CONFORMER,CORE_EQUILIBRIUM,-927401.6057602691,-927398.3030112638,3.30274900526274,10.009315320613586,11.44579354336453,9.58172587256127,8.50692261651689,-23.72356301544132,1.0439610223263163,9.663422409218391,6.662684454861104,15.658531210458548,32.85562148638383,4.637656062621979,-6.001864998266479,TRAIN
TSLRSH-GPU-051,MIN04,TORSIONAL_TRANSITION,EXTENDED_BOUND_DOMAIN,-927314.6066545151,-927312.481320299,2.1253342161653563,22.483755542938116,48.82055124731422,23.472383274197977,51.975771440983664,-5.588676715650305,-6.38573016110985,-24.10945278568976,-7.068545917905676,8.425658858530138,8.701172666311411,18.13995014114557,8.468379078954301,TRAIN
TSLRSH-GPU-052,MIN04,TORSIONAL_TRANSITION,EXTENDED_BOUND_DOMAIN,-927411.0287238638,-927411.6550063705,-0.6262825067387894,9.609271093563212,9.089868345510853,9.80282441129124,10.436792369394228,-16.54842603011927,-4.554624113826972,-7.232222896138079,14.05933821021442,4.451762642005638,0.49754678661175805,11.905153330850471,-15.209299889915336,TRAIN
TSLRSH-GPU-056,MIN04,REPULSIVE_STABILITY,STABILITY_GUARD,-927349.3449305275,-927343.9616716832,5.383258844260126,13.176689513121744,8.69718447519745,13.511540733724653,11.755727247296585,-4.541159355979412,3.4461442957891517,-4.6979218879404,7.764435333611728,-7.467507898900466,5.296449840877055,1.3224016302384012,-5.971715958301231,TRAIN
TSLRSH-GPU-058,MIN04,REPULSIVE_STABILITY,STABILITY_GUARD,-927374.5317411041,-927378.527197021,-3.995455916854553,11.516856838050337,9.32319562210347,11.92623582525391,12.413772324638872,-21.5319211270842,1.0674551550190483,0.8066391657104509,15.408421352444318,4.475227833720047,-3.661925944535637,-1.687527832432159,5.703323663453103,TRAIN
TSLRSH-GPU-059,MIN04,TORSIONAL_TRANSITION,EXTENDED_BOUND_DOMAIN,-927327.0749016798,-927327.5939768662,-0.519075186457485,20.849787022608876,46.06231520455728,21.53052587832774,48.204630088491776,-7.447464432332171,-3.1546306955339825,-18.14994010289376,-6.989107124375124,5.710128474371771,8.00011881401718,10.737250766804136,15.805529248777104,TRAIN
TSLRSH-GPU-060,MIN04,TORSIONAL_TRANSITION,EXTENDED_BOUND_DOMAIN,-927333.190833418,-927337.5909523,-4.400118881952949,17.641638147285914,35.14136770289146,18.317594782024855,37.48418197827796,3.7985501115253837,4.146546885058751,-15.890178205710212,-15.42034164527879,5.810348671576734,-0.27083827970122637,14.974927463476927,-17.689595482375395,TRAIN
TSLRSH-GPU-001,MIN01,TORSIONAL_TRANSITION,EXTENDED_BOUND_DOMAIN,-927371.3309765671,-927373.8968336653,-2.565857098205015,12.881536985702942,19.335229449610978,11.574730482914863,12.252911177989631,3.2226124448435036,-24.49456154633053,-1.4074482679796483,-67.21228024379575,51.80338559183756,-51.84764702717688,50.83080214657182,-9.685435355360365,VALIDATION
TSLRSH-GPU-012,MIN01,SULFUR_ORIENTATION,EXTENDED_BOUND_DOMAIN,-927402.695374534,-927408.770658278,-6.0752837440231815,10.670505107228399,11.671222474741564,10.823572394881477,12.619338931254836,-4.8494249188471,5.458455259280372,2.3965739879601906,-13.03295139663336,13.467059476722866,5.904161590387125,11.221642659653325,-0.16650509600210237,VALIDATION
TSLRSH-GPU-019,MIN01,TORSIONAL_TRANSITION,EXTENDED_BOUND_DOMAIN,-927383.0655152167,-927381.4580073471,1.6075078696012497,11.358735232302736,15.263234207271541,10.766092879491895,11.88198414205548,13.232049899571807,13.891552359189925,5.634091811544227,-48.74336226613931,-21.8800334618243,-35.362271653614144,45.67394284781862,-16.256118025403982,VALIDATION
TSLRSH-GPU-021,MIN02,TORSIONAL_TRANSITION,EXTENDED_BOUND_DOMAIN,-927275.8795147784,-927266.8242110797,9.055303698638454,18.916607142168953,27.57464289745255,19.282383464348595,29.294486426411666,6.424016379514558,-4.850684178043255,15.296054030499441,-38.70488003490952,-14.744358672696366,20.762333893399166,-16.50938646647262,28.59800183772211,VALIDATION
TSLRSH-GPU-023,MIN02,S_H_LOCAL_DISTORTION,EXTENDED_BOUND_DOMAIN,-927400.3905794591,-927391.9593283396,8.431251119589433,14.6190241874526,30.13428623841311,15.628239718659648,33.492644963821256,-2.4661297671563758,-141.40081675300948,4.793508404210079,39.28195985415885,36.114366802692345,12.00743266430468,-30.004080864347053,9.811443121384954,VALIDATION
TSLRSH-GPU-025,MIN02,LOW_ENERGY_CONFORMER,CORE_EQUILIBRIUM,-927411.227679355,-927382.3760150869,28.85166426806245,10.94180073794785,11.776726816158517,10.677074006984713,9.931245452315363,-3.033822712687295,-4.172296714823343,12.33133701588851,8.371123484842427,3.8157795780258095,33.295581703503025,-7.221196740729007,17.84457973026039,VALIDATION
TSLRSH-GPU-032,MIN02,REPULSIVE_STABILITY,STABILITY_GUARD,-927395.3069740782,-927391.9310179205,3.3759561576880515,10.431551558619535,10.184090337777148,10.411021853688856,10.035957992785297,-7.892107838184112,-0.6221032075666252,4.978016785364022,11.932387514899702,4.471356011505567,7.024285937618237,-10.337004639552605,21.84499798850436,VALIDATION
TSLRSH-GPU-048,MIN04,TORSIONAL_TRANSITION,EXTENDED_BOUND_DOMAIN,-927398.2658530438,-927371.6227541873,26.643098856438883,11.391485735408938,11.30252964456608,11.068653150026707,8.774458583598813,-9.096689515730136,-4.0946714876337325,3.2053640609655827,-2.005685544615115,10.473680535924048,13.051271924049246,-3.5605865522872073,25.26845018611675,VALIDATION
TSLRSH-GPU-053,MIN04,TORSIONAL_TRANSITION,EXTENDED_BOUND_DOMAIN,-927326.1185361394,-927324.0457096465,2.0728264928329736,21.572238630531913,47.305450796857485,19.03245850245613,38.934774365592666,20.89910679648102,-29.698889364471565,0.9404069298676022,-3.4021117255144455,73.30784545350458,-140.16630280294385,139.15260961803423,-106.56714075809593,VALIDATION
TSLRSH-GPU-054,MIN04,TORSIONAL_TRANSITION,EXTENDED_BOUND_DOMAIN,-927375.705924162,-927384.7288314607,-9.022907298756763,12.950056922880071,22.778188782300102,12.272900006028864,19.982156689585516,-24.48747485661447,-10.01175780089851,27.257399273003607,9.542032147560578,29.361297599066436,29.145688869245326,-72.04761060527504,49.49041084506009,VALIDATION
TSLRSH-GPU-055,MIN04,LOW_ENERGY_CONFORMER,CORE_EQUILIBRIUM,-927403.2227493697,-927401.8556479216,1.367101448122412,9.870295118877687,13.11726610720564,9.056139691099899,8.01244361752805,-26.072488534437525,0.21007121922483257,14.161907155107281,11.193628861236501,16.269279363798752,46.52668774301717,12.85574327271868,-18.99672571130378,VALIDATION
TSLRSH-GPU-002,MIN01,HIGH_STRAIN_STRESS_TEST,STRESS_TEST_ONLY,-927249.4351605177,-927220.7091871164,28.725973401335068,23.001370697522262,21.425718250615756,23.53033879826393,25.12683689859336,-23.863667781264688,-2.887535046876533,21.025602743341743,28.700110006040052,9.921746629181177,17.918714412954518,33.82105932886854,-52.43799402658293,STRESS_TEST
TSLRSH-GPU-003,MIN01,HIGH_STRAIN_STRESS_TEST,STRESS_TEST_ONLY,-927281.2662327978,-927269.8096842004,11.456548597314395,22.783582051878483,22.455263641077636,23.039090555349354,24.211473369265725,-17.269296717119136,-7.774718265492392,-16.14722680394262,14.46111997790403,41.12107736284933,0.26742416680735914,17.613836765904328,-18.82824835277073,STRESS_TEST
TSLRSH-GPU-005,MIN01,HIGH_STRAIN_STRESS_TEST,STRESS_TEST_ONLY,-927274.9425285175,-927263.2527952789,11.689733238541521,21.946113043329422,21.841212563198464,21.925619324192713,21.6966564590619,-9.092907453957924,9.001031825612296,-5.361039074942026,54.69044861823441,-8.582971531068996,36.93531903875441,-36.80574554531771,32.89382070213649,STRESS_TEST
TSLRSH-GPU-009,MIN01,HIGH_STRAIN_STRESS_TEST,STRESS_TEST_ONLY,-927359.0396933089,-927357.7086643921,1.3310289167566225,13.975058355698271,11.923368834884288,14.019901541056122,12.28635041836428,0.46539490087743945,0.971046168087812,0.8229855610647288,13.66627757937575,4.901589901771266,16.638391636457648,-7.612632338056195,15.70986379698759,STRESS_TEST
TSLRSH-GPU-011,MIN01,HIGH_STRAIN_STRESS_TEST,STRESS_TEST_ONLY,-927335.9212845863,-927337.4275098859,-1.5062252995558083,15.711672171970921,18.003749579143157,15.651912909106052,17.635621503984027,-23.711213519366336,3.4423309382669625,3.5334461196769094,32.44378647595718,8.262334760286228,13.937366084260285,-1.2099700209716213,9.490792936662013,STRESS_TEST
TSLRSH-GPU-022,MIN02,HIGH_STRAIN_STRESS_TEST,STRESS_TEST_ONLY,-927255.0230735063,-927261.2387951446,-6.215721638291143,19.04631604929582,24.573568804938702,19.070866939137684,24.70649629420318,18.44497848053446,1.7704976871044227,-25.39345381224249,-38.22489744672087,-26.480744569310254,-44.752099537819525,37.497908204127256,21.41128750933128,STRESS_TEST
TSLRSH-GPU-024,MIN02,HIGH_STRAIN_STRESS_TEST,STRESS_TEST_ONLY,-927221.1128400726,-927182.0990583097,39.01378176291473,23.912804536750592,16.535854723549697,23.974426483859943,17.14907642873217,-23.734631814676337,-3.664890642049967,4.179552435750255,11.55673493901738,17.856047488765025,-3.922406358348745,0.21686221005276335,5.153445655386385,STRESS_TEST
TSLRSH-GPU-042,MIN04,HIGH_STRAIN_STRESS_TEST,STRESS_TEST_ONLY,-927212.3717997662,-927221.0482879401,-8.676488173892722,24.70897998918352,20.89065479088642,24.192035722494825,16.107940887653648,-42.52000904988422,7.019917626871243,-3.7849032364298933,45.358034179821885,-7.07017107544092,31.56449350886685,13.28033343255709,-46.612507536217215,STRESS_TEST
TSLRSH-GPU-044,MIN04,HIGH_STRAIN_STRESS_TEST,STRESS_TEST_ONLY,-927230.0460890171,-927244.2403241454,-14.194235128350556,24.931486190571295,17.31930731597373,24.808694490900685,16.03760071240496,-6.41716728999139,-14.101563657707333,-37.98498421915176,-22.64681878596387,55.31506749368227,-10.400669352489208,26.47394593659205,21.361928064904653,STRESS_TEST
TSLRSH-GPU-057,MIN04,HIGH_STRAIN_STRESS_TEST,STRESS_TEST_ONLY,-927309.2904722402,-927312.8811865282,-3.5907142880605534,17.479624877976597,16.21421657286912,17.1024845669188,13.09979642896504,-46.04526765613909,-10.045673110490874,-6.353688318541724,2.8019078678372,51.857577117744064,-17.492343586816013,11.574338662891257,28.692007118464886,STRESS_TEST
